window,sex,age,mx,ax,qx,lx,dx,Lx,Tx,ex
2011-2013,m,0,0.009798661508485584,0.06879960748877531,0.009710061879495592,100000.0,971.0061879495624,99095.79865665054,7310965.748476986,73.10965748476985
2011-2013,m,1,0.00039502271380604387,0.5,0.00039494470774091627,99028.99381205044,39.11097701897961,99009.43832354095,7211869.949820335,72.82584293957304
2011-2013,m,2,0.0002555729092716172,0.5,0.0002555402546884538,98989.88283503146,25.295899871242,98977.23488509584,7112860.511496794,71.85441893441285
2011-2013,m,3,0.00026049958030623175,0.5,0.00026046565470936374,98964.58693516022,25.77687592910661,98951.69849719567,7013883.276611699,70.8726575214937
2011-2013,m,4,0.0003274394237066143,0.5,0.0003273858241938124,98938.81005923111,32.39116387598915,98922.61447729311,6914931.578114503,69.89099195729949
2011-2013,m,5,0.00018209408194233686,0.5,0.00018207750432434072,98906.41889535512,18.00863391412713,98897.41457839805,6816008.9636372095,68.91371702425782
2011-2013,m,6,0.0001219958521410272,0.5,0.0001219884111009454,98888.410261441,12.063240044080885,98882.37864141895,6717111.549058812,67.92617589159462
2011-2013,m,7,0.00012121212121212121,0.5,0.00012120477546815344,98876.34702139691,11.984285439844825,98870.354878677,6618229.170417393,66.9344021071612
2011-2013,m,8,0.00017929715515180492,0.5,0.00017928108285774046,98864.36273595707,17.724510007334175,98855.5004809534,6519358.815538716,65.94245525003134
2011-2013,m,9,0.00023588382721509657,0.5,0.00023585600990595244,98846.63822594973,23.313573684587027,98834.98143910745,6420503.315057762,64.95418994808281
2011-2013,m,10,0.00017394329448599757,0.5,0.00017392816766675364,98823.32465226515,17.188159779499983,98814.7305723754,6321668.333618655,63.969395442452914
2011-2013,m,11,8.632845097982792e-05,0.5,8.632472483993958e-05,98806.13649248565,8.52941254520556,98801.87178621304,6222853.603046279,62.9804364784523
2011-2013,m,12,0.00023048112935753384,0.5,0.00023045457164256496,98797.60707994044,22.76836021892086,98786.22289983099,6124051.731260066,61.98583055058096
2011-2013,m,13,0.00023044129508007836,0.5,0.0002304147465437788,98774.83871972152,22.75917942849628,98763.45913000728,6025265.508360235,61.00000350754531
2011-2013,m,14,0.0002264556854530529,0.5,0.00022643004726727238,98752.07954029302,22.3604380380566,98740.89932127399,5926502.049230228,60.01394681326265
2011-2013,m,15,0.00021832869384858904,0.5,0.00021830486274081756,98729.71910225497,21.553177777052042,98718.94251336643,5827761.149908954,59.02742561105747
2011-2013,m,16,0.00028974818248867347,0.5,0.0002897062115645452,98708.16592447791,28.596368800470373,98693.86774007768,5729042.207395588,58.04020522252338
2011-2013,m,17,0.0004115967380958506,0.5,0.0004115120495872019,98679.56955567744,40.607831920235185,98659.26563971733,5630348.33965551,57.056879808122076
2011-2013,m,18,0.0005586308465796557,0.5,0.0005584748559388724,98638.96172375721,55.087379938631784,98611.4180337879,5531689.074015792,56.08016322705761
2011-2013,m,19,0.000699632692836261,0.5,0.0006993880354689646,98583.87434381858,68.9483822062466,98549.40015271545,5433077.6559820045,55.111220695524125
2011-2013,m,20,0.00044160942100098134,0.5,0.00044151193308641364,98514.92596161233,43.49551539917593,98493.17820391274,5334528.255829289,54.14944186130698
2011-2013,m,21,0.0007752313581084355,0.5,0.0007749309827093524,98471.43044621315,76.30856236447289,98433.27616503093,5236035.077625376,53.17313919274679
2011-2013,m,22,0.0005533368618582496,0.5,0.0005531838133605916,98395.12188384868,54.430588739778614,98367.9065894788,5137601.801460345,52.21398889596446
2011-2013,m,23,0.000546759853563448,0.5,0.0005466104212465095,98340.6912951089,53.75404669449199,98313.81427176166,5039233.894870866,51.242612071423366
2011-2013,m,24,0.0006821442852774446,0.5,0.0006819117041914056,98286.93724841441,67.02301287882437,98253.42574197499,4940920.080599104,50.27036368130204
2011-2013,m,25,0.0005867305029453871,0.5,0.0005865584270849218,98219.91423553559,57.61171840240422,98191.10837633439,4842666.654857129,49.30432583400761
2011-2013,m,26,0.0009637987776210626,0.5,0.0009633345472915027,98162.30251713318,94.56313725642394,98115.02094850497,4744475.546480794,48.3329692236253
2011-2013,m,27,0.000608599985955385,0.5,0.0006084148453222259,98067.73937987676,59.66586848591396,98037.9064456338,4646360.525532289,47.379092807820044
2011-2013,m,28,0.0008338351785797007,0.5,0.0008334876829042415,98008.07351139084,81.6885220969125,97967.22925034238,4548322.619086656,46.4076321075532
2011-2013,m,29,0.0008053011826423082,0.5,0.0008049770581538427,97926.38498929393,78.82849330431782,97886.97074264177,4450355.389836313,45.44592747218087
2011-2013,m,30,0.0007348044731222301,0.5,0.0007345346034660851,97847.55649598961,71.87241611089848,97811.62028793417,4352468.419093671,44.48213706054133
2011-2013,m,31,0.000737565113170147,0.5,0.0007372932122943644,97775.68407987872,72.08934819952992,97739.63940577896,4254656.798805737,43.51446720976002
2011-2013,m,32,0.0009750435287289611,0.5,0.0009745684054204566,97703.59473167919,95.218836521497,97655.98531341844,4156917.159399958,42.54620488443634
2011-2013,m,33,0.0008454077918418148,0.5,0.0008450505856670033,97608.37589515769,82.4840152162069,97567.13388754959,4059261.1740865395,41.587221761036574
2011-2013,m,34,0.0009963467286615742,0.5,0.000995850622406639,97525.89187994148,97.12122012939653,97477.33126987678,3961694.04019899,40.62197190748077
2011-2013,m,35,0.001215066828675577,0.5,0.001214329083181542,97428.77065981209,118.31058975083579,97369.61536493668,3864216.7089291136,39.661967227541396
2011-2013,m,36,0.0014135799511236762,0.5,0.001412581552642605,97310.46007006125,137.45896077413636,97241.73058967417,3766847.093564177,38.70958056155664
2011-2013,m,37,0.000992303596495474,0.5,0.0009918115074325385,97173.00110928711,96.37730071194528,97124.81245893115,3669605.3629745026,37.763631060930436
2011-2013,m,38,0.0014465038736883398,0.5,0.001445458443069762,97076.62380857517,140.32022550881084,97006.46369582077,3572480.5505155716,36.800626251280896
2011-2013,m,39,0.0015324912870455052,0.5,0.0015313179213594153,96936.30358306636,148.44029890708043,96862.08343361282,3475474.0868197507,35.85317325249109
2011-2013,m,40,0.0016886858051057912,0.5,0.001687261178105305,96787.86328415928,163.30640423113073,96706.21008204372,3378612.003386138,34.90739322829019
2011-2013,m,41,0.0016154687344666467,0.5,0.0016141649179880055,96624.55687992815,155.9679699317203,96546.57289496229,3281905.793304094,33.96554560537235
2011-2013,m,42,0.002446316933949443,0.5,0.0024433283561829788,96468.58890999643,235.70443876474747,96350.73669061405,3185359.2204091316,33.019651851454135
2011-2013,m,43,0.0027928170704818833,0.5,0.002788922595165867,96232.88447123168,268.3860658998019,96098.69143828178,3089008.4837185177,32.099302652015595
2011-2013,m,44,0.0027108142124116566,0.5,0.0027071449289374455,95964.49840533188,259.78980521601625,95834.60350272387,2992909.792280236,31.187677130753876
2011-2013,m,45,0.0034949968880164696,0.5,0.0034889000406241786,95704.70860011586,333.90416172286496,95537.75651925443,2897075.188777512,30.270978629509194
2011-2013,m,46,0.003478466635115949,0.5,0.003472427273908371,95370.804438393,331.1681824664556,95205.22034715977,2801537.4322582576,29.375210251770252
2011-2013,m,47,0.0037752766569925204,0.5,0.0037681637267139257,95039.63625592654,358.1249099396664,94860.57380095671,2706332.211911098,28.47582670269674
2011-2013,m,48,0.004798052134059009,0.5,0.004786569030183962,94681.51134598687,453.1995899397152,94454.91155101702,2611471.6381101413,27.58164293097577
2011-2013,m,49,0.0054003002857557995,0.5,0.005385757930709689,94228.31175604716,507.49087733752094,93974.5663173784,2517016.7265591244,26.711894542646238
2011-2013,m,50,0.0053853431336875045,0.5,0.0053708811148207285,93720.82087870964,503.36338692296704,93469.13918524815,2423042.160241746,25.85382989098619
2011-2013,m,51,0.005525390484847036,0.5,0.005510167571113364,93217.45749178667,513.6438113328768,92960.63558612023,2329573.021056498,24.990737612230575
2011-2013,m,52,0.00684931506849315,0.5,0.006825938566552901,92703.8136804538,632.7905370679364,92387.41841191982,2236612.3854703777,24.126433386871096
2011-2013,m,53,0.008148095204059753,0.5,0.00811503416856492,92071.02314338586,747.1594987433054,91697.4433940142,2144224.967058458,23.28881437234787
2011-2013,m,54,0.009190603028339692,0.5,0.009148562624658125,91323.86364464255,835.4820856787555,90906.12260180317,2052527.5236644435,22.47525938730751
2011-2013,m,55,0.01047589093460431,0.5,0.010421304708841261,90488.3815589638,943.0069968358584,90016.87806054586,1961621.4010626404,21.67815765148163
2011-2013,m,56,0.00937766410912191,0.5,0.009333899024183284,89545.37456212794,835.807484245568,89127.47082000515,1871604.5230020946,20.901185931201248
2011-2013,m,57,0.011694316018493337,0.5,0.011626335000675949,88709.56707788237,1031.3671446124063,88193.88350557617,1782477.0521820895,20.093402672308926
2011-2013,m,58,0.013178490280232264,0.5,0.013092222417295778,87678.19993326996,1147.9024946745049,87104.24868593272,1694283.1686765132,19.32388176269582
2011-2013,m,59,0.013448657771214598,0.5,0.013358828614087015,86530.29743859546,1155.9434134081675,85952.32573189138,1607178.9199905805,18.573597544040386
2011-2013,m,60,0.014771499043871076,0.5,0.014663200319124058,85374.35402518729,1251.8612551871338,84748.42339759372,1521226.594258689,17.8183086903345
2011-2013,m,61,0.016963947973346525,0.5,0.016821270395429692,84122.49277000016,1415.0471972217492,83414.96917138928,1436478.1708610954,17.076029532179692
2011-2013,m,62,0.01834171610999006,0.5,0.018175035439826903,82707.44557277841,1503.2107544228056,81955.840195567,1353063.2016897062,16.35962992593065
2011-2013,m,63,0.01957178919811762,0.5,0.019382117835869263,81204.2348183556,1573.9100480209745,80417.27979434512,1271107.361494139,15.653215184373794
2011-2013,m,64,0.021744276487098847,0.5,0.021510412310780293,79630.32477033463,1712.8811182512436,78773.884211209,1190690.081699794,14.952721656403089
2011-2013,m,65,0.02444176222088111,0.5,0.024146668654046806,77917.44365208338,1881.4466942372237,76976.72030496478,1111916.197488585,14.270439908854147
2011-2013,m,66,0.02456725755995829,0.5,0.024269144399348973,76035.99695784616,1845.328589718425,75113.33266298694,1034939.4771836203,13.611177844585686
2011-2013,m,67,0.02655762212548916,0.5,0.026209589932740286,74190.66836812774,1944.5069947645534,73218.41487074546,959826.1445206334,12.937289360409295
2011-2013,m,68,0.030076193022323217,0.5,0.029630605122802394,72246.16137336318,2140.6974792923866,71175.812633717,886607.7296498879,12.272039272342239
2011-2013,m,69,0.03344925414111833,0.5,0.03289903013119107,70105.4638940708,2306.401769012169,68952.26300956472,815431.9170161709,11.631503048725087
2011-2013,m,70,0.03406510219530658,0.5,0.033494603647190174,67799.06212505863,2270.9027135300566,66663.6107682936,746479.6540066062,11.010176698752685
2011-2013,m,71,0.03977188928764564,0.5,0.03899640885975272,65528.15941152857,2555.362896239021,64250.47796340906,679816.0432383126,10.374410777646693
2011-2013,m,72,0.04463447700490145,0.5,0.04366010404978068,62972.79651528955,2749.3988481632114,61598.09709120794,615565.5652749036,9.775102891062598
2011-2013,m,73,0.05229820627802691,0.5,0.05096550405593641,60223.39766712634,3069.315818066192,58688.739758093245,553967.4681836956,9.198542255049242
2011-2013,m,74,0.05698463737048946,0.5,0.05540599218410768,57154.081849060145,3166.6786122188787,55570.742542950706,495278.72842560237,8.665675528365554
2011-2013,m,75,0.05923559051247389,0.5,0.05753163046073049,53987.403236841266,3105.983332556396,52434.41157056307,439707.98588265164,8.144640407201374
2011-2013,m,76,0.06765917009819448,0.5,0.0654451865923157,50881.41990428487,3329.944019717892,49216.447894425924,387273.57431208855,7.611296521217466
2011-2013,m,77,0.07634882931795046,0.5,0.07354142833796372,47551.47588456698,3497.0034561292923,45802.97415650233,338057.1264176626,7.109287779801181
2011-2013,m,78,0.08724075743913436,0.5,0.08359434064153795,44054.472428437686,3682.704574966061,42213.120140954656,292254.15226116026,6.633926957947333
2011-2013,m,79,0.09571614019904803,0.5,0.09134456557647837,40371.767853471625,3687.741596129803,38527.89705540672,250041.03212020558,6.1934625460971535
2011-2013,m,80,0.10745512719884914,0.5,0.10197619471184138,36684.02625734182,3740.897404432988,34813.57755512533,211513.13506479887,5.765810262510848
2011-2013,m,81,0.12035769168542511,0.5,0.11352583779367476,32943.128852908834,3739.8963025714547,31073.180701623107,176699.55750967353,5.363775805833064
2011-2013,m,82,0.13457592410301744,0.5,0.12609148504246187,29203.23255033738,3682.278960312404,27362.093070181178,145626.3768080504,4.986652643916573
2011-2013,m,83,0.15018702443195403,0.5,0.139696707984396,25520.953590024976,3565.1932011490426,23738.356989450454,118264.28373786923,4.634007241175094
2011-2013,m,84,0.16725905262930807,0.5,0.15435077078246848,21955.760388875933,3388.888539138192,20261.316119306837,94525.92674841879,4.305290505734938
2011-2013,m,85,0.18584729342469278,0.5,0.17004599908122137,18566.87184973774,3157.2222735016585,16988.260712986914,74264.61062911195,3.9998450589920425
2011-2013,m,86,0.20599032444319215,0.5,0.18675541969585527,15409.649576236083,2877.835573976028,13970.731789248068,57276.34991612504,3.7169144978126876
2011-2013,m,87,0.22770594767814686,0.5,0.20443088363208448,12531.814002260055,2561.889809994953,11250.869097262577,43305.61812687697,3.455654394413052
2011-2013,m,88,0.25098720324925544,0.5,0.22300189258025135,9969.924192265102,2223.3119637567515,8858.268210386726,32054.749029614395,3.215144710376355
2011-2013,m,89,0.2757987387612132,0.5,0.24237533316442464,7746.61222850835,1877.5877197803175,6807.818368618191,23196.48081922767,2.9944032481530667
2011-2013,m,90,0.3020738482223138,0.5,0.2624362797532134,5869.024508728033,1540.244957851016,5098.902029802524,16388.662450609478,2.7923997295014393
2011-2013,m,91,0.3297125110439475,0.5,0.28304995528929267,4328.779550877017,1225.2608583329438,3716.149121710545,11289.760420806953,2.6080700779783603
2011-2013,m,92,0.35858074435507553,0.5,0.30406484510932014,3103.518692544073,943.6709305422933,2631.683227272926,7573.611299096408,2.440330492383157
2011-2013,m,93,0.3885115238575553,0.5,0.32531685108229363,2159.8477620017798,702.6348727515583,1808.5303256260006,4941.928071823482,2.2880909287991797
2011-2013,m,94,0.419307428201218,0.5,0.34663426674383235,1457.2128892502215,505.11992135491187,1204.6529285727656,3133.397746197482,2.150267657740597
2011-2013,m,95,0.4507450251430847,0.5,0.36784326441039567,952.0929678953096,350.2209853327928,776.9824752289132,1928.744817624716,2.0257946258004473
2011-2013,m,96,0.4825808582684533,0.5,0.38877352708265306,601.8719825625168,233.99189351305876,484.8760358059874,1151.7623423958028,1.9136334233271417
2011-2013,m,97,0.5145587311628124,0.5,0.40926364119947517,367.88008904945804,150.5599447691684,292.60011666487384,666.8863065898154,1.812781736334088
2011-2013,m,98,0.5464178454362437,0.5,0.42916589389722354,217.32014428028964,93.26639398192411,170.68694728932758,374.2861899249415,1.7222802385139417
2011-2013,m,99,0.5779012524719834,0.5,0.44835018557660133,124.05375029836553,55.61952196774554,96.24398931449275,203.59924263561393,1.6412179571027161
2011-2013,m,100,0.6087640425392493,0.5,0.46670686394980115,68.43422833061999,31.93872409100829,52.464866285115846,107.35525332112118,1.5687362295146463
2011-2013,m,101,0.6387807252692951,0.5,0.48414839410660443,36.4955042396117,17.66923976971878,27.66088435475231,54.890387036005336,1.504031474003532
2011-2013,m,102,0.667751347165089,0.5,0.5006098847065947,18.82626446989292,9.424614085728955,14.113957427028442,27.229502681253027,1.446357174297568
2011-2013,m,103,0.6955060292286919,0.5,0.5160485798859133,9.401650384163965,4.851708329331665,6.9757962194981324,13.115545254224585,1.3950258431558211
2011-2013,m,104,0.7219077687508966,0.5,0.5304424911371521,4.549942054832299,2.4134825980949377,3.3432007557848307,6.139749034726454,1.3494125772889103
2011-2013,m,105,0.7468535099186628,0.5,0.5437883798475864,2.1364594567373616,1.1617818265892645,1.5555685434427293,2.796548278941623,1.3089638888875987
2011-2013,m,106,0.7702736273204986,0.5,0.5560993107136013,0.974677630148097,0.5420175582933232,0.7036688510014355,1.2409797354988936,1.2732207009925254
2011-2013,m,107,0.79213007029406,0.5,0.5674019836838295,0.43266007185477384,0.24549218303118692,0.3099139803391804,0.5373108844974581,1.2418776759178536
2011-2013,m,108,0.8124134778843366,0.5,0.5777340240137676,0.18716788882358693,0.10813325757621235,0.13310126003548076,0.22739690415827776,1.2149354549412494
2011-2013,m,109,0.8311395948948834,0.5,0.5871413733138388,0.07903463124737457,0.04640450192993634,0.055832380282406405,0.094295644122797,1.193092732066481
2011-2013,m,110,0.8483453056101042,0.5,1.0,0.032630129317438236,0.032630129317438236,0.0384632638403906,0.0384632638403906,1.1787652897788246
2011-2013,f,0,0.008781426681101889,0.07826741248646699,0.008710919392063825,100000.0,871.0919392063806,99197.08617291313,7713639.852628094,77.13639852628094
2011-2013,f,1,0.0003898401655321318,0.5,0.0003897641926634386,99128.90806079362,38.63689881992468,99109.58961138365,7614442.766455181,76.81354425679145
2011-2013,f,2,0.00042260323593334943,0.5,0.00042251395805039993,99090.2711619737,41.867022672930034,99069.33765063723,7515333.176843797,75.84330014153637
2011-2013,f,3,0.00021513307517364314,0.5,0.0002151099365425687,99048.40413930076,21.306295929054613,99037.75099133624,7416263.83919316,74.87514719331566
2011-2013,f,4,6.295247088448222e-05,0.5,6.295048944005539e-05,99027.09784337171,6.233804277071613,99023.98094123317,7317226.088201824,73.8911494687572
2011-2013,f,5,0.00019138755980861245,0.5,0.0001913692469620132,99020.86403909464,18.94954818469705,99011.38926500229,7218202.10726059,72.89576976838696
2011-2013,f,6,3.195909236177693e-05,0.5,3.1958581678145125e-05,99001.91449090994,3.163960770543781,99000.33251052466,7119190.717995588,71.90962674412978
2011-2013,f,7,9.524414248523716e-05,0.5,9.523960697788854e-05,98998.7505301394,9.428602091793437,98994.0362290935,7020190.385485063,70.91190896745532
2011-2013,f,8,3.1429738818870415e-05,0.5,3.142924491239098e-05,98989.3219280476,3.111159642590792,98987.76634822632,6921196.34925597,69.91861560872981
2011-2013,f,9,3.099141537794031e-05,0.5,3.09909351514682e-05,98986.21076840501,3.0676752388098976,98984.67693078562,6822208.582907744,68.92079745197495
2011-2013,f,10,9.122145528628334e-05,0.5,9.12172947990939e-05,98983.1430931662,9.028974543674849,98978.62860589437,6723223.905976959,67.92291794218778
2011-2013,f,11,6.0302719652656335e-05,0.5,6.03009014984774e-05,98974.11411862253,5.968228306359379,98971.13000446935,6624245.277371064,66.92906863941988
2011-2013,f,12,9.035872413481521e-05,0.5,9.035464196973118e-05,98968.14589031617,8.942231388326036,98963.674774622,6525274.1473665945,65.9330746137084
2011-2013,f,13,0.00012034780515690345,0.5,0.00012034056379554137,98959.20365892784,11.908806361068855,98953.2492557473,6426310.472591973,64.93898732997947
2011-2013,f,14,0.0002952552481620361,0.5,0.00029521166676507054,98947.29485256677,29.21039583532547,98932.68965464912,6327357.223336225,63.94674288735331
2011-2013,f,15,0.00022894428068568812,0.5,0.0002289180759435717,98918.08445673145,22.644137569863233,98906.76238794651,6228424.533681576,62.96547863708381
2011-2013,f,16,0.0003040185727709911,0.5,0.0003039723661485319,98895.44031916159,30.06148099512211,98880.40957866402,6129517.77129363,61.97978138842463
2011-2013,f,17,0.00026785235977928965,0.5,0.00026781649213958596,98865.37883816646,26.477778954489622,98852.13994868922,6030637.361714966,60.99847522545344
2011-2013,f,18,0.00031411145721540193,0.5,0.0003140621319584391,98838.90105921197,31.04155598707439,98823.38028121844,5931785.221766276,60.014682055324435
2011-2013,f,19,0.0001791701860810361,0.5,0.0001791541365410455,98807.8595032249,17.701836752763484,98799.00858484852,5832961.841485058,59.03337923532977
2011-2013,f,20,0.00017635795626322684,0.5,0.00017634240657001424,98790.15766647214,17.42089414833754,98781.44721939796,5734162.832900209,58.04386761138146
2011-2013,f,21,0.0001247722905697103,0.5,0.00012476450699305062,98772.7367723238,12.323331807754585,98766.57510641991,5635381.3856808115,57.05401682521619
2011-2013,f,22,0.00029731671663239264,0.5,0.00029727252458691504,98760.41344051604,29.358757432710263,98745.73406179968,5536614.810574392,56.06107363968384
2011-2013,f,23,0.00029313335124703813,0.5,0.0002930903939623379,98731.05468308333,28.937123713374604,98716.58612122665,5437869.076512592,55.07759533175858
2011-2013,f,24,0.0003367003367003367,0.5,0.00033664366268305,98702.11755936996,33.22744236975268,98685.50383818508,5339152.490391365,54.09359619037384
2011-2013,f,25,0.0004056311142925316,0.5,0.0004055488626739983,98668.8901170002,40.01505616825307,98648.88258891608,5240466.98655318,53.11164421064336
2011-2013,f,26,0.00047523999619808005,0.5,0.0004751270964983133,98628.87506083195,46.86125103854283,98605.44443531267,5141818.103964264,52.13298945965786
2011-2013,f,27,0.00037872511657632493,0.5,0.0003786534137971838,98582.01380979341,37.328416068077786,98563.34960175937,5043212.659528951,51.15753335349236
2011-2013,f,28,0.00025897586815773986,0.5,0.00025894233824931437,98544.68539372533,25.517391257890267,98531.92669809639,4944649.309927192,50.176722267378956
2011-2013,f,29,0.0004685486704931475,0.5,0.00046843892727485657,98519.16800246744,46.15021337509097,98496.0928957799,4846117.3832290955,49.189589005742754
2011-2013,f,30,0.00044465246899134096,0.5,0.0004445536330560723,98473.01778909235,43.77653781614208,98451.12952018427,4747621.290333316,48.212407793794654
2011-2013,f,31,0.000540705738533512,0.5,0.0005405595966955357,98429.24125127621,53.20687095382891,98402.6378157993,4649170.160813131,47.23362795151945
2011-2013,f,32,0.00045185378962638825,0.5,0.0004517517267615345,98376.03438032238,44.44154340325622,98353.81360862075,4550767.522997332,46.258903925767484
2011-2013,f,33,0.0004335886688827865,0.5,0.0004334946896900513,98331.59283691912,42.626223323561135,98310.27972525734,4452413.7093887115,45.27958493231108
2011-2013,f,34,0.0005330232107379949,0.5,0.0005328811917161196,98288.96661359556,52.37634166159842,98262.77844276477,4354103.429663454,44.299005063109334
2011-2013,f,35,0.0006762631629794222,0.5,0.0006760345743396591,98236.59027193396,66.41133148905647,98203.38460618944,4255840.6512206895,43.322357173023505
2011-2013,f,36,0.0005046257359125315,0.5,0.0005044984444631295,98170.17894044491,49.526702568124165,98145.41558916084,4157637.2666145004,42.351326151057926
2011-2013,f,37,0.0006988288592221312,0.5,0.0006985847636254141,98120.65223787678,68.54559265036369,98086.3794415516,4059491.8510253397,41.37245073732076
2011-2013,f,38,0.0008981672533074402,0.5,0.0008977640821575454,98052.10664522642,88.02765952596383,98008.09281546343,3961405.4715837883,40.40102356920289
2011-2013,f,39,0.0010762156344780354,0.5,0.0010756368258935118,97964.07898570046,105.3737709717534,97911.39210021458,3863397.378768325,39.43687746334301
2011-2013,f,40,0.0009860474288813292,0.5,0.0009855615236781157,97858.7052147287,96.44577461660083,97810.48232742041,3765485.9866681104,38.478804500893474
2011-2013,f,41,0.0009643439988131151,0.5,0.0009638792432312198,97762.2594401121,94.23101264571596,97715.14393378925,3667675.50434069,37.51627187572788
2011-2013,f,42,0.0010819849505729602,0.5,0.001081399921352733,97668.02842746639,105.61819826014107,97615.21932833632,3569960.3604069008,36.55198551548676
2011-2013,f,43,0.0012636695018226002,0.5,0.0012628715756751506,97562.41022920625,123.20879473282548,97500.80583183983,3472345.1410785643,35.59101433555077
2011-2013,f,44,0.0014021515774205245,0.5,0.0014011692515823548,97439.20143447342,136.52881294873077,97370.93702799905,3374844.3352467245,34.635385815597665
2011-2013,f,45,0.0019512900195129002,0.5,0.001949388108732537,97302.67262152469,189.6806729562959,97207.83228504655,3277473.3982187253,33.683282379786384
2011-2013,f,46,0.0022151295731707315,0.5,0.0022126788879504164,97112.9919485684,214.8798670302931,97005.55201505325,3180265.5659336788,32.74809582242061
2011-2013,f,47,0.002311593348272202,0.5,0.0023089247007822074,96898.1120815381,223.73044444422703,96786.24685931599,3083260.0139186257,31.819608738342758
2011-2013,f,48,0.002147305132059266,0.5,0.0021450021450021453,96674.38163709387,207.36675597832073,96570.69825910471,2986473.76705931,30.892090711996886
2011-2013,f,49,0.002879453391898487,0.5,0.002875313725967982,96467.01488111555,277.3729319908307,96328.32841512014,2889903.0688002054,29.957421947405308
2011-2013,f,50,0.0031167173849023263,0.5,0.003111867978388444,96189.64194912472,299.32946663413895,96039.97721580765,2793574.7403850853,29.042365516472383
2011-2013,f,51,0.00309283332527908,0.5,0.0030880579010856453,95890.31248249058,296.11483709912864,95742.25506394102,2697534.763169278,28.131462848886258
2011-2013,f,52,0.003322497370685534,0.5,0.0033169870303420795,95594.19764539145,317.0847137657256,95435.6552885086,2601792.5081053367,27.217054718705175
2011-2013,f,53,0.003640220823991707,0.5,0.003633607257589065,95277.11293162573,346.1996090304892,95104.01312711049,2506356.852816828,26.30596977277722
2011-2013,f,54,0.004715482909428523,0.5,0.004704391171344652,94930.91332259524,446.5921505225124,94707.61724733398,2411252.8396897176,25.400080493229563
2011-2013,f,55,0.004763667777366407,0.5,0.004752348472723243,94484.32117207273,449.0224194183829,94259.80996236354,2316545.2224423834,24.517773887834185
2011-2013,f,56,0.006412805726784649,0.5,0.006392309407596442,94035.29875265434,601.1027248627361,93734.74739022297,2222285.41248002,23.63245974605139
2011-2013,f,57,0.005935832895033436,0.5,0.0059182679701839155,93434.19602779161,552.9686096711666,93157.71172295602,2128550.665089797,22.78128089694986
2011-2013,f,58,0.0065262309126644154,0.5,0.00650500433248358,92881.22741812044,604.1927867612685,92579.1310247398,2035392.9533668412,21.913932556082383
2011-2013,f,59,0.006604406377379908,0.5,0.006582669066598096,92277.03463135917,607.4291814252501,91973.32004064655,1942813.8223421015,21.054142345422324
2011-2013,f,60,0.008324025317802245,0.5,0.008289524213091093,91669.60544993392,759.8974139817437,91289.65674294304,1850840.502301455,20.190340006560913
2011-2013,f,61,0.008936135326428552,0.5,0.008896385673282277,90909.70803595218,808.7678241333197,90505.32412388551,1759550.845558512,19.354927912238594
2011-2013,f,62,0.010066555740432612,0.5,0.010016141715988577,90100.94021181886,902.463785905391,89649.70831886616,1669045.5214346265,18.52417430396239
2011-2013,f,63,0.009639100728602613,0.5,0.009592867420929378,89198.47642591347,855.6691585026856,88770.64184666213,1579395.8131157605,17.706533523894617
2011-2013,f,64,0.010750068520266772,0.5,0.010692595453375135,88342.80726741078,944.6138993259083,87870.50031774782,1490625.1712690983,16.873192253864254
2011-2013,f,65,0.013479359730412805,0.5,0.013389121338912133,87398.19336808487,1170.1850158069865,86813.10086018138,1402754.6709513506,16.050156380733533
2011-2013,f,66,0.014323982439169582,0.5,0.01422212371400602,86228.00835227789,1226.3454023984377,85614.83565107867,1315941.570091169,15.261184796417785
2011-2013,f,67,0.016186910055386534,0.5,0.016056953821748467,85001.66294987945,1364.8677767580375,84319.22906150043,1230326.7344400904,14.474148995950147
2011-2013,f,68,0.01939856653162979,0.5,0.019212221750704063,83636.79517312141,1606.848655384223,82833.37084542931,1146007.50537859,13.70219295235365
2011-2013,f,69,0.023114547175765224,0.5,0.022850458178982257,82029.94651773719,1874.4218623276975,81092.73558657334,1063174.1345331606,12.960804921447465
2011-2013,f,70,0.023781502374091962,0.5,0.023502045399855617,80155.52465540949,1883.8187795006816,79213.61526565914,982081.3989465872,12.252198499960901
2011-2013,f,71,0.028883454208129534,0.5,0.02847226551946298,78271.70587590881,2228.5727923601953,77157.4194797287,902867.783680928,11.535046714228073
2011-2013,f,72,0.033445111189551714,0.5,0.032895022349520464,76043.13308354862,2501.4405623108905,74792.41280239317,825710.3642011994,10.858447445793574
2011-2013,f,73,0.03690240647862697,0.5,0.036233848378060894,73541.69252123772,2664.698536280499,72209.34325309747,750917.9513988062,10.210778752228913
2011-2013,f,74,0.04024916147580259,0.5,0.03945514325974636,70876.99398495723,2796.4619514966616,69478.7630092089,678708.6081457087,9.575866158908436
2011-2013,f,75,0.047038071439070996,0.5,0.04595720235530662,68080.53203346056,3128.7907871186835,66516.13663990122,609229.8451364998,8.948664573259688
2011-2013,f,76,0.05082355311539818,0.5,0.04956404273609235,64951.74124634188,3219.270878917305,63342.10580688323,542713.7084965986,8.355645254193467
2011-2013,f,77,0.062122015915119365,0.5,0.06025057240616398,61732.470367424576,3719.416675683882,59872.762029582635,479371.60268971545,7.765307298356128
2011-2013,f,78,0.06941795271949598,0.5,0.06708935005446472,58013.05369174069,3892.0580668536495,56067.024658313865,419498.8406601328,7.2311111717923025
2011-2013,f,79,0.08330634190581071,0.5,0.07997512437810946,54120.995624887044,4328.333356567462,51956.82894660332,363431.816001819,6.715172398541356
2011-2013,f,80,0.09476612441041067,0.5,0.09047895448193137,49792.66226831958,4505.188022909468,47540.06825686485,311474.9870552157,6.25543951389381
2011-2013,f,81,0.10618619876992878,0.5,0.10083267930626882,45287.474245410114,4566.457367178344,43004.24556182094,263934.91879835085,5.827989376667449
2011-2013,f,82,0.11880187097851595,0.5,0.112140613622972,40721.01687823177,4566.479820076311,38437.77696819362,220930.6732365299,5.425470436978031
2011-2013,f,83,0.13269386079880294,0.5,0.1244377950702238,36154.53705815546,4498.990873301562,33905.04162150468,182492.89626833628,5.047579394386712
2011-2013,f,84,0.14793758196396226,0.5,0.13774849251317242,31655.546184853898,4360.5037666447315,29475.294301531532,148587.8546468316,4.693896411679222
2011-2013,f,85,0.16460013979421634,0.5,0.1520836451667831,27295.042418209166,4151.129545943215,25219.47764523756,119112.56034530007,4.36388991525572
2011-2013,f,86,0.18273694636686963,0.5,0.1674383591399159,23143.91287226595,3875.178795409389,21206.323474561257,93893.08270006251,4.056923443251354
2011-2013,f,87,0.2023880422713463,0.5,0.18378963051635655,19268.734076856563,3541.3935165033963,17498.037318604864,72686.75922550126,3.7722643810215026
2011-2013,f,88,0.2235742646763855,0.5,0.20109448848017142,15727.340560353166,3162.6815051376725,14145.99980778433,55188.72190689639,3.509094350383743
2011-2013,f,89,0.2462934551767706,0.5,0.21928876176811787,12564.659055215494,2755.2885262567743,11187.014792087106,41042.722099112056,3.2665209552244505
2011-2013,f,90,0.2705169516950387,0.5,0.23828666109987523,9809.37052895872,2337.4421508370906,8640.649453540174,29855.707307024946,3.0435905360987703
2011-2013,f,91,0.2961866486537309,0.5,0.25798133512133004,7471.928378121629,1927.6180589187716,6508.119348662243,21215.05785348477,2.839301553746696
2011-2013,f,92,0.323212929564513,0.5,0.27824649686768,5544.3103192028575,1542.6849238655236,4772.967857270096,14706.938504822527,2.652618208234968
2011-2013,f,93,0.35147376714932616,0.5,0.2989391351581312,4001.625395337334,1196.2424349089574,3403.5041778828554,9933.97064755243,2.482483907446065
2011-2013,f,94,0.380815241292981,0.5,0.3199032286824295,2805.3829604283765,897.45106673171,2356.6574270625215,6530.466469669575,2.327834225054388
2011-2013,f,95,0.41105364199761896,0.5,0.34097428181402933,1907.9318936966665,650.5557072033018,1582.6540400950157,4173.809042607054,2.187609031745988
2011-2013,f,96,0.4419792066735325,0.5,0.3619844144992514,1257.3761864933647,455.15058267310224,1029.8008951568136,2591.155002512038,2.060763541051612
2011-2013,f,97,0.47336139915989395,0.5,0.38276767747784585,802.2256038202624,307.0660311875444,648.6925882264902,1561.3541073552246,1.9462780792833483
2011-2013,f,98,0.5049554887422552,0.5,0.40316523867319864,495.15957263271804,199.6311272817888,395.34400899182367,912.6615191287343,1.843166465057308
2011-2013,f,99,0.5365100519337961,0.5,0.42303010116184564,295.52844535092925,125.01742813300655,233.01973128442597,517.3175101369106,1.7504829679681595
2011-2013,f,100,0.5677749187780383,0.5,0.44223106521208094,170.5110172179227,75.40526877467742,132.80838283058398,284.2977788524846,1.6673279151759208
2011-2013,f,101,0.5985090354401468,0.5,0.46065572778642944,95.10574844324528,43.81100776579623,73.20024456034716,151.4893960219006,1.5928521514375389
2011-2013,f,102,0.6284877243321615,0.5,0.47821240975500146,51.29474067744905,24.529781547120805,39.029849903888646,78.28915146155344,1.52626079063057
2011-2013,f,103,0.6575088903493427,0.5,0.4948309996155158,26.764959130328243,13.24413148112875,20.14289338976387,39.2593015576648,1.4668171681674198
2011-2013,f,104,0.6853978356834385,0.5,0.5104627899642316,13.520827649199493,6.9018794044358955,10.069887946981545,19.11640816790093,1.4138489642705212
2011-2013,f,105,0.7120104877792226,0.5,0.5250794500889006,6.618948244763597,3.475473704527363,4.881211392499916,9.046520220919382,1.366760984734439
2011-2013,f,106,0.737234993996855,0.5,0.538671320229148,3.1434745402362343,1.6932995806957662,2.2968247498883514,4.165308828419466,1.3250652343780205
2011-2013,f,107,0.7609917724829609,0.5,0.5512452301142504,1.450174959540468,0.7994020292778091,1.0504739449015634,1.8684840785311145,1.2884542421855087
2011-2013,f,108,0.7832322165189569,0.5,0.562822039692082,0.6507729302626589,0.36626934798682276,0.46763825626924754,0.8180101336295511,1.2569824213484009
2011-2013,f,109,0.8039363208048406,0.5,0.573434078969439,0.28450358227583616,0.1631440496658501,0.2029315574429111,0.3503718773603035,1.2315200903888996
2011-2013,f,110,0.8231095312190122,0.5,1.0,0.12135953260998605,0.12135953260998605,0.1474403199173924,0.1474403199173924,1.214905139682948
2012-2014,m,0,0.010700471498348345,0.07122006550156695,0.010595172612669785,100000.0,1059.5172612669703,99015.9416274805,7323821.21663469,73.2382121663469
2012-2014,m,1,0.000340667139815472,0.5,0.0003406091226476683,98940.48273873303,33.70003101998009,98923.63272322304,7224805.27500721,73.02173059015061
2012-2014,m,2,0.00017023208307325653,0.5,0.0001702175948253851,98906.78270771305,16.835674664427643,98898.36487038084,7125881.642283986,72.04644056962424
2012-2014,m,3,0.0002570400411264066,0.5,0.0002570070105801219,98889.94703304862,25.415409663386527,98877.23932821694,7026983.277413606,71.05862110599793
2012-2014,m,4,0.00023286275651288022,0.5,0.00023283564713757676,98864.53162338524,23.01918719949026,98853.0220297855,6928106.038085389,70.07675982805776
2012-2014,m,5,0.00023932033026205577,0.5,0.00023929169657812877,98841.51243618575,23.65195320319617,98829.68645958415,6829253.0160556035,69.09296355076233
2012-2014,m,6,0.00012195493765053812,0.5,0.00012194750160056096,98817.86048298255,12.050591199411429,98811.83518738285,6730423.329596019,68.10938120599228
2012-2014,m,7,0.00012260536398467432,0.5,0.00012259784840776042,98805.80989178314,12.113379702917882,98799.75320193169,6631611.494408636,67.1176270066699
2012-2014,m,8,0.00015216531239538634,0.5,0.0001521537361349908,98793.69651208022,15.031830030900892,98786.18059706477,6532811.741206705,66.12579518580814
2012-2014,m,9,0.0002702865036939156,0.5,0.0002702499812326402,98778.66468204932,26.694932276499458,98765.31721591107,6434025.56060964,65.13578191525069
2012-2014,m,10,8.874689385871494e-05,0.5,8.87429560278653e-05,98751.96974977282,8.76354170916602,98747.58797891824,6335260.2433937285,64.15325445605406
2012-2014,m,11,0.00017474879860200962,0.5,0.0001747335313646689,98743.20620806365,17.25374911900144,98734.57933350415,6236512.65541481,63.15890373534902
2012-2014,m,12,0.00020252871567861587,0.5,0.00020250820881489304,98725.95245894465,19.99281579599483,98715.95605104665,6137778.076081307,62.16985426029404
2012-2014,m,13,0.00017400887445259708,0.5,0.00017399373622549588,98705.95964314866,17.174218706029933,98697.37253379564,6039062.12003026,61.18234544158491
2012-2014,m,14,0.00020314585872656567,0.5,0.00020312522670226196,98688.78542444263,20.04618191231566,98678.76233348646,5940364.747496464,60.19290562699732
2012-2014,m,15,0.00017114007815396902,0.5,0.00017112543494381382,98668.73924253031,16.88473091823107,98660.2968770712,5841685.985162978,59.20503322540651
2012-2014,m,16,0.00033006931455605677,0.5,0.00033001485066828,98651.85451161208,32.55657703480392,98635.57622309469,5743025.688285907,58.215080869158
2012-2014,m,17,0.00039880889077953846,0.5,0.00039872938236818677,98619.29793457728,39.322411755041685,98599.63672869976,5644390.112062812,57.23413399076543
2012-2014,m,18,0.0007270461154964686,0.5,0.0007267819135129522,98579.97552282223,71.64614324453578,98544.15245119997,5545790.4753341125,56.256764580451815
2012-2014,m,19,0.0008208916936021754,0.5,0.000820554900251295,98508.3293795777,80.83149238798069,98467.91363338371,5447246.322882912,55.297317061314516
2012-2014,m,20,0.00040412204485754696,0.5,0.00040404040404040404,98427.49788718972,39.768686015027924,98407.61354418221,5348778.409249528,54.34231819424995
2012-2014,m,21,0.0006448092852537077,0.5,0.0006446014627494731,98387.72920117469,63.42087415968126,98356.01876409486,5250370.795705346,53.36408145948611
2012-2014,m,22,0.0005144663024571891,0.5,0.000514333998701919,98324.30832701501,50.57153467144235,98299.02255967929,5152014.776941252,52.39817970349978
2012-2014,m,23,0.0005839700228721592,0.5,0.0005837995621503284,98273.73679234357,57.372164510248695,98245.05071008844,5053715.754381573,51.42488643797357
2012-2014,m,24,0.0006249399096240747,0.5,0.0006247446956772474,98216.36462783332,61.36015282993321,98185.68455141835,4955470.703671484,50.45463373083516
2012-2014,m,25,0.0007614152806529137,0.5,0.0007611255143543516,98155.00447500338,74.70827826749883,98117.65033586964,4857285.0191200655,49.48586213306164
2012-2014,m,26,0.0009732244587922522,0.5,0.0009727511062078129,98080.29619673589,95.40771662256157,98032.59233842461,4759167.368784196,48.52317492228965
2012-2014,m,27,0.000784761361204252,0.5,0.0007844535567837405,97984.88848011332,76.86459427927912,97946.45618297369,4661134.776445772,47.569935004740856
2012-2014,m,28,0.000899323141004402,0.5,0.000898918931705817,97908.02388583405,88.01137623688555,97864.0181977156,4563188.320262798,46.606888170715386
2012-2014,m,29,0.0009129640900791236,0.5,0.0009125475285171104,97820.01250959716,89.26541065514903,97775.37980426959,4465324.302065083,45.64837181580802
2012-2014,m,30,0.0006975122064636131,0.5,0.0006972690296339337,97730.74709894201,68.14462319508311,97696.67478734447,4367548.922260813,44.689609482255705
2012-2014,m,31,0.0008116694881844113,0.5,0.0008113402181346128,97662.60247574693,79.23759719626105,97622.98367714879,4269852.247473469,43.720443027655584
2012-2014,m,32,0.0008143322475570033,0.5,0.000814000814000814,97583.36487855067,79.4329384440789,97543.64840932863,4172229.26379632,42.75553798528009
2012-2014,m,33,0.000773449585149768,0.5,0.0007731505886487437,97503.93194010659,75.38522237507277,97466.23932891905,4074685.6153869918,41.78996204881189
2012-2014,m,34,0.0010665023463051618,0.5,0.0010659339357834022,97428.54671773151,103.85239426048065,97376.62052060128,3977219.376058073,40.821910107935935
2012-2014,m,35,0.0009337068160597573,0.5,0.0009332711152589828,97324.69432347103,90.83032601349987,97279.27916046428,3879842.7555374717,39.86493646352815
2012-2014,m,36,0.0013226558930332106,0.5,0.0013217817618149264,97233.86399745753,128.52194806264015,97169.60302342621,3782563.4763770076,38.90170894037404
2012-2014,m,37,0.0009182514559118479,0.5,0.0009178300565190087,97105.3420493949,89.12620158150094,97060.77894860414,3685393.8733535814,37.95253479956767
2012-2014,m,38,0.001219869230018542,0.5,0.0012191256430887766,97016.2158478134,118.27495653550432,96957.07836954563,3588333.0944049773,36.98694144114933
2012-2014,m,39,0.0016071605182474533,0.5,0.001605870072758267,96897.94089127789,155.6055033892044,96820.13813958329,3491376.0160354315,36.03147790264037
2012-2014,m,40,0.0016685344290872867,0.5,0.001667143585851674,96742.33538788868,161.28336392222263,96661.69370592758,3394555.8778958484,35.08862861626574
2012-2014,m,41,0.0017521902377972466,0.5,0.0017506564961860698,96581.05202396646,169.08024613423913,96496.51190089935,3297894.184189921,34.146389121662835
2012-2014,m,42,0.0025795787522853064,0.5,0.0025762559247633223,96411.97177783222,248.38191351074784,96287.78082107686,3201397.6722890213,33.20539569158683
2012-2014,m,43,0.002540536501531794,0.5,0.002537313432835821,96163.58986432148,243.99716831246042,96041.59128016524,3105109.8914679443,32.289870790483036
2012-2014,m,44,0.002493580880900652,0.5,0.00249047577950659,95919.59269600901,238.88542238954687,95800.14998481424,3009068.300187779,31.37073683917946
2012-2014,m,45,0.00326749573274811,0.5,0.0032621661757187715,95680.70727361947,312.1263669368491,95524.64409015104,2913268.150202965,30.44781161443394
2012-2014,m,46,0.0035939987457185587,0.5,0.0035875519171732983,95368.58090668262,342.13973526986956,95197.51103904768,2817743.506112814,29.5458260920329
2012-2014,m,47,0.003983398530674554,0.5,0.003975480568946021,95026.44117141275,377.77577041304903,94837.55328620622,2722545.9950737664,28.65040468223704
2012-2014,m,48,0.0048262089296752415,0.5,0.0048145908190733696,94648.6654009997,455.6945954771945,94420.8181032611,2627708.44178756,27.762762746359925
2012-2014,m,49,0.0053674152165017934,0.5,0.0053530491976427385,94192.9708055225,504.21960679409676,93940.86100212546,2533287.6236842987,26.894656809526733
2012-2014,m,50,0.005618663735189935,0.5,0.005602923264311815,93688.75119872841,524.930883695677,93426.28575688056,2439346.7626821734,26.036709118984195
2012-2014,m,51,0.0057947627081346735,0.5,0.005778021576156519,93163.82031503273,538.3025638974214,92894.66903308402,2345920.476925293,25.18059552509312
2012-2014,m,52,0.006606230108978687,0.5,0.006584480811284935,92625.51775113531,609.8909442676813,92320.57227900147,2253025.807892209,24.32402930200726
2012-2014,m,53,0.008304415460093336,0.5,0.008270076384999464,92015.62680686763,760.9762623064016,91635.13867571444,2160705.2356132073,23.48193791200629
2012-2014,m,54,0.008893375636957985,0.5,0.008854004642370001,91254.65054456123,807.9690995593992,90850.66599478154,2069070.096937493,22.673585231989136
2012-2014,m,55,0.010162503031772982,0.5,0.010111125858178792,90446.68144500183,914.5177795450145,89989.42255522932,1978219.4309427114,21.871664049339532
2012-2014,m,56,0.009903653347679366,0.5,0.00985485381966834,89532.16366545681,882.326385081702,89091.00047291597,1888230.008387482,21.089962881305823
2012-2014,m,57,0.011152965507053697,0.5,0.011091116089463438,88649.83728037511,983.225636588686,88158.22446208078,1799139.007914566,20.294893517112534
2012-2014,m,58,0.01301399003929224,0.5,0.012929855533729518,87666.61164378643,1133.516623685733,87099.85333194357,1710980.7834524852,19.51690331553672
2012-2014,m,59,0.01386118357117283,0.5,0.01376577857922942,86533.09502010069,1191.195425822123,85937.49730718962,1623880.9301205417,18.766010042092358
2012-2014,m,60,0.01497637416909154,0.5,0.014865061805270339,85341.89959427857,1268.612612048135,84707.5932882545,1537943.4328133522,18.02096555296805
2012-2014,m,61,0.01745888713674251,0.5,0.017307799676176648,84073.28698223043,1455.123609206159,83345.72517762735,1453235.8395250977,17.285345817777422
2012-2014,m,62,0.01804893925496346,0.5,0.01788751392880183,82618.16337302428,1477.8335481069953,81879.24659897079,1369890.1143474705,16.580979997853042
2012-2014,m,63,0.01825756647469673,0.5,0.018092404832736327,81140.32982491728,1468.023695454147,80406.3179771902,1288010.8677484996,15.873867785942448
2012-2014,m,64,0.021837947805079628,0.5,0.021602075308544928,79672.30612946313,1721.087157014117,78811.76255095607,1207604.5497713094,15.157143158489953
2012-2014,m,65,0.02227209944751381,0.5,0.022026807820370527,77951.21897244902,1717.016519669749,77092.71071261415,1128792.7872203533,14.480758634695789
2012-2014,m,66,0.023088189947579402,0.5,0.02282469944938747,76234.20245277927,1740.0227587484405,75364.19107340505,1051700.076507739,13.795646083648341
2012-2014,m,67,0.025996755741483822,0.5,0.025663176081414215,74494.17969403083,1911.7572505284188,73538.30106876662,976335.885434334,13.106203591266167
2012-2014,m,68,0.030250960886276282,0.5,0.029800218267667426,72582.42244350241,2162.972031212412,71500.9364278962,902797.5843655674,12.438239920530318
2012-2014,m,69,0.032453523066330044,0.5,0.03193531630417598,70419.45041229,2248.867422882715,69295.01670084865,831296.6479376713,11.804929505564399
2012-2014,m,70,0.03379975418360594,0.5,0.03323803546940009,68170.58298940728,2265.8562553716038,67037.65486172147,762001.6312368227,11.17786584508492
2012-2014,m,71,0.03864426703237498,0.5,0.037911731494606346,65904.72673403568,2498.5623041661675,64655.44558195259,694963.9763751013,10.544979257401211
2012-2014,m,72,0.04231044715031208,0.5,0.041433903654901176,63406.16442986951,2627.164908114035,62092.58197581249,630308.5307931487,9.940808381341256
2012-2014,m,73,0.052916416115454,0.5,0.05155243116578794,60778.999521755475,3133.305189170751,59212.3469271701,568215.9488173362,9.348886182536564
2012-2014,m,74,0.05371145569247096,0.5,0.052306720638475,57645.694332584724,3015.257229465431,56138.065717852005,509003.6018901662,8.829863319079626
2012-2014,m,75,0.05948096230346656,0.5,0.057763061074319354,54630.43710311929,3155.621274904246,53052.62646566717,452865.5361723142,8.289619490275989
2012-2014,m,76,0.06760636909423128,0.5,0.06539578336068678,51474.81582821505,3366.235904433197,49791.69787599845,399812.90970664704,7.76715571049205
2012-2014,m,77,0.07151119276042729,0.5,0.0690425357201511,48108.57992378185,3321.538347833448,46447.81074986512,350021.2118306486,7.2756504637049195
2012-2014,m,78,0.0843665174968821,0.5,0.08095171054484021,44787.0415759484,3625.587625815897,42974.247763040454,303573.40108078346,6.778152572680953
2012-2014,m,79,0.09288180174256123,0.5,0.08875972036760663,41161.453950132505,3653.479142537879,39334.714378863566,260599.153317743,6.331145484643506
2012-2014,m,80,0.10370050616543669,0.5,0.09858865923311387,37507.974807594626,3697.8609468301656,35659.04433417955,221264.43893887944,5.899130520213471
2012-2014,m,81,0.11618545006000319,0.5,0.10980649172945482,33810.11386076446,3712.5699880239554,31953.828866752483,185605.3946046999,5.489641217094182
2012-2014,m,82,0.12995557076504358,0.5,0.12202655543501854,30097.543872740505,3672.6996058448713,28261.19406981807,153651.5657379474,5.105119752881577
2012-2014,m,83,0.14508978848724308,0.5,0.13527619148246758,26424.844266895634,3574.6522929429593,24637.518120424153,125390.37166812934,4.745169750166331
2012-2014,m,84,0.16165901062169907,0.5,0.1495693907571532,22850.191973952675,3417.689292228093,21141.34732783863,100752.85354770519,4.409278209240215
2012-2014,m,85,0.17972264811622105,0.5,0.16490414344370144,19432.50268172458,3204.500209697222,17830.25257687597,79611.50621986657,4.096822088424962
2012-2014,m,86,0.19932480035194247,0.5,0.18125999426737327,16228.00247202736,2941.4876350505983,14757.25865450206,61781.253642990596,3.807076918399821
2012-2014,m,87,0.22049024820091648,0.5,0.19859600678684527,13286.514836976761,2638.6487907377577,11967.190441607883,47023.994988488535,3.5392272213943854
2012-2014,m,88,0.24322045277977097,0.5,0.21684935377472617,10647.866046239003,2308.9828712067756,9493.374610635616,35056.80454688065,3.29237843476283
2012-2014,m,89,0.2674898133001969,0.5,0.23593474310773757,8338.883175032228,1967.432259706664,7355.167045178896,25563.429936245037,3.0655699809760484
2012-2014,m,90,0.2932424828941743,0.5,0.2557448547910112,6371.450915325564,1629.465789147992,5556.7180207515685,18208.26289106614,2.8577890865122906
2012-2014,m,91,0.32039006642514045,0.5,0.27615190313130633,4741.985126177572,1309.5082172142843,4087.2310175704297,12651.544870314572,2.667984933245194
2012-2014,m,92,0.3488105190928177,0.5,0.297010351628993,3432.4769089632878,1019.4811736895854,2922.736322118495,8564.313852744142,2.4950827288539066
2012-2014,m,93,0.37834852115871087,0.5,0.31816070503778204,2412.9957352737024,767.7204243878425,2029.1355230797813,5641.577530625647,2.3379973068977398
2012-2014,m,94,0.40881751889559437,0.5,0.33943419598096486,1645.2753108858599,558.4627023178737,1366.043959726923,3612.4420075458665,2.195645910228138
2012-2014,m,95,0.44000349804974626,0.5,0.3606580879096556,1086.8126085679862,391.9677573222349,890.8287299068688,2246.3980478189433,2.066959869722949
2012-2014,m,96,0.4716704045882282,0.5,0.38166124715710775,694.8448512457513,265.1953525071484,562.2471749921772,1355.5693179120744,1.9508949594743985
2012-2014,m,97,0.5035669663425908,0.5,0.40227960594818146,429.6494987386029,172.83923104839886,343.22988321440346,793.3221429198973,1.8464402850439525
2012-2014,m,98,0.535434521036986,0.5,0.4223611507963492,256.81026769020406,108.46668019795308,202.5769275912275,450.09225970549386,1.7526256397522633
2012-2014,m,99,0.5670153442058936,0.5,0.44177012458123804,148.34358749225098,65.5337651272795,115.57670492861124,247.51533211426636,1.6685273445149478
2012-2014,m,100,0.5980609132762897,0.5,0.4603902165804911,82.80982236497148,38.124832053601224,63.74740633817087,131.93862718565512,1.5932726748785433
2012-2014,m,101,0.6283395514547135,0.5,0.4781266188434024,44.68499031137026,21.365083330625655,34.00244864605743,68.19122084748426,1.5260430934933593
2012-2014,m,102,0.6576429657426689,0.5,0.4949069338656578,23.3199069807446,11.54118366187266,17.549315149808272,34.18877220142683,1.4660766970321417
2012-2014,m,103,0.6857913153120552,0.5,0.5106810133775228,11.778723318871942,6.015170360774982,8.771138138484451,16.63945705161856,1.4126706775562612
2012-2014,m,104,0.7126365995747524,0.5,0.5254198809280014,5.76355295809696,3.028285308965535,4.249410303614193,7.86831891313411,1.3651854976157125
2012-2014,m,105,0.738064316147283,0.5,0.5391139366556661,2.735267649131425,1.4746209101301317,1.997957194066359,3.6189086095199174,1.323054659996103
2012-2014,m,106,0.7619934855771678,0.5,0.5517706609781781,1.2606467390012932,0.6955878844387283,0.9128527967819291,1.6209514154535587,1.2858093907716805
2012-2014,m,107,0.7843752555555025,0.5,0.5634120285981453,0.5650588545625649,0.31836095552643906,0.40587837679934535,0.7080986186716296,1.253141355018315
2012-2014,m,108,0.805190373248659,0.5,0.5740718212405508,0.24669789903612585,0.14162231219588628,0.1758867429381827,0.30222024187228425,1.225062082219143
2012-2014,m,109,0.8244458488127573,0.5,0.5837929937012666,0.10507558684023957,0.06134239140638087,0.07440439113704914,0.12633349893410153,1.2023106673311585
2012-2014,m,110,0.8421711307803575,0.5,1.0,0.0437331954338587,0.0437331954338587,0.0519291077970524,0.0519291077970524,1.1874071236250974
2012-2014,f,0,0.009686472132532665,0.08118075379462265,0.009601021913956119,100000.0,960.1021913956065,99117.83962822176,7722543.4329361385,77.22543432936139
2012-2014,f,1,0.00033293985895456885,0.5,0.00033288444370470127,99039.8978086044,32.9688412865944,99023.4133879611,7623425.593307917,76.97327806254671
2012-2014,f,2,0.0004833690825050603,0.5,0.0004832522878975505,99006.9289673178,47.845324941168656,98983.00630484722,7524402.179919956,75.99874330415564
2012-2014,f,3,0.0002432350258437215,0.5,0.00024320544780203073,98959.08364237663,24.067388251321972,98947.04994825096,7425419.173615109,75.03524588454626
2012-2014,f,4,0.00015470775704693834,0.5,0.0001546957907275343,98935.01625412531,15.304830570079503,98927.36383884028,7326472.123666858,74.05337767214816
2012-2014,f,5,0.00019021652981644104,0.5,0.00019019844037278892,98919.71142355523,18.814374834895716,98910.30423613777,7227544.759828018,73.06475783053044
2012-2014,f,6,6.420958006934635e-05,0.5,6.420751870043982e-05,98900.89704872033,6.350181196743506,98897.72195812195,7128634.45559188,72.07856215985774
2012-2014,f,7,9.651267533136018e-05,0.5,9.650801820784611e-05,98894.54686752359,9.544116729739471,98889.77480915873,7029736.733633758,71.08315833683528
2012-2014,f,8,9.577626664112633e-05,0.5,9.577168031413111e-05,98885.00275079385,9.470382871309994,98880.2675593582,6930846.958824599,70.08997083502592
2012-2014,f,9,0.0,0.5,0.0,98875.53236792254,0.0,98875.53236792254,6831966.691265241,69.0966362218211
2012-2014,f,10,3.1134219620785205e-05,0.5,3.1133734958514304e-05,98875.53236792254,3.0783646186318947,98873.99318561322,6733091.158897319,68.0966362218211
2012-2014,f,11,3.057449475647415e-05,0.5,3.057402736375449e-05,98872.45400330391,3.022929114216822,98870.9425387468,6634217.165711706,67.09874082310142
2012-2014,f,12,0.00015174967373820147,0.5,0.00015173816063001686,98869.43107418969,15.002265613729833,98861.92994138283,6535346.223172959,66.10077707708223
2012-2014,f,13,0.0001214697843911327,0.5,0.00012146240738491437,98854.42880857596,12.007096903747879,98848.42526012409,6436484.293231576,65.1107327289841
2012-2014,f,14,0.0002124817872753764,0.5,0.00021245921541846878,98842.42171167221,20.999983366928063,98831.92171998875,6337635.867971452,64.11858145744972
2012-2014,f,15,0.0002088180896127916,0.5,0.0002087962893916571,98821.42172830529,20.633546169279725,98811.10495522065,6238803.946251463,63.1321006836364
2012-2014,f,16,0.0002893099956603501,0.5,0.00028926815157651146,98800.788182136,28.579921371740056,98786.49822145014,6139992.841296243,62.14518076492839
2012-2014,f,17,0.0002516778523489933,0.5,0.00025164618546323874,98772.20826076427,24.855649438599357,98759.78043604497,6041206.343074792,61.163017912140454
2012-2014,f,18,0.00018980991892404893,0.5,0.0001897919067308344,98747.35261132567,18.74144833673199,98737.98188715731,5942446.5626387475,60.178287371697984
2012-2014,f,19,0.00023874578878955885,0.5,0.00023871729241542117,98728.61116298893,23.568226740768296,98716.82704961856,5843708.58075159,59.18961597772643
2012-2014,f,20,0.0002074688796680498,0.5,0.00020744736023234104,98705.04293624817,20.476100598752964,98694.80488594879,5744991.753701972,58.20362954922739
2012-2014,f,21,0.0001277139208173691,0.5,0.0001277057659153311,98684.56683564941,12.602588191773975,98678.26554155353,5646296.948816023,57.21560249860995
2012-2014,f,22,0.00020242914979757084,0.5,0.00020240866309078026,98671.96424745764,19.97206036785792,98661.97821727372,5547618.683274469,56.222846333145824
2012-2014,f,23,0.00035165276800964534,0.5,0.00035159094904442604,98651.99218708978,34.68514755819342,98634.64961331068,5448956.705057195,55.23412740336206
2012-2014,f,24,0.0004954296613738265,0.5,0.0004953069664924837,98617.30703953159,48.84583919341094,98592.88411993488,5350322.055443885,54.25337819556523
2012-2014,f,25,0.00031701131486539213,0.5,0.0003169610747418596,98568.46120033818,31.24236539771664,98552.84001763932,5251729.1713239495,53.28001581205502
2012-2014,f,26,0.0005079334365325078,0.5,0.0005078044710974622,98537.21883494046,50.03764029388549,98512.20001479352,5153176.33130631,52.29675032678148
2012-2014,f,27,0.0003373737860568234,0.5,0.00033731688511950655,98487.18119464658,33.22138918477867,98470.5705000542,5054664.131291517,51.32306631156047
2012-2014,f,28,0.0003840153606144246,0.5,0.00038394164087058767,98453.9598054618,37.8005748779251,98435.05951802284,4956193.560791463,50.34021557471693
2012-2014,f,29,0.00023835629498975068,0.5,0.00023832789151314375,98416.15923058387,23.45531572024629,98404.43157272376,4857758.50127344,49.35935865869311
2012-2014,f,30,0.0004504611299461817,0.5,0.0004503596951775958,98392.70391486362,44.312108142796205,98370.54786079223,4759354.069700716,48.37100598250505
2012-2014,f,31,0.0004259649288875216,0.5,0.0004258742251455071,98348.39180672083,41.88404515499133,98327.44978414333,4660983.521839924,47.392574867923834
2012-2014,f,32,0.0003327628826773151,0.5,0.00033270752631954183,98306.50776156584,32.70731501845876,98290.15410405661,4562656.072055781,46.41255371538698
2012-2014,f,33,0.0005045651129264776,0.5,0.0005044378520555842,98273.80044654738,49.57302481059742,98249.01393414207,4464365.9179517245,45.427834251510006
2012-2014,f,34,0.0005595018001362265,0.5,0.0005593453227787303,98224.22742173678,54.94126219190366,98196.75679064082,4366116.904017583,44.45050898971358
2012-2014,f,35,0.0005871272353646305,0.5,0.0005869549267529164,98169.28615954488,57.620946167153306,98140.4756864613,4267920.147226942,43.47510625971866
2012-2014,f,36,0.0006341772769403386,0.5,0.0006339762502743166,98111.66521337772,62.20046562014613,98080.56498056765,4169779.6715404806,42.500345524376264
2012-2014,f,37,0.0007272022106947205,0.5,0.0007269378952724805,98049.46474775758,71.27587153633067,98013.82681198942,4071699.106559913,41.52698963767708
2012-2014,f,38,0.0009233610341643582,0.5,0.0009229349330872172,97978.18887622125,90.42749319448194,97932.97512962401,3973685.279747924,40.55683540719454
2012-2014,f,39,0.0010768741280990724,0.5,0.0010762946111885718,97887.76138302677,105.35607007786166,97835.08334798783,3875752.3046183,39.59383941218964
2012-2014,f,40,0.0009362834474942099,0.5,0.0009358453392439355,97782.4053129489,91.50920827218215,97736.65070881281,3777917.221270312,38.635961236372026
2012-2014,f,41,0.0010185829275563946,0.5,0.0010180644360295488,97690.89610467672,99.45562704803888,97641.1682911527,3680180.5705614993,37.67168402896162
2012-2014,f,42,0.0010706104969624539,0.5,0.0010700377001654825,97591.44047762868,104.4265205245174,97539.22721736642,3582539.4022703464,36.70956576454661
2012-2014,f,43,0.0015109856084813357,0.5,0.0015098449315000683,97487.01395710417,147.1902739102079,97413.41882014906,3485000.17505298,35.748352868685004
2012-2014,f,44,0.0014439196299650032,0.5,0.001442877930081559,97339.82368319396,140.44948331051273,97269.5989415387,3387586.7562328307,34.80165289037511
2012-2014,f,45,0.0017761989342806395,0.5,0.001774622892635315,97199.37419988344,172.4922346049425,97113.12808258098,3290317.157291292,33.851217503983044
2012-2014,f,46,0.0022309520345312576,0.5,0.0022284662338920647,97026.8819652785,216.22113023945712,96918.77140015877,3193204.0292087113,32.91050855732346
2012-2014,f,47,0.002253170018456818,0.5,0.0022506344873820814,96810.66083503905,217.88541202158376,96701.71812902825,3096285.2578085526,31.98289559333224
2012-2014,f,48,0.002326464723198177,0.5,0.0023237616484480593,96592.77542301746,224.45858704517013,96480.54612949488,2999583.5396795245,31.053911915701537
2012-2014,f,49,0.002998968354885919,0.5,0.0029944781822319644,96368.31683597229,288.5728222237376,96224.03042486042,2903102.9935500296,30.12507729580228
2012-2014,f,50,0.002995408676864151,0.5,0.0029909291493012994,96079.74401374855,287.36770702812646,95936.06016023448,2806878.9631251693,29.21405538636238
2012-2014,f,51,0.0032580525731210662,0.5,0.0032527537517557477,95792.37630672043,311.5890114212816,95636.58180100979,2710942.9029649347,28.300194728280744
2012-2014,f,52,0.003523865072421503,0.5,0.003517667180165209,95480.78729529915,335.86963180500607,95312.85247939665,2615306.321163925,27.390917013235452
2012-2014,f,53,0.0037742199144189625,0.5,0.003767110961813012,95144.91766349414,358.4214622909494,94965.70693234866,2519993.468684528,26.48584423181877
2012-2014,f,54,0.004534102756831462,0.5,0.004523846963337486,94786.49620120319,428.79960300521634,94572.09639970059,2425027.7617521794,25.58410595328448
2012-2014,f,55,0.0045922251418187175,0.5,0.004581705031300151,94357.69659819797,432.3191332458664,94141.53703157505,2330455.6653524786,24.69809829373246
2012-2014,f,56,0.005516624422245415,0.5,0.005501449706341536,93925.37746495211,516.7257402725809,93667.01459481582,2236314.1283209035,23.80947714748738
2012-2014,f,57,0.00592662982320138,0.5,0.005909119242037026,93408.65172467953,551.9628612790402,93132.67029404,2142647.113726088,22.938422449790895
2012-2014,f,58,0.006429976297342276,0.5,0.006409370247954656,92856.68886340049,595.1528989246581,92559.11241393816,2049514.443432048,22.071801918836943
2012-2014,f,59,0.006547558623490001,0.5,0.006526193306857562,92261.53596447583,602.1166184917529,91960.47765522994,1956955.3310181098,21.210955470886713
2012-2014,f,60,0.00773784794349813,0.5,0.0077080261762499675,91659.41934598408,706.5132036187133,91306.16274417471,1864994.85336288,20.3470070688877
2012-2014,f,61,0.008903907528092902,0.5,0.008864443435772836,90952.90614236536,806.2468918181548,90549.78269645628,1773688.6906187052,19.50117666215539
2012-2014,f,62,0.009670220679394992,0.5,0.009623689080814313,90146.6592505472,867.5434203013865,89712.8875403965,1683138.907922249,18.671117952848952
2012-2014,f,63,0.00983496315391297,0.5,0.009786836565405901,89279.11583024582,873.7601153345604,88842.23577257854,1593426.0203818525,17.84769042080986
2012-2014,f,64,0.010630372492836677,0.5,0.010574168816177626,88405.35571491126,934.8131555837026,87937.9491371194,1504583.784609274,17.019147453704516
2012-2014,f,65,0.014490524243170072,0.5,0.014386291788206907,87470.54255932756,1258.3767481312534,86841.35418526194,1416645.8354721547,16.195690503592154
2012-2014,f,66,0.013708464378504034,0.5,0.013615143026907733,86212.1658111963,1173.790968178917,85625.27032710685,1329804.4812868927,15.424789167217419
2012-2014,f,67,0.015132075471698113,0.5,0.015018445347465402,85038.37484301739,1277.1441850171395,84399.80275050882,1244179.2109597859,14.630797134312205
2012-2014,f,68,0.019257494540401033,0.5,0.019073837380788515,83761.23065800025,1597.6480923854106,82962.40661180754,1159779.408209277,13.84625558982882
2012-2014,f,69,0.0219924438258103,0.5,0.02175324036740554,82163.58256561484,1787.3241609969991,81269.92048511634,1076817.0015974694,13.105769831026251
2012-2014,f,70,0.022610732022449228,0.5,0.022357967021998645,80376.25840461784,1797.049734762084,79477.7335372368,995547.081112353,12.386083911753175
2012-2014,f,71,0.026824703680598878,0.5,0.026469682979378267,78579.20866985575,2079.9667422614875,77539.22529872501,916069.3475751162,11.657910064020982
2012-2014,f,72,0.03166398818572732,0.5,0.03117049706039551,76499.24192759427,2384.5193956265575,75306.98222978099,838530.1222763913,10.961286689220413
2012-2014,f,73,0.03557420414120223,0.5,0.034952500448108985,74114.72253196771,2590.4948725100694,72819.47509571267,763223.1400466103,10.297861396126947
2012-2014,f,74,0.03910507696720528,0.5,0.03835513668120223,71524.22765945764,2743.321527895925,70152.56689550968,690403.6649508976,9.652724503899003
2012-2014,f,75,0.04702586422532393,0.5,0.04594554963585708,68780.90613156171,3160.1765366668988,67200.81786322827,620251.0980553878,9.0177802669391
2012-2014,f,76,0.04986633765165536,0.5,0.04865325776195015,65620.72959489482,3192.662271507652,64024.39845914099,553050.2801921596,8.427981273697785
2012-2014,f,77,0.05952190810839589,0.5,0.057801675111157066,62428.067323387164,3608.4468652438663,60623.84389076523,489025.88173301856,7.833429780867441
2012-2014,f,78,0.0696556793124894,0.5,0.0673113697208108,58819.6204581433,3959.22921949585,56840.005848395376,428402.03784225334,7.283318635949191
2012-2014,f,79,0.08125933300149328,0.5,0.07808669656203289,54860.39123864745,4283.866723926672,52718.457876684115,371562.03199385793,6.772865151061919
2012-2014,f,80,0.09232908511925653,0.5,0.08825484076659389,50576.524514720775,4463.623117574411,48344.71295593357,318843.57411717385,6.304181182405514
2012-2014,f,81,0.10381166246761833,0.5,0.09868912157835914,46112.901397146365,4550.841732313864,43837.48053098943,270498.86116124026,5.8660126117759255
2012-2014,f,82,0.11653892852963234,0.5,0.11012216875273101,41562.0596648325,4576.904148121757,39273.60759077162,226661.38063025085,5.4535646803384745
2012-2014,f,83,0.13059916526548093,0.5,0.12259383876103956,36985.15551671074,4534.152191967609,34718.079420726935,187387.77303947922,5.066567124607955
2012-2014,f,84,0.14607526620137615,0.5,0.136132472613539,32451.003324743135,4417.635321387457,30242.185664049408,152669.6936187523,4.704621675051421
2012-2014,f,85,0.16304137451616232,0.5,0.15075197029241483,28033.368003355678,4226.0854604382075,25920.325273136572,122427.50795470289,4.3672065354419045
2012-2014,f,86,0.18155906122624577,0.5,0.16644890752963812,23807.28254291747,3962.69617051804,21825.934457658448,96507.18268156631,4.053683258792451
2012-2014,f,87,0.20167314374002762,0.5,0.18319989441978776,19844.58637239943,3635.5261282279353,18026.823308285464,74681.24822390785,3.7633058619844673
2012-2014,f,88,0.223407307125934,0.5,0.20095940713149793,16209.060244171495,3257.3631368274364,14580.378675757776,56654.42491562239,3.495231929685397
2012-2014,f,89,0.24675975697069366,0.5,0.2196583379287511,12951.697107344058,2844.9482599558087,11529.222977366153,42074.04623986461,3.248535376572942
2012-2014,f,90,0.27169919611763393,0.5,0.23920349717248807,10106.74884738825,2417.569669339283,8897.964012718609,30544.82326249846,3.0222204710659004
2012-2014,f,91,0.2981614676256096,0.5,0.25947825844775035,7689.179178048967,1995.174822012851,6691.591767042541,21646.859249779853,2.815236678523139
2012-2014,f,92,0.32604723106406075,0.5,0.2803444630957979,5694.0043560361155,1596.2825940580788,4895.863059007076,14955.267482737312,2.6264938604909025
2012-2014,f,93,0.35522102707014425,0.5,0.3016455975786131,4097.721761978037,1236.0597296027522,3479.691897176661,10059.404423730235,2.454877370413358
2012-2014,f,94,0.3855120271464127,0.5,0.3232111368623602,2861.6620323752845,924.921038799868,2399.2015129753504,6579.712526553574,2.299262614562549
2012-2014,f,95,0.4167166590466425,0.5,0.3448618252261569,1936.7409935754165,667.9080340347386,1602.7869765580472,4180.511013578224,2.158528697149424
2012-2014,f,96,0.4486031482039641,0.5,0.3664155610785781,1268.8329595406778,464.9201407850902,1036.3728891481328,2577.724037020177,2.0315708365215563
2012-2014,f,97,0.4809178372996966,0.5,0.3876934818793851,803.9128187555876,311.67175983082484,648.0769388401752,1541.351147872044,1.9173113202224714
2012-2014,f,98,0.5133929622425689,0.5,0.4085258214334262,492.2410589247628,201.09318294049825,391.69446745451364,893.2742090318688,1.8147088562321707
2012-2014,f,99,0.5457554010677825,0.5,0.4287571389135601,291.14787598426454,124.83173030777326,228.73201083037793,501.5797415773552,1.7227662742917065
2012-2014,f,100,0.5777357991721632,0.5,0.4482505921341531,166.3161456764913,74.55131078095728,129.04049028601264,272.8477307469773,1.6405366396459498
2012-2014,f,101,0.6090774295427988,0.5,0.4668910340844352,91.76483489553401,42.84417865696334,70.34274556705233,143.80724046096464,1.5671279812651133
2012-2014,f,102,0.6395441782121147,0.5,0.484586833962603,48.92065623857067,23.706305922021823,37.06750327755976,73.4644948939123,1.5017070608302767
2012-2014,f,103,0.6689271474263797,0.5,0.5012704434974328,25.21435031654885,12.639208565676077,18.89474603371081,36.39699161635254,1.4435030512154114
2012-2014,f,104,0.6970495240447171,0.5,0.5168978306333539,12.575141750872772,6.500063490933052,9.325110005406247,17.502245582641727,1.391812985442251
2012-2014,f,105,0.7237695426880006,0.5,0.5314469754836423,6.07507825993972,3.2285819670713924,4.460787276404024,8.17713557723548,1.3460132079543974
2012-2014,f,106,0.7489815543229985,0.5,0.5449156638720719,2.8464962928683275,1.5511004171377363,2.070946084299459,3.7163483008314566,1.3055869105266271
2012-2014,f,107,0.7726153671813755,0.5,0.557318823466532,1.2953958757305912,0.7219485053855711,0.9344216230378057,1.6454022165319975,1.2701925699771168
2012-2014,f,108,0.7946341417832542,0.5,0.568685632156629,0.5734473703450201,0.32611128031321435,0.41039173018841296,0.7109805934941917,1.2398358249797596
2012-2014,f,109,0.8150311883154606,0.5,0.5790565956771389,0.2473360900318058,0.14322159428191178,0.1757252928908499,0.3005888633057788,1.2153053089305528
2012-2014,f,110,0.8338260343182203,0.5,1.0,0.10411449574989401,0.10411449574989401,0.12486357041492888,0.12486357041492888,1.199290929813258
2013-2015,m,0,0.010309278350515464,0.07017010309278351,0.01021139320932877,100000.0,1021.1393209328671,99050.51413048909,7340021.704941083,73.40021704941083
2013-2015,m,1,0.0002268924246291727,0.5,0.00022686668746277967,98978.86067906713,22.455006251097075,98967.63317594159,7240971.190810594,73.1567441889334
2013-2015,m,2,0.00028535555301906175,0.5,0.0002853148449313818,98956.40567281604,28.233731539497967,98942.28880704628,7142003.557634653,72.17323132419115
2013-2015,m,3,0.0003137568099489432,0.5,0.00031370759600165405,98928.17194127654,31.034518996544648,98912.65468177827,7043061.268827606,71.1936865972652
2013-2015,m,4,0.0002296672695432492,0.5,0.00022964089904411975,98897.13742228,22.71082755054522,98885.78200850473,6944148.6141458275,70.21587070306262
2013-2015,m,5,0.00026322716504343247,0.5,0.00026319252533228054,98874.42659472945,26.023010026241536,98861.41508971632,6845262.832137323,69.23188399559541
2013-2015,m,6,0.00021037446655045982,0.5,0.00021035234016978443,98848.4035847032,20.792993016089895,98838.00708819515,6746401.417047607,68.24997847604706
2013-2015,m,7,0.00018376722817764165,0.5,0.00018375034453189598,98827.61059168712,18.159607495486853,98818.53078793938,6647563.409959411,67.26423284100497
2013-2015,m,8,0.000184660839591284,0.5,0.00018464379135251576,98809.45098419163,18.24455165117979,98800.32870836604,6548744.879171472,66.2765030464464
2013-2015,m,9,0.00027513680413316624,0.5,0.0002750989592089377,98791.20643254045,27.177358068584,98777.61775350616,6449944.550463106,65.28865051230494
2013-2015,m,10,0.00012054001928640309,0.5,0.0001205327547761104,98764.02907447187,11.904300497131771,98758.07692422331,6351166.9327096,64.30647870714728
2013-2015,m,11,0.00017816313804673814,0.5,0.00017814726840855108,98752.12477397473,17.59242127802281,98743.32856333573,6252408.855785376,63.31417040489993
2013-2015,m,12,0.0002631886770382501,0.5,0.00026315404745544656,98734.53235269671,25.982391812241985,98721.5411567906,6153665.527222041,62.325362571628844
2013-2015,m,13,8.724227178875738e-05,0.5,8.723846634776162e-05,98708.54996088447,8.611182513996027,98704.24436962747,6054943.986065251,61.341636448561566
2013-2015,m,14,0.00017507002801120448,0.5,0.00017505470459518597,98699.93877837047,17.277888626413187,98691.29983405727,5956239.741695623,60.34694464269413
2013-2015,m,15,0.00023365168375244605,0.5,0.00023362439038635634,98682.66088974406,23.05467649207276,98671.13355149803,5857548.441861565,59.357422966189304
2013-2015,m,16,0.0003733808197145073,0.5,0.00037331112610737,98659.60621325199,36.83072869677562,98641.1908489036,5758877.308310067,58.37117670895927
2013-2015,m,17,0.0005268119558587035,0.5,0.000526673226982301,98622.77548455521,51.94197541840549,98596.80449684602,5660236.117461164,57.392788731113974
2013-2015,m,18,0.0005092468507102653,0.5,0.000509117217540428,98570.8335091368,50.18410848680651,98545.7414548934,5561639.312964317,56.42276842925137
2013-2015,m,19,0.000733464309102816,0.5,0.0007331954227657178,98520.64940065,72.23488918846124,98484.53195605577,5463093.571509424,55.4512541760954
2013-2015,m,20,0.0004919985498990109,0.5,0.0004918775483787458,98448.41451146154,48.42456477167434,98424.2022290757,5364609.0395533675,54.49157374625683
2013-2015,m,21,0.0007141581860382074,0.5,0.0007139032661074423,98399.98994668986,70.24807420787693,98364.86590958593,5266184.8373242915,53.51814405852431
2013-2015,m,22,0.0003506926179203928,0.5,0.00035063113604488083,98329.74187248199,34.47746909974376,98312.50313793212,5167819.971414706,52.55602092514943
2013-2015,m,23,0.0006681349137611047,0.5,0.0006679117861692785,98295.26440338224,65.65256561964634,98262.43812057242,5069507.468276774,51.57427978903058
2013-2015,m,24,0.0007865306624062923,0.5,0.0007862214687599814,98229.6118377626,77.23022969480371,98190.9967229152,4971245.030156201,50.60841570225055
2013-2015,m,25,0.0008258841818888457,0.5,0.0008255432803205051,98152.3816080678,81.02903908399458,98111.86708852579,4873054.033433286,49.6478430130394
2013-2015,m,26,0.0008174255902293601,0.5,0.00081709163442359,98071.3525689838,80.13328176071809,98031.28592810343,4774942.16634476,48.688450207577645
2013-2015,m,27,0.0008876307456098263,0.5,0.0008872369762004675,97991.21928722308,86.94143309460196,97947.74857067579,4676910.880416657,47.72785678590359
2013-2015,m,28,0.0007688795982604099,0.5,0.0007685841239341901,97904.27785412848,75.24767362393322,97866.65401731651,4578963.131845981,46.76979629703579
2013-2015,m,29,0.0008607086501219337,0.5,0.0008603383997705763,97829.03018050455,84.16607127660245,97786.94714486625,4481096.477828665,45.805385881476944
2013-2015,m,30,0.0005909327282182196,0.5,0.000590758179046989,97744.86410922794,57.74357793235686,97715.99232026176,4383309.530683799,44.844397407781315
2013-2015,m,31,0.0010326699211415697,0.5,0.0010321369927281257,97687.12053129559,100.82649081344425,97636.70728588887,4285593.538363537,43.87060970837584
2013-2015,m,32,0.0008424796985794856,0.5,0.0008421249619874149,97586.29404048214,82.17985415933072,97545.20411340248,4187956.831077648,42.91542036979435
2013-2015,m,33,0.0007745387973524855,0.5,0.0007742389582966743,97504.11418632281,75.49148379726103,97466.36844442418,4090411.6269642455,41.95116955934583
2013-2015,m,34,0.0009456488333057519,0.5,0.000945201918759895,97428.62270252555,92.08972112055926,97382.57784196528,3992945.2585198213,40.98328753667495
2013-2015,m,35,0.0009322337755467909,0.5,0.0009317994480880192,97336.53298140499,90.69812771087163,97291.18391754956,3895562.680677856,40.02158861998976
2013-2015,m,36,0.0012557050059163024,0.5,0.0012549171030721334,97245.83485369412,122.0354613604286,97184.8171230139,3798271.4967603064,39.05844916108528
2013-2015,m,37,0.0010423231686624327,0.5,0.0010417802328257682,97123.79939233369,101.18165434386174,97073.20856516177,3701086.6796372924,38.10689761720165
2013-2015,m,38,0.0012173447276799844,0.5,0.0012166042143169982,97022.61773798983,118.03812562410894,96963.59867517778,3604013.471072131,37.14611659731539
2013-2015,m,39,0.0014509148140861695,0.5,0.0014498630002334526,96904.57961236572,140.49836453313765,96834.33043009916,3507049.872396953,36.19075472413925
2013-2015,m,40,0.0017435054422277017,0.5,0.0017419868604419666,96764.08124783258,168.56175809646084,96679.80036878434,3410215.5419668537,35.24257656343158
2013-2015,m,41,0.0018068660911463562,0.5,0.0018052351820278807,96595.51948973612,174.37763020912826,96508.33067463155,3313535.741598069,34.30320328625753
2013-2015,m,42,0.002447146677430748,0.5,0.002444156073223892,96421.141859527,235.66831946314778,96303.30769979542,3217027.4109234377,33.364336377702585
2013-2015,m,43,0.0024219794636324648,0.5,0.0024190500188988285,96185.47354006385,232.67747158488783,96069.1348042714,3120724.1032236423,32.44485875430843
2013-2015,m,44,0.002735188577451005,0.5,0.0027314530578491686,95952.79606847896,262.0905582304258,95821.75078936375,3024654.9684193707,31.52232235380358
2013-2015,m,45,0.0034571094585519936,0.5,0.00345114396732586,95690.70551024853,330.2424010508403,95525.58430972311,2928833.217630007,30.60729045744497
2013-2015,m,46,0.0035382574082264487,0.5,0.003532008830022075,95360.46310919769,336.8139977366809,95192.05611032934,2833307.6333202836,29.711554882822355
2013-2015,m,47,0.0038161444787438324,0.5,0.003808876866531618,95023.64911146101,361.9333788740623,94842.68242202398,2738115.577209954,28.815096060962617
2013-2015,m,48,0.00456555171088043,0.5,0.004555153316870849,94661.71573258695,431.1986283999722,94446.11641838696,2643272.89478793,27.923357128398138
2013-2015,m,49,0.005368870140453477,0.5,0.0053544963426877664,94230.51710418698,504.55695920395374,93978.238624585,2548826.778369543,27.04884634721261
2013-2015,m,50,0.005706238010829711,0.5,0.005690003752981198,93725.96014498302,533.3010649767239,93459.30961249466,2454848.5397449583,26.191767317695085
2013-2015,m,51,0.006160063079045929,0.5,0.006141148149057947,93192.6590800063,572.3099258149741,92906.50411709881,2361389.230132464,25.338790130510183
2013-2015,m,52,0.006854043392504931,0.5,0.006830634659328239,92620.34915419132,632.6557670916955,92304.02127064548,2268482.726015365,24.492271371584547
2013-2015,m,53,0.008008178565343329,0.5,0.00797624098430208,91987.69338709963,733.7160100455949,91620.83538207682,2176178.70474472,23.657280931993753
2013-2015,m,54,0.008647342995169081,0.5,0.00861011568339787,91253.97737705403,785.707301786606,90861.12372616073,2084557.8693626432,22.843474106881054
2013-2015,m,55,0.009741285072270133,0.5,0.00969406872877156,90468.27007526743,877.0056278827105,90029.76726132608,1993696.7456364825,22.037524802649312
2013-2015,m,56,0.010073529411764705,0.5,0.010023045688992939,89591.26444738472,897.9773368907918,89142.27577893932,1903666.9783751564,21.2483548492961
2013-2015,m,57,0.01093166472930527,0.5,0.010872238894081763,88693.28711049393,964.2946057666704,88211.1398076106,1814524.7025962172,20.4584220712858
2013-2015,m,58,0.012808053624380155,0.5,0.012726552441319204,87728.99250472726,1116.4876237355056,87170.7486928595,1726313.5627886066,19.677799932509025
2013-2015,m,59,0.013364102043921489,0.5,0.013275395176018641,86612.50488099175,1149.8152294800093,86037.59726625175,1639142.8140957472,18.925013384014004
2013-2015,m,60,0.015079673532841042,0.5,0.01496682610708224,85462.68965151174,1279.105214657713,84823.13704418289,1553105.2168294955,18.172903557827855
2013-2015,m,61,0.017884766738133363,0.5,0.017726251798851424,84183.58443685403,1492.259415057546,83437.45472932525,1468282.0797853125,17.44142981802668
2013-2015,m,62,0.01801827608926065,0.5,0.01785739634051131,82691.32502179648,1476.6517648362642,81952.99913937834,1384844.6250559872,16.747157270620082
2013-2015,m,63,0.017874337987481944,0.5,0.01771600703868293,81214.67325696022,1438.7997230646433,80495.2733954279,1302891.6259166088,16.04256439959203
2013-2015,m,64,0.02126065374168774,0.5,0.021037023307539038,79775.87353389557,1678.2469109118392,78936.75007843965,1222396.3525211809,15.32288270089331
2013-2015,m,65,0.02219410104156527,0.5,0.021950515066910564,78097.62662298373,1714.28312987776,77240.48505804485,1143459.6024427412,14.641412958204121
2013-2015,m,66,0.023361682605780427,0.5,0.023091949211664575,76383.34349310597,1763.8402885599353,75501.423348826,1066219.1173846964,13.958790864934167
2013-2015,m,67,0.02574718082170176,0.5,0.025419934990365343,74619.50320454604,1896.8229204729141,73671.09174430958,990717.6940358703,13.276926962648457
2013-2015,m,68,0.029387253826922234,0.5,0.02896170139189072,72722.68028407313,2106.1725508052623,71669.5940086705,917046.6022915607,12.610187065566691
2013-2015,m,69,0.032279100097815455,0.5,0.03176640462056795,70616.50773326786,2243.2325575464492,69494.89145449465,845377.0082828902,11.97137943263977
2013-2015,m,70,0.03529746655280387,0.5,0.03468531468531469,68373.27517572141,2371.548565535515,67187.50089295366,775882.1168283955,11.34773952007352
2013-2015,m,71,0.04015081036086765,0.5,0.039360629770076316,66001.7266101859,2597.869525289323,64702.79184754124,708694.6159354418,10.737516309551674
2013-2015,m,72,0.04020382165605096,0.5,0.03941157371562727,63403.857084896576,2498.8457873564985,62154.43419121833,643991.8240879006,10.156981825657825
2013-2015,m,73,0.05079569201093072,0.5,0.04953754506976015,60905.01129754008,3017.0847421261424,59396.468926477006,581837.3898966822,9.553194022971676
2013-2015,m,74,0.052734151094806836,0.5,0.05137942589076287,57887.926555413935,2974.2484324238103,56400.802339202026,522440.9209702052,9.02504117970251
2013-2015,m,75,0.058404647385845464,0.5,0.05674748884775287,54913.678122990124,3116.213336873472,53355.571454553385,466040.1186310032,8.486776602128408
2013-2015,m,76,0.06374849175492693,0.5,0.061779322441290155,51797.46478611665,3200.012278662871,50197.45864678522,412684.5471764498,7.967273087216079
2013-2015,m,77,0.06791372932225867,0.5,0.06568332939548385,48597.45250745378,3192.042480828466,47001.431267039545,362487.08852966456,7.458973049545488
2013-2015,m,78,0.07920792079207921,0.5,0.07619047619047618,45405.410026625315,3459.459811552406,43675.68012084911,315485.657262625,6.948195315880357
2013-2015,m,79,0.09207263418926485,0.5,0.08802049478071348,41945.95021507291,3692.1032919778954,40099.89856908396,271809.9771417759,6.480005238839562
2013-2015,m,80,0.09952428050022331,0.5,0.09480650585904261,38253.846923095014,3626.7135624453294,36440.490141872346,231710.07857269194,6.057170643217101
2013-2015,m,81,0.11153165327252038,0.5,0.10564052222439099,34627.133360649685,3658.028451352664,32798.119134973356,195269.5884308196,5.639207450326344
2013-2015,m,82,0.12478693369346744,0.5,0.1174583029617499,30969.10490929702,3637.578506890426,29150.31565585181,162471.46929584624,5.246243628018832
2013-2015,m,83,0.1393704533824691,0.5,0.13029108928948355,27331.526402406595,3561.0543469138356,25550.999228949677,133321.15363999445,4.877925648099012
2013-2015,m,84,0.15535578000439196,0.5,0.1441578986129848,23770.47205549276,3426.701300558514,22057.121405213504,107770.15441104477,4.533782676231783
2013-2015,m,85,0.17280642782714445,0.5,0.15906288348010347,20343.770754934245,3235.938837138041,18725.801336365224,85713.03300583127,4.213232347058479
2013-2015,m,86,0.19177220576476567,0.5,0.17499282567811505,17107.831917796204,2993.7478485214033,15610.957993535503,66987.23166946604,3.9155886024215274
2013-2015,m,87,0.21228531959762953,0.5,0.19191495574019354,14114.0840692748,2708.7038194682445,12759.73215954068,51376.27367593054,3.6400713942020837
2013-2015,m,88,0.2343564006359951,0.5,0.2097753076181464,11405.380249806556,2392.5671504051006,10209.096674604007,38616.541516389865,3.385817979812188
2013-2015,m,89,0.2579706892572583,0.5,0.2284978192893334,9012.813099401455,2059.4081388755712,7983.10902996367,28407.44484178586,3.151895476859762
2013-2015,m,90,0.2830846510833023,0.5,0.24798436707021024,6953.404960525884,1724.335728118871,6091.237096466449,20424.335811822188,2.9373142982136193
2013-2015,m,91,0.3096233368438088,0.5,0.2681158714536728,5229.069232407013,1401.9964541383947,4528.071005337816,14333.09871535574,2.7410420628066565
2013-2015,m,92,0.3374788042968667,0.5,0.28875453644884125,3827.0727782686185,1105.0846260449343,3274.5304652461514,9805.027710017925,2.5620175727240166
2013-2015,m,93,0.36650989320274513,0.5,0.3097471886810703,2721.988152223684,843.1281777744675,2300.4240633364507,6530.497244771774,2.3991644634591043
2013-2015,m,94,0.39654357695152315,0.5,0.33092957771787207,1878.8599744492167,621.7703379354912,1567.974805481471,4230.073181435323,2.251404170060815
2013-2015,m,95,0.42737800739512544,0.5,0.35213139947144406,1257.0896365137255,442.66073296662717,1035.759270030412,2662.098375953852,2.1176679042050046
2013-2015,m,96,0.4587872303293777,0.5,0.37318172525885357,814.4289035470983,303.9299833263826,662.463911883907,1626.33910592344,1.9969074020337603
2013-2015,m,97,0.49052739289587377,0.5,0.39391447313133987,510.4989202207157,201.09291319286115,409.95246362428514,963.875194039533,1.8881042757598756
2013-2015,m,98,0.522344111588947,0.5,0.4141735532348892,309.40600702785457,128.1477853229456,245.33211436638177,553.9227304152479,1.7902778803043098
2013-2015,m,99,0.5539805433987537,0.5,0.4338173560723642,181.25822170490898,78.63296250640202,141.94174045170797,308.5906160488661,1.7024916891839317
2013-2015,m,100,0.5851856232988256,0.5,0.45272232525577766,102.62525919850695,46.46074597432496,79.39488621134447,166.64887559715814,1.6238582674350277
2013-2015,m,101,0.6157219122170837,0.5,0.4707854526440835,56.164513224181995,26.441435780781138,42.94379533379143,87.25398938581367,1.5535430537346115
2013-2015,m,102,0.6453725441022272,0.5,0.4879256387090465,29.723077443400857,14.502651545969815,22.471751670415948,44.31019405202224,1.490767372133602
2013-2015,m,103,0.6739468610789672,0.5,0.5040839598487923,15.220425897431042,7.672372556962148,11.384239618949968,21.838442381606292,1.4348115176785075
2013-2015,m,104,0.7012844652427631,0.5,0.5192229654197038,7.548053340468894,3.9191226385843607,5.588492021176714,10.454202762656323,1.3850197250999945
2013-2015,m,105,0.7272575724078916,0.5,0.5333251833385118,3.6289307018845336,1.9354001319053231,2.6612306359318723,4.865710741479608,1.340811148295779
2013-2015,m,106,0.7517717046184546,0.5,0.5463910420742487,1.6935305699792105,0.9253299329155372,1.2308656035214418,2.2044801055477357,1.3017067094187722
2013-2015,m,107,0.774764885767461,0.5,0.558436420859616,0.7682006370636733,0.42899121426391457,0.553705029931716,0.9736145020262938,1.2673961137910312
2013-2015,m,108,0.7962055961536391,0.5,0.56949002408755,0.3392094227997587,0.19317638236095852,0.24262123161927943,0.41990947209457785,1.2379062722631318
2013-2015,m,109,0.8160897926789642,0.5,0.5795907465738959,0.14603304043880017,0.08463939893238012,0.10371334097261012,0.1772882404752984,1.214028277043213
2013-2015,m,110,0.8344373138311504,0.5,1.0,0.06139364150642005,0.06139364150642005,0.07357489950268828,0.07357489950268828,1.1984123713364423
2013-2015,f,0,0.009048005531006703,0.07912552980431058,0.008973239803336615,100000.0,897.3239803336619,99173.67725501636,7738350.672623529,77.3835067262353
2013-2015,f,1,0.00018209960848584176,0.5,0.00018208302986161688,99102.67601966634,18.04491551706451,99093.6535619078,7639176.995368512,77.083458309971
2013-2015,f,2,0.0004266341612067652,0.5,0.00042654317226250687,99084.63110414927,42.26387287362013,99063.49916771246,7540083.3418066045,76.09740539762534
2013-2015,f,3,0.00021289537712895377,0.5,0.00021287271732023662,99042.36723127565,21.08341784235381,99031.82552235448,7441019.842638892,75.12966471472991
2013-2015,f,4,0.00018357606168155672,0.5,0.00018355921314283964,99021.2838134333,18.17626894118439,99012.19567896271,7341988.017116537,74.14555471679834
2013-2015,f,5,0.00024920565696841317,0.5,0.0002491746091073319,99003.10754449212,24.669060622807592,98990.77301418071,7242975.821437575,73.1590755187414
2013-2015,f,6,6.38060296698038e-05,0.5,6.380399413003255e-05,98978.43848386931,6.3152197080344195,98975.2808740153,7143985.048423395,72.17718482786191
2013-2015,f,7,0.00016154566896061517,0.5,0.00016153262151291455,98972.12326416127,15.987226527548046,98964.12965089749,7045009.767549379,71.18175841035475
2013-2015,f,8,0.00012941633234114146,0.5,0.00012940795858945326,98956.13603763373,12.805711554523441,98949.73318185646,6946045.637898481,70.193177664666
2013-2015,f,9,0.00019256073686575308,0.5,0.00019254219883191068,98943.3303260792,19.050766380736604,98933.80494288883,6847095.904716625,69.20219768377744
2013-2015,f,10,9.521693591900212e-05,0.5,9.521240300236444e-05,98924.27955969847,9.418818372156238,98919.57015051239,6748162.099773736,68.21542830343667
2013-2015,f,11,6.254299831133904e-05,0.5,6.254104255917946e-05,98914.86074132631,6.186238515365403,98911.76762206863,6649242.5296232235,67.22187626601178
2013-2015,f,12,0.00018434312400147476,0.5,0.00018432613437375196,98908.67450281094,18.23145362714422,98899.55877599737,6550330.762001155,66.22604938270604
2013-2015,f,13,9.162823371308145e-05,0.5,9.162403603878752e-05,98890.4430491838,9.060741517823772,98885.91267842488,6451431.203225157,65.2381666448445
2013-2015,f,14,0.00033656641067221493,0.5,0.0003365097817275189,98881.38230766598,33.27455237726099,98864.74503147735,6352545.290546732,64.24409876048263
2013-2015,f,15,0.00021432289274670094,0.5,0.0002142999280564527,98848.10775528871,21.18314238046878,98837.51618409848,6253680.545515255,63.26555649398014
2013-2015,f,16,0.00033119561617438956,0.5,0.0003311407799870554,98826.92461290825,32.7256249000493,98810.56180045822,6154843.029331157,62.27901003131331
2013-2015,f,17,0.0002629887207059786,0.5,0.0002629541437190481,98794.1989880082,25.978343999304343,98781.20981600854,6056032.4675306985,61.299474357454834
2013-2015,f,18,0.00011303905499350026,0.5,0.00011303266644060132,98768.22064400889,11.164035338981193,98762.63862633941,5957251.25771469,60.315466036251266
2013-2015,f,19,0.0002469135802469136,0.5,0.0002468831008517467,98757.05660866991,24.381448366533732,98744.86588448664,5858488.61908835,59.322227902183464
2013-2015,f,20,0.00024155885984218154,0.5,0.00024152968802415293,98732.67516030338,23.846872229260043,98720.75172418874,5759743.753203863,58.33675370238155
2013-2015,f,21,0.0001838380124484597,0.5,0.00018382111579417283,98708.82828807412,18.14476695464691,98699.7559045968,5661023.001479674,57.35072637027373
2013-2015,f,22,0.00020698041447827999,0.5,0.00020695899624886818,98690.68352111947,20.42492480065266,98680.47105871915,5562323.245575077,56.361178655579565
2013-2015,f,23,0.00033310272375534883,0.5,0.00033304725428157865,98670.25859631882,32.861858704767656,98653.82766696643,5463642.774516358,55.37274202218616
2013-2015,f,24,0.0005089188020051401,0.5,0.0005087893357755221,98637.39673761405,50.185655568755465,98612.30390982967,5364988.946849392,54.391023326789856
2013-2015,f,25,0.000301129234629862,0.5,0.00030108390204737056,98587.2110820453,29.68302220455371,98572.36957094302,5266376.642939562,53.41845646243942
2013-2015,f,26,0.0004198567547542603,0.5,0.00041976863340617554,98557.52805984074,41.371358865566435,98536.84238040796,5167804.273368619,52.43439415638455
2013-2015,f,27,0.0003185806008920257,0.5,0.0003185298621745789,98516.15670097517,31.38033781593549,98500.4665320672,5069267.430988211,51.45620374102589
2013-2015,f,28,0.00043952823968940007,0.5,0.0004394316683755676,98484.77636315924,43.27732958685374,98463.13769836581,4970766.964456144,50.47243998530911
2013-2015,f,29,0.00021866420466969556,0.5,0.00021864030026601234,98441.49903357239,21.523278907334316,98430.73739411871,4872303.826757778,49.494409111914614
2013-2015,f,30,0.00045817357544189637,0.5,0.00045806863796906826,98419.97575466505,45.08310424289084,98397.4342025436,4773873.08936366,48.50512360685459
2013-2015,f,31,0.0005273250239693193,0.5,0.0005271860247777431,98374.89265042216,51.86186859430745,98348.961716125,4675475.655161116,47.52712332582202
2013-2015,f,32,0.0005262024922863498,0.5,0.0005260640841702535,98323.03078182785,51.72421514107555,98297.16867425732,4577126.6934449915,46.55192844493703
2013-2015,f,33,0.0005762581636573184,0.5,0.0005760921747479596,98271.30656668678,56.613330715321354,98242.99990132911,4478829.524770734,45.57616746177488
2013-2015,f,34,0.000509436708553685,0.5,0.0005093069787182441,98214.69323597146,50.02142867774819,98189.68252163258,4380586.524869405,44.602150457717876
2013-2015,f,35,0.000613752976701937,0.5,0.000613564688125069,98164.67180729371,60.230376242354396,98134.55661917254,4282396.842347772,43.62462343636732
2013-2015,f,36,0.0007902015013828526,0.5,0.0007898894154818324,98104.44143105135,77.49165989815083,98065.69560110228,4184262.2857285994,42.65109942722965
2013-2015,f,37,0.0007135651189685294,0.5,0.0007133106221790409,98026.9497711532,69.9236645315832,97991.98793888741,4086196.590127497,41.684420454444854
2013-2015,f,38,0.000855327468230694,0.5,0.0008549618320610687,97957.02610662162,83.7495185033622,97915.15134736995,3988204.6021886095,40.713818709110626
2013-2015,f,39,0.001151198961471575,0.5,0.001150536713136926,97873.27658811826,112.60679794962925,97816.97318914343,3890289.4508412397,39.74822940906341
2013-2015,f,40,0.0008382436330465226,0.5,0.0008378924540391345,97760.66979016863,81.91292751899164,97719.71332640914,3792472.477652096,38.79343795201257
2013-2015,f,41,0.0010179506914616283,0.5,0.0010174328432284883,97678.75686264964,99.38157531779143,97629.06607499074,3694752.764325687,37.82555064169214
2013-2015,f,42,0.0009754145511842533,0.5,0.0009749390663083556,97579.37528733184,95.13394503357995,97531.80831481505,3597123.6982506965,36.86356556043344
2013-2015,f,43,0.0015044380923724988,0.5,0.001503307276007216,97484.24134229826,146.54876930592582,97410.9669576453,3499591.8899358814,35.89905241861295
2013-2015,f,44,0.001396717713373572,0.5,0.0013957429838991077,97337.69257299234,135.85840147768613,97269.7633722535,3402180.922978236,34.952348191600926
2013-2015,f,45,0.0013547465392383861,0.5,0.0013538294913293374,97201.83417151465,131.5947097127064,97136.0368166583,3304911.1596059822,34.00050202524366
2013-2015,f,46,0.0017630638131152358,0.5,0.0017615109849782257,97070.23946180195,170.99029312643688,96984.74431523873,3207775.122789324,33.04591747763859
2013-2015,f,47,0.0020739294863974626,0.5,0.0020717811224178905,96899.24916867551,200.7540352041251,96798.87215107345,3110790.378474085,32.10334863440517
2013-2015,f,48,0.0025331724969843185,0.5,0.0025299680742123967,96698.49513347138,244.64410551206674,96576.17308071535,3013991.5063230116,31.168959787459436
2013-2015,f,49,0.0024831077047966954,0.5,0.0024800286157147964,96453.85102795932,239.20831064523372,96334.2468726367,2917415.3332422962,30.24674807848385
2013-2015,f,50,0.0029682899753849124,0.5,0.002963891131218448,96214.64271731408,285.16972624319897,96072.05785419248,2821081.0863696598,29.320704278435144
2013-2015,f,51,0.003260064213386021,0.5,0.0032547588519577864,95929.47299107088,312.2273013813392,95773.35934038021,2725009.0285154674,28.406379640687813
2013-2015,f,52,0.0032784442291930557,0.5,0.0032730789258350076,95617.24568968955,312.9627918133192,95460.76429378288,2629235.669175087,27.497504767161463
2013-2015,f,53,0.004008211946426826,0.5,0.004000195131469828,95304.28289787623,381.2357284563186,95113.66503364807,2533774.904881304,26.58615990633268
2013-2015,f,54,0.004233188195452347,0.5,0.004224247178806349,94923.04716941991,400.978414209123,94722.55796231535,2438661.239847656,25.69092873193484
2013-2015,f,55,0.004607845527464222,0.5,0.004597253809761259,94522.06875521078,434.5419406914152,94304.79778486508,2343938.6818853407,24.797792862062437
2013-2015,f,56,0.005116290565757927,0.5,0.005103235747303544,94087.52681451937,480.15083021523606,93847.45139941174,2249633.884100476,23.910011882184126
2013-2015,f,57,0.00582368966982429,0.5,0.005806781223909983,93607.37598430413,543.5575532851362,93335.59720766157,2155786.4327010643,23.030091486193797
2013-2015,f,58,0.0068470736312146,0.5,0.006823712400592058,93063.818431019,635.0407318741927,92746.29806508191,2062450.8354934026,22.161682921082136
2013-2015,f,59,0.006632951282116445,0.5,0.006611025975506276,92428.7776991448,611.0490502533357,92123.25317401814,1969704.5374283206,21.31051157940981
2013-2015,f,60,0.007792539601430761,0.5,0.00776229560348667,91817.72864889147,712.7163514134154,91461.37047318477,1877581.2842543025,20.449006002251732
2013-2015,f,61,0.009059963341188793,0.5,0.009019106952011052,91105.01229747805,821.6858497752401,90694.16937259043,1786119.9137811176,19.60506747915296
2013-2015,f,62,0.008870618779749026,0.5,0.00883144857296715,90283.32644770281,797.3325545192929,89884.66017044317,1695425.7444085272,18.778946358280376
2013-2015,f,63,0.010435218165627782,0.5,0.010381053884590362,89485.99389318352,928.9589245212555,89021.51443092289,1605541.084238084,17.941814292799446
2013-2015,f,64,0.01098589954131038,0.5,0.01092588420815499,88557.03496866226,967.5639098851389,88073.25301371969,1516519.569807161,17.12477806358143
2013-2015,f,65,0.014111442728405437,0.5,0.014012573911292065,87589.47105877713,1227.3539370620856,86975.79409024608,1428446.3167934413,16.308424968508817
2013-2015,f,66,0.013575931589788403,0.5,0.013484399944202485,86362.11712171504,1164.5413272972655,85779.8464580664,1341470.5227031952,15.533089824703863
2013-2015,f,67,0.015913739902229312,0.5,0.015788115917103794,85197.57579441777,1345.1092024985119,84525.02119316852,1255690.6762451287,14.73857283539519
2013-2015,f,68,0.019117816422895312,0.5,0.0189368012776637,83852.46659191926,1587.8974964931112,83058.51784367271,1171165.6550519601,13.966979179653896
2013-2015,f,69,0.02119726016293114,0.5,0.02097495438047685,82264.56909542615,1725.495583906144,81401.82130347309,1088107.1372082874,13.226923196377447
2013-2015,f,70,0.022071376310869036,0.5,0.02183046213842041,80539.07351152001,1758.2051949566958,79659.97091404165,1006705.3159048143,12.499588982244983
2013-2015,f,71,0.026537698412698412,0.5,0.02619018479990209,78780.86831656331,2063.28549990755,77749.22556660953,927045.3449907727,11.767391814795035
2013-2015,f,72,0.028840393667094566,0.5,0.028430421394524823,76717.58281665576,2181.11320784688,75627.02621273232,849296.1194241631,11.070423340290342
2013-2015,f,73,0.034725333811273414,0.5,0.03413269912576248,74536.46960880888,2544.13089105401,73264.40416328187,773669.0932114308,10.37973890193475
2013-2015,f,74,0.038048364961431075,0.5,0.03733803928853388,71992.33871775487,2688.0527715169737,70648.31233199639,700404.6890481489,9.72887812124117
2013-2015,f,75,0.04472477064220184,0.5,0.04374649467190129,69304.2859462379,3031.8195758870133,67788.37615829438,629756.3767161525,9.086831616801877
2013-2015,f,76,0.050642201834862385,0.5,0.049391553328561204,66272.46637035088,3273.300056946464,64635.81634187765,561968.0005578581,8.47966027727727
2013-2015,f,77,0.059347826086956525,0.5,0.05763749604138077,62999.16631340442,3631.1141989991374,61183.609213904856,497332.18421598047,7.894266119997249
2013-2015,f,78,0.06705208864705549,0.5,0.06487701883791713,59368.052114405284,3851.622235396717,57442.240996706925,436148.57500207564,7.346519878428804
2013-2015,f,79,0.07692307692307693,0.5,0.07407407407407407,55516.42987900857,4112.328139185818,53460.26580941566,378706.3340053687,6.821518149324695
2013-2015,f,80,0.09020705892549105,0.5,0.08631399319057283,51404.10173982275,4436.893287538573,49185.655096053466,325246.06819595303,6.32723960127067
2013-2015,f,81,0.10186200797106464,0.5,0.09692549518927973,46967.208452284176,4552.319936895765,44691.04848383629,276060.41309989954,5.877726656468419
2013-2015,f,82,0.11483273634953849,0.5,0.10859746435337853,42414.88851538841,4606.1493436024175,40111.8138435872,231369.36461606328,5.454909177283842
2013-2015,f,83,0.12921748251935594,0.5,0.12137556034573024,37808.739171785994,4589.0569029410835,35514.21072031545,191257.55077247607,5.058554052899975
2013-2015,f,84,0.14510876428927214,0.5,0.1352926869769704,33219.68226884491,4494.380074673249,30972.492231508288,155743.3400521606,4.688285059192892
2013-2015,f,85,0.16258946557488277,0.5,0.15036553924178253,28725.30219417166,4319.295554309781,26565.65441701677,124770.84782065233,4.343586952619361
2013-2015,f,86,0.18172835328752565,0.5,0.1665911826407621,24406.00663986188,4065.8255096728826,22373.09388502544,98205.19340363555,4.023812451285612
2013-2015,f,87,0.20257514593607007,0.5,0.18394391338687144,20340.181130188997,3741.4525160847625,18469.454872146616,75832.09951861012,3.7281919484020594
2013-2015,f,88,0.2251553360866745,0.5,0.2023726905130584,16598.728614104235,3359.129368732363,14919.163929738053,57362.6446464635,3.455845684332801
2013-2015,f,89,0.24946505567695101,0.5,0.2217994496490432,13239.599245371872,2936.535826197369,11771.331332273188,42443.48071672545,3.205797995098854
2013-2015,f,90,0.2754663558125529,0.5,0.2421185926207077,10303.063419174503,2494.563214732427,9055.78181180829,30672.14938445226,2.976993165680209
2013-2015,f,91,0.30308333675001065,0.5,0.26319788946734846,7808.500204442076,2055.1807737145136,6780.909817584819,21616.36757264397,2.7683123527802325
2013-2015,f,92,0.33219959263039034,0.5,0.2848809284420776,5753.319430727563,1639.0109810495132,4933.813940202806,14835.45775505915,2.5785910088401023
2013-2015,f,93,0.3626574130827443,0.5,0.3069911118510887,4114.308449678049,1263.0561254649929,3482.780386945553,9901.643814856343,2.4066362393493277
2013-2015,f,94,0.39425909858269914,0.5,0.3293370369281119,2851.2523242130565,939.0229919907201,2381.7408282176966,6418.86342791079,2.2512435582783406
2013-2015,f,95,0.42677059595271,0.5,0.35171894423351285,1912.2293322223363,672.5672818615956,1575.9456912915384,4037.1225996930934,2.1112125683174563
2013-2015,f,96,0.4599274545892939,0.5,0.3739357871966861,1239.6620503607407,463.5540046595015,1007.88504803099,2461.176908401555,1.9853611778188696
2013-2015,f,97,0.4934428662800917,0.5,0.39579239849698056,776.1080457012392,307.1776649008977,622.5192132507904,1453.2918603705652,1.872538067889076
2013-2015,f,98,0.527017316045822,0.5,0.4171062166447502,468.93038080034154,195.5937770054125,371.13349229763526,830.772647119775,1.7716332341313936
2013-2015,f,99,0.5603491771269481,0.5,0.4377130917398808,273.33660379492903,119.64300993275722,213.51509882855044,459.63915482213974,1.6815865436265693
2013-2015,f,100,0.593145464843298,0.5,0.45747180239974805,153.6935938621718,70.3104854014226,118.53835116146051,246.1240559935893,1.6013943705051663
2013-2015,f,101,0.6251319438217582,0.5,0.4762670655796976,83.38310846074921,39.71262838551469,63.52679426799187,127.58570483212881,1.5301145182442677
2013-2015,f,102,0.6560618648830644,0.5,0.49401098186540027,43.67048007523452,21.573696740500004,32.88363170498452,64.05891056413694,1.4668698501545594
2013-2015,f,103,0.6857227761810831,0.5,0.5106430062421667,22.096783334734518,11.283567870330645,16.454999399569196,31.17527885915242,1.4108514523083175
2013-2015,f,104,0.7139410771702818,0.5,0.5261286497160651,10.813215464403873,5.689142451375684,7.968644238716031,14.720279459583226,1.3613230503027571
2013-2015,f,105,0.7405842253013043,0.5,0.5404571904517061,5.124073013028189,2.7693421042906237,3.7394019608828772,6.751635220867195,1.317630565314127
2013-2015,f,106,0.7655607270831325,0.5,0.5536387030564885,2.3547309087375656,1.3036701663604926,1.7028958255573192,3.012233259984318,1.2792261097890192
2013-2015,f,107,0.7888182191724614,0.5,0.5657007070231569,1.051060742377073,0.5945858050869943,0.7537678398335759,1.3093374344269983,1.2457295583752925
2013-2015,f,108,0.8103400561928269,0.5,0.5766847000648001,0.45647493729007865,0.26324211229822747,0.3248538811409649,0.5555695945934225,1.21708674279388
2013-2015,f,109,0.8301408679747927,0.5,0.5866427903773068,0.1932328249918512,0.11335864364570938,0.1365535031689965,0.23071571345245762,1.193977852687229
2013-2015,f,110,0.8482615383144966,0.5,1.0,0.07987418134614183,0.07987418134614183,0.09416221028346111,0.09416221028346111,1.178881694892131
2014-2016,m,0,0.010651787978696424,0.0710893989348212,0.010547425853675881,100000.0,1054.7425853675813,99020.23843105717,7337757.802589539,73.37757802589539
2014-2016,m,1,0.0002819601872215643,0.5,0.00028192044205125314,98945.25741463242,27.894690709203132,98931.31006927782,7238737.5641584825,73.1590149270559
2014-2016,m,2,0.0003420265070542967,0.5,0.00034196802598957,98917.36272392322,33.82657526679395,98900.44943628981,7139806.254089205,72.17950476516737
2014-2016,m,3,0.0004588603057156787,0.5,0.00045875505347363593,98883.53614865642,45.36332191353722,98860.85448769966,7040905.804652914,71.20402524913732
2014-2016,m,4,0.00017190991920233798,0.5,0.00017189514396218308,98838.17282674288,16.989801947012893,98829.67792576939,6942044.950165215,70.23647596495115
2014-2016,m,5,0.00020192113537369834,0.5,0.0002019007513592247,98821.18302479587,19.952071102903574,98811.20698924441,6843215.272239446,69.24846538745007
2014-2016,m,6,0.00032317771836530833,0.5,0.0003231255048836014,98801.23095369297,31.925197635035147,98785.26835487544,6744404.065250201,68.262348557289
2014-2016,m,7,0.00012071827372868568,0.5,0.00012071098771765699,98769.30575605793,11.922540454004775,98763.34448583092,6645618.796895326,67.2842513777386
2014-2016,m,8,0.0002152984959862209,0.5,0.00021527532175972202,98757.38321560393,21.260027447890025,98746.75320187998,6546855.452409496,66.29231394392673
2014-2016,m,9,0.00024716532270522445,0.5,0.0002471347811312595,98736.12318815604,24.40113019385899,98723.9226230591,6448108.699207616,65.30648045518059
2014-2016,m,10,0.00012273326992114387,0.5,0.00012272573865553955,98711.72205796218,12.114469003528939,98705.66482346042,6349384.776584557,64.32250034961689
2014-2016,m,11,0.00021171702507334481,0.5,0.00021169461539624696,98699.60758895865,20.89417546830373,98689.1605012245,6250679.111761097,63.330333974502544
2014-2016,m,12,0.0002680885287897292,0.5,0.00026805259787642774,98678.71341349035,26.45108548559074,98665.48787074754,6151989.951259872,62.34363763420161
2014-2016,m,13,0.00017611318207167806,0.5,0.00017609767551068323,98652.26232800476,17.372434079821687,98643.57611096484,6053324.463389125,61.36021942672415
2014-2016,m,14,0.0002045228773447087,0.5,0.00020450196467958925,98634.88989392493,20.171028769254917,98624.8043795403,5954680.88727816,60.370938657527894
2014-2016,m,15,0.00026396058188643827,0.5,0.00026392574888931247,98614.71886515568,26.026963527998305,98601.70538339167,5856056.08289862,59.38318488648844
2014-2016,m,16,0.0004994711481960277,0.5,0.0004993464436252551,98588.69190162768,49.229912682742,98564.0769452863,5757454.3775152275,58.39872977785369
2014-2016,m,17,0.0005494187727719623,0.5,0.0005492678837286616,98539.46198894494,54.124561750431894,98512.39970806972,5658890.300569941,57.427655746738374
2014-2016,m,18,0.0004188423198279954,0.5,0.0004187546237489706,98485.3374271945,41.24119041911035,98464.71683198496,5560377.900861871,56.45894146397572
2014-2016,m,19,0.0007289416846652267,0.5,0.0007286761034720066,98444.0962367754,71.73386045564257,98408.22930654758,5461913.1840298865,55.48238434626921
2014-2016,m,20,0.0003696272045622558,0.5,0.0003695589050497585,98372.36237631975,36.35438252694439,98354.18518505628,5363504.954723339,54.52247791107683
2014-2016,m,21,0.000600694716498211,0.5,0.000600514353598517,98336.00799379281,59.05218427584623,98306.48190165489,5265150.769538282,53.54244977964359
2014-2016,m,22,0.00046315356113627005,0.5,0.0004630463303578319,98276.95580951696,45.50678374634299,98254.2024176438,5166844.287636627,52.574321671614896
2014-2016,m,23,0.0006571630775452431,0.5,0.0006569472168178488,98231.44902577062,64.53287704146351,98199.18258724989,5068590.085218984,51.59844566569775
2014-2016,m,24,0.0007495502698380972,0.5,0.0007492694622742827,98166.91614872916,73.55347247587633,98130.13941249122,4970390.902631734,50.632036714907834
2014-2016,m,25,0.0006203627881585151,0.5,0.0006201704228321942,98093.36267625328,60.83460220796405,98062.9453751493,4872260.763219242,49.669627284565834
2014-2016,m,26,0.0007845252396479443,0.5,0.0007842176203896581,98032.52807404532,76.87883588700788,97994.08865610181,4774197.817844093,48.70013975604174
2014-2016,m,27,0.0008739348918505571,0.5,0.0008735531775496833,97955.64923815831,85.56946865093778,97912.86450383284,4676203.7291879915,47.737968821163115
2014-2016,m,28,0.0007750623682999491,0.5,0.0007747621238166719,97870.07976950737,75.82603086033487,97832.1667540772,4578290.864684159,46.77926977750949
2014-2016,m,29,0.0008248423095584668,0.5,0.0008245022673812354,97794.25373864704,80.6315839443705,97753.93794667485,4480458.697930082,45.815153003815624
2014-2016,m,30,0.0007237810321117518,0.5,0.0007235191973760371,97713.62215470267,70.6976814740774,97678.27331396562,4382704.759983407,44.852546281055865
2014-2016,m,31,0.0009542212361936115,0.5,0.0009537661842199386,97642.92447322859,93.12851949091419,97596.36021348313,4285026.486669442,43.884659434225526
2014-2016,m,32,0.0008049623561721673,0.5,0.0008046385043190156,97549.79595373767,78.49232191283954,97510.54979278125,4187430.1264559585,42.92607775870509
2014-2016,m,33,0.0008730533270410571,0.5,0.000872672382277675,97471.30363182483,85.06051474409469,97428.77337445278,4089919.576663177,41.96024290504923
2014-2016,m,34,0.0009701616147275266,0.5,0.000969691236119816,97386.24311708074,94.43458646925865,97339.02582384611,3992490.8032887243,40.99645571591491
2014-2016,m,35,0.0008817921830314585,0.5,0.000881403575639911,97291.80853061148,85.75334791935165,97248.9318566518,3895151.7774648783,40.03576288993872
2014-2016,m,36,0.0011324209714726292,0.5,0.0011317801456865934,97206.05518269213,110.01588329629158,97151.04724104398,3797902.8456082265,39.070640594048676
2014-2016,m,37,0.0012166930283489476,0.5,0.0012159533073929961,97096.03929939584,118.06425012086402,97037.0071743354,3700751.7983671827,38.114343541407564
2014-2016,m,38,0.001465165685819638,0.5,0.001464093116322198,96977.97504927497,141.9847857045097,96906.98265642271,3603714.7911928473,37.1601365089525
2014-2016,m,39,0.0015455571365487464,0.5,0.001544363685391055,96835.99026357046,149.54998680193967,96761.21527016949,3506807.808536425,36.21388906120042
2014-2016,m,40,0.0018332259822622999,0.5,0.0018315471623394303,96686.44027676852,177.0857753256132,96597.89738910572,3410046.593266255,35.269129606022005
2014-2016,m,41,0.002107693079741055,0.5,0.0021054742330058147,96509.35450144291,203.19795914681163,96407.7555218695,3313448.6958771497,34.3329277560095
2014-2016,m,42,0.0024537704586274065,0.5,0.002450763652901123,96306.1565422961,236.0236280044628,96188.14472829388,3217040.9403552804,33.40431241218113
2014-2016,m,43,0.002337279609775926,0.5,0.002334551360129923,96070.13291429164,224.2806594629219,95957.99258456018,3120852.7956269863,32.48515122188116
2014-2016,m,44,0.0029738454108735987,0.5,0.0029694300978389144,95845.85225482871,284.60755843851075,95703.54847560945,3024894.8030424262,31.559996931322942
2014-2016,m,45,0.003210313447927199,0.5,0.0032051686499173465,95561.2446963902,306.28990564795095,95408.09974356623,2929191.2545668166,30.652502108707527
2014-2016,m,46,0.003784650859692215,0.5,0.0037775025954694982,95254.95479074225,359.82583895335847,95075.04187126557,2833783.1548232506,29.749456719060493
2014-2016,m,47,0.0038372035450809526,0.5,0.003829855577381614,94895.1289517889,363.4346388823469,94713.41163234772,2738708.112951985,28.86036557622863
2014-2016,m,48,0.004407335765529737,0.5,0.004397644816886956,94531.69431290655,415.71681552669907,94323.8359051432,2643994.7013196372,27.969399263783732
2014-2016,m,49,0.004747371990505256,0.5,0.004736129905277402,94115.97749737985,445.7454955897556,93893.10474958498,2549670.865414494,27.09073350999809
2014-2016,m,50,0.005824632637277649,0.5,0.005807718723265817,93670.2320017901,544.0103602094459,93398.22682168537,2455777.760664909,26.217269971296513
2014-2016,m,51,0.005831332385945999,0.5,0.005814379595925049,93126.22164158065,541.4712029583898,92855.48604010144,2362379.533843224,25.367501142003025
2014-2016,m,52,0.007557113381559649,0.5,0.007528665890685753,92584.75043862226,697.0396526249096,92236.2306123098,2269524.0478031226,24.512935845819136
2014-2016,m,53,0.007941447384799223,0.5,0.007910038806303234,91887.71078599735,726.8353581396077,91524.29310692754,2177287.817190813,23.69509261430645
2014-2016,m,54,0.008305688659540483,0.5,0.008271339075959278,91160.87542785774,754.0225111250911,90783.8641722952,2085763.5240838851,22.880029555382038
2014-2016,m,55,0.009664901276450345,0.5,0.009618420733040247,90406.85291673265,869.5711485032225,89972.06734248104,1994979.65991159,22.06668626933651
2014-2016,m,56,0.010238907849829351,0.5,0.010186757215619695,89537.28176822943,912.0945511194877,89081.23449266968,1905007.5925691088,21.276138329732767
2014-2016,m,57,0.010789225656034525,0.5,0.010731334262559978,88625.18721710994,951.0665081087645,88149.65396305555,1815926.3580764392,20.489957935184563
2014-2016,m,58,0.012257661038148843,0.5,0.012182993535554451,87674.12070900117,1068.1332458331744,87140.0540860846,1727776.7041133838,19.706803902237475
2014-2016,m,59,0.014096604688763137,0.5,0.013997942954619574,86605.987463168,1212.3056720379245,85999.83462714904,1640636.6500272993,18.943686205587497
2014-2016,m,60,0.01498907314564854,0.5,0.014877572633432432,85393.68179113007,1270.4507032837573,84758.45643948819,1554636.8154001501,18.205525078573576
2014-2016,m,61,0.01714646930228883,0.5,0.017000718156296925,84123.23108784632,1430.1553421215067,83408.15341678556,1469878.358960662,17.47291847867482
2014-2016,m,62,0.017584541062801932,0.5,0.017431280528684992,82693.07574572481,1441.4462011035357,81972.35264517304,1386470.2055438764,16.766460710775487
2014-2016,m,63,0.01853686971728359,0.5,0.018366639713526627,81251.62954462128,1492.3194059829984,80505.46984162978,1304497.8528987034,16.0550361907795
2014-2016,m,64,0.02234619746804402,0.5,0.022099280030314514,79759.31013863828,1762.6233297784638,78877.99847374904,1223992.3830570737,15.34607534756156
2014-2016,m,65,0.02251131943115873,0.5,0.02226075989279521,77996.68680885981,1736.2655174855754,77128.55405011703,1145114.3845833247,14.681577275065083
2014-2016,m,66,0.02398566831436818,0.5,0.023701421101804655,76260.42129137424,1807.4803584278852,75356.6811121603,1067985.8305332076,14.00445752132249
2014-2016,m,67,0.0252963284186181,0.5,0.024980372564413676,74452.94093294635,1859.8622030212864,73523.00983143572,992629.1494210473,13.332302753695476
2014-2016,m,68,0.030985459111345134,0.5,0.030512733581955605,72593.07872992507,2215.013271180127,71485.572094335,919106.1395896116,12.661071216018396
2014-2016,m,69,0.03235573229698586,0.5,0.03184061902432517,70378.06545874494,2240.881169940927,69257.62487377448,847620.5674952766,12.04381737364101
2014-2016,m,70,0.03344884011935701,0.5,0.032898629618233886,68137.18428880401,2241.6199891467113,67016.37429423066,778362.9426215021,11.42346797487784
2014-2016,m,71,0.03999606434791164,0.5,0.039211903441290656,65895.5642996573,2583.890504527524,64603.61904739354,711346.5683272714,10.795059969324383
2014-2016,m,72,0.04134840615133924,0.5,0.04051087607264019,63311.67379512978,2564.8113710659236,62029.268109596815,646742.9492798778,10.215224310332927
2014-2016,m,73,0.049682480388494585,0.5,0.04847822125022781,60746.86242406385,2944.89983685092,59274.41250563839,584713.681170281,9.62541368949216
2014-2016,m,74,0.05190214341824711,0.5,0.05058929694550028,57801.96258721293,2924.160649357211,56339.88226253433,525439.2686646426,9.09033612607613
2014-2016,m,75,0.05777616279069767,0.5,0.05615398198834539,54877.80193785572,3081.607101578338,53336.99838706655,469099.38640210824,8.548071712735908
2014-2016,m,76,0.06269467824242826,0.5,0.060789101657884585,51796.194836277384,3148.6441533940597,50221.87275958035,415762.3880150417,8.026890572352375
2014-2016,m,77,0.06679525646520931,0.5,0.06463654903045175,48647.550682883324,3144.409794925574,47075.34578542053,365540.51525546133,7.51405795614037
2014-2016,m,78,0.07605676101809446,0.5,0.07327040613359372,45503.14088795775,3334.0336132148004,43836.124081350354,318465.1694700408,6.998751366508889
2014-2016,m,79,0.08996732807395011,0.5,0.08609448278491631,42169.10727474295,3630.527480320641,40353.84353458263,274629.0453886905,6.5125648404034076
2014-2016,m,80,0.09980257772767728,0.5,0.0950590105815373,38538.57979442231,3663.4392644754116,36706.8601621846,234275.20185410784,6.078978600244488
2014-2016,m,81,0.1116087196014562,0.5,0.10570965971623869,34875.1405299469,3686.639237976691,33031.82091095855,197568.34169192324,5.665019228303137
2014-2016,m,82,0.12461813033369107,0.5,0.11730873285367156,31188.501291970206,3658.6835661661244,29359.159508887144,164536.5207809647,5.275550730721591
2014-2016,m,83,0.1389068500596188,0.5,0.12988583402381174,27529.81772580408,3575.733335839577,25741.951057884293,135177.36127207754,4.910216355895954
2014-2016,m,84,0.15454467259209906,0.5,0.1434592418138806,23954.084389964504,3436.434784930021,22235.866997499492,109435.41021419325,4.568549080508412
2014-2016,m,85,0.17159215280354018,0.5,0.15803349867700853,20517.649605034483,3242.475951712542,18896.411629178212,87199.54321669377,4.249977209636007
2014-2016,m,86,0.1900972865776109,0.5,0.1735971162036088,17275.17365332194,2998.9203281332484,15775.713489255317,68303.13158751556,3.9538318374230155
2014-2016,m,87,0.21009196399872648,0.5,0.19012056278292278,14276.253325188693,2714.209316616447,12919.148666880468,52527.41809826024,3.6793559837987795
2014-2016,m,88,0.2315883443052114,0.5,0.20755471760389996,11562.044008572246,2399.756779123076,10362.165619010708,39608.26943137977,3.4257151591893007
2014-2016,m,89,0.2545753498217057,0.5,0.2258299771101798,9162.28722944917,2069.1191153033988,8127.727671797471,29246.10381236906,3.1920090562503916
2014-2016,m,90,0.27901551955331055,0.5,0.24485618211849466,7093.168114145771,1736.8060635543761,6224.7650823685835,21118.37614057159,2.9772840289031937
2014-2016,m,91,0.304842493778288,0.5,0.26452349312474277,5356.362050591395,1416.883600063246,4647.920250559772,14893.611058203005,2.780545996990365
2014-2016,m,92,0.3319594105595074,0.5,0.2847042783475037,3939.478450528149,1121.586369323159,3378.6852658665694,10245.690807643234,2.6007734110766965
2014-2016,m,93,0.3602384760901503,0.5,0.3052559982726007,2817.89208120499,860.1784602726855,2387.802851068647,6867.005541776665,2.436929926301574
2014-2016,m,94,0.3895219182250646,0.5,0.326024980356239,1957.7136209323046,638.263544807596,1638.5818485285067,4479.202690708018,2.2879764654111807
2014-2016,m,95,0.41962444585056424,0.5,0.34685088966610667,1319.4500761247086,457.6524327738673,1090.623859737775,2840.620842179512,2.1528823966743467
2014-2016,m,96,0.4503372211171333,0.5,0.3675716282935294,861.7976433508413,316.7723630259951,703.4114618378437,1749.9969824417365,2.030635609117471
2014-2016,m,97,0.48143321834621666,0.5,0.3880283497349762,545.0252803248462,211.48526008829282,439.28265028069984,1046.5855206038927,1.9202513321585861
2014-2016,m,98,0.5126737090435138,0.5,0.4080702617282294,333.5400202365534,136.1077633547693,265.48613855916875,607.302870323193,1.820779617068085
2014-2016,m,99,0.5438154958632869,0.5,0.427558914353365,197.4322568817841,84.41392141071029,155.22529617642897,341.8167317640242,1.731311474440029
2014-2016,m,100,0.5746184374818981,0.5,0.4463717257023164,113.01833547107381,50.448189440226535,87.79424075096054,186.59143558759524,1.6509837524138011
2014-2016,m,101,0.6048527742422398,0.5,0.4644045761228816,62.570146030847276,29.05786214540244,48.04121495814606,98.7971948366347,1.5789829671793858
2014-2016,m,102,0.6343057864521057,0.5,0.4815733919078479,33.51228388544484,16.138624221292385,25.442971774798643,50.75597987848864,1.5145485175521904
2014-2016,m,103,0.662787389695291,0.5,0.49781472772494645,17.373659664152452,8.648863655295939,13.049227836504482,25.313008103689995,1.4569761692707162
2014-2016,m,104,0.6901343826380447,0.5,0.5130854332721279,8.724796008856513,4.476565740415076,6.486513138648975,12.263780267185513,1.405623725154902
2014-2016,m,105,0.7162131953070044,0.5,0.5273615462471481,4.2482302684414375,2.2403532831792137,3.1280536268518304,5.777267128536537,1.3599232535613148
2014-2016,m,106,0.7409211206250798,0.5,0.540636587495892,2.007876985262224,1.085531761423708,1.4651111045503695,2.6492135016847067,1.3194102632431568
2014-2016,m,107,0.7641861319858109,0.5,0.5529194457225746,0.9223452238385156,0.509982609929656,0.6673539188736877,1.1841023971343374,1.2837952282188543
2014-2016,m,108,0.7859654823935167,0.5,0.564232031847191,0.4123626139088596,0.23266819550361456,0.2960285161570523,0.5167484782606497,1.2531409512668903
2014-2016,m,109,0.8062433398206796,0.5,0.5746068620493895,0.17969441840524503,0.1032536458876279,0.12806759546143107,0.22071996210359746,1.2283072788929483
2014-2016,m,110,0.8250277385017025,0.5,1.0,0.07644077251761712,0.07644077251761712,0.09265236664216639,0.09265236664216639,1.2120804590353011
2014-2016,f,0,0.009805101058710299,0.08156262030798846,0.009717590547456086,100000.0,971.7590547456202,99107.50016006744,7737639.095360787,77.37639095360787
2014-2016,f,1,0.00018129626831847712,0.5,0.0001812798356396157,99028.24094525438,17.951823242241517,99019.26503363326,7638531.595200719,77.13488114389021
2014-2016,f,2,0.00030546476463939886,0.5,0.0003054181174027244,99010.28912201214,30.23953610713943,98995.16935395857,7539512.330167086,76.14877602140936
2014-2016,f,3,0.0001839926402943882,0.5,0.00018397571520559287,98980.049585905,18.209925413655583,98970.94462319817,7440517.160813128,75.17188758685644
2014-2016,f,4,0.00024476059354443935,0.5,0.00024473064333567864,98961.83966049134,24.2189946857834,98949.73016314846,7341546.216189929,74.1856279286702
2014-2016,f,5,0.00018476888491977952,0.5,0.00018475181672619783,98937.62066580556,18.278905160565046,98928.48121322528,7242596.486026781,73.20366547413788
2014-2016,f,6,9.403504372629533e-05,0.5,9.403062263943958e-05,98919.341760645,9.30144729683525,98914.69103699658,7143668.004813556,72.21710009048665
2014-2016,f,7,9.628345850182938e-05,0.5,9.627882347277717e-05,98910.04031334816,9.522942311014049,98905.27884219265,7044753.313776559,71.22384432822693
2014-2016,f,8,9.753877166173554e-05,0.5,9.753401498772697e-05,98900.51737103715,9.646164543562918,98895.69428876537,6945848.034934366,70.23065419239603
2014-2016,f,9,0.00026018798581975476,0.5,0.00026015414132873725,98890.87120649358,25.726869683974655,98878.0077716516,6846952.340645601,69.23745596647147
2014-2016,f,10,0.00012905307307630262,0.5,0.00012904474626576764,98865.14433680961,12.758027465475607,98858.76532307686,6748074.33287395,68.25534295367935
2014-2016,f,11,6.375721253466799e-05,0.5,6.37551801083838e-05,98852.38630934413,6.302351693288074,98849.23513349748,6649215.567550873,67.26408755316359
2014-2016,f,12,0.00021981472758674832,0.5,0.00021979057098450478,98846.08395765084,21.725437232642435,98835.22123903452,6550366.332417376,66.26834438098514
2014-2016,f,13,3.086610284585468e-05,0.5,3.086562649505379e-05,98824.3585204182,3.050275738700293,98822.83338254885,6451531.111178342,65.28280282077809
2014-2016,f,14,0.00043023970497848803,0.5,0.0004301471717823455,98821.3082446795,42.50770625328005,98800.05439155287,6352708.2777957935,64.28480244429288
2014-2016,f,15,0.0001232551690136505,0.5,0.00012324757356339545,98778.80053842622,12.174247485861997,98772.7134146833,6253908.223404241,63.31225110363018
2014-2016,f,16,0.0002777263469727828,0.5,0.00027768778636552964,98766.62629094036,27.42628582152247,98752.91314802959,6155135.509989558,62.319993515402224
2014-2016,f,17,0.00030369290573372206,0.5,0.0003036467980445146,98739.20000511884,29.981841923028696,98724.20908415732,6056382.596841528,61.33716494084977
2014-2016,f,18,8.845643520566122e-05,0.5,8.845252310822167e-05,98709.21816319581,8.731079400575254,98704.85262349552,5957658.387757371,60.35564356216035
2014-2016,f,19,0.0002568786391140541,0.5,0.0002568456500335326,98700.48708379523,25.350790763666737,98687.8116884134,5858953.535133876,59.36093841319863
2014-2016,f,20,0.00022180326050792945,0.5,0.0002217786648924373,98675.13629303157,21.884039985146956,98664.194273039,5760265.723445462,58.37606047322229
2014-2016,f,21,0.00024437264112520026,0.5,0.0002443427857792499,98653.25225304642,24.105210481691756,98641.19964780557,5661601.529172423,57.3888989959537
2014-2016,f,22,5.3150495628371736e-05,0.5,5.3149083178315176e-05,98629.14704256473,5.242048739979509,98626.52601819474,5562960.329524618,56.402802785304914
2014-2016,f,23,0.00026176639966493903,0.5,0.00026173214332452166,98623.90499382475,25.813046037059394,98610.99847080623,5464333.803506423,55.405774125944085
2014-2016,f,24,0.00046690184685619425,0.5,0.000466792873628796,98598.09194778769,46.02488667462603,98575.07950445038,5365722.805035616,54.42014849412114
2014-2016,f,25,0.0002575527339222706,0.5,0.00025751957148743306,98552.06706111306,25.379086078784894,98539.37751807367,5267147.7255311655,53.445329789632495
2014-2016,f,26,0.0003048238372240709,0.5,0.00030477738551799453,98526.68797503428,30.02870636478474,98511.67362185189,5168608.348013092,52.458967760316554
2014-2016,f,27,0.0002750068751718793,0.5,0.00027496906598007727,98496.6592686695,27.083534401273937,98483.11750146886,5070096.67439124,51.474808506565985
2014-2016,f,28,0.0004963271788763153,0.5,0.0004962040391008783,98469.57573426822,48.8610012079007,98445.14523366427,4971613.5568897715,50.48882885721228
2014-2016,f,29,0.00017301038062283736,0.5,0.00017299541562148602,98420.71473306032,17.026332451001508,98412.20156683482,4873168.411656107,49.51364583028343
2014-2016,f,30,0.00039326533120314614,0.5,0.0003931880175951638,98403.68840060932,38.69115116629109,98384.34282502616,4774756.210089272,48.522126433420425
2014-2016,f,31,0.0004145027186501841,0.5,0.00041441683019879813,98364.99724944303,40.76411036263744,98344.61519426171,4676371.867264246,47.54101558510159
2014-2016,f,32,0.00048449612403100775,0.5,0.00048437878420925167,98324.23313908039,47.62617250622134,98300.42005282728,4578027.252069984,46.56051825590471
2014-2016,f,33,0.00045918120740490116,0.5,0.0004590758079130172,98276.60696657417,45.11641274213616,98254.04876020309,4479726.832017156,45.58283980582277
2014-2016,f,34,0.0005817758708457567,0.5,0.0005816066884769175,98231.49055383203,57.13209192517388,98202.92450786944,4381472.783256954,44.60354575252886
2014-2016,f,35,0.0006855352071295661,0.5,0.0006853003083851387,98174.35846190686,67.27891812945018,98140.71900284213,4283269.858749084,43.62921159715098
2014-2016,f,36,0.0009165902841429881,0.5,0.0009161704076958314,98107.0795437774,89.88280306347588,98062.13814224568,4185129.1397462417,42.65878832810175
2014-2016,f,37,0.0008221635358014849,0.5,0.0008218256982405458,98017.19674071393,80.5530511510151,97976.92021513842,4087067.001603996,41.69744838158924
2014-2016,f,38,0.0007691544263596665,0.5,0.0007688587408077977,97936.64368956292,75.29944454609358,97898.99396728986,3989090.0813888577,40.731333350909736
2014-2016,f,39,0.0009360758714127356,0.5,0.0009356379573546068,97861.34424501682,91.56278823337925,97815.56285090014,3891191.0874215676,39.76228936401219
2014-2016,f,40,0.000912971599180793,0.5,0.0009125550307679028,97769.78145678344,89.22030592546798,97725.17130382071,3793375.5245706677,38.79905905535269
2014-2016,f,41,0.0009439586645468999,0.5,0.0009435133457479828,97680.56115085798,92.16291306598578,97634.47969432498,3695650.353266847,37.83404097729619
2014-2016,f,42,0.0012248162775583661,0.5,0.0012240666491800001,97588.39823779199,119.45470362977358,97528.6708859771,3598015.873572522,36.86929941001079
2014-2016,f,43,0.0014105082867361845,0.5,0.0014095142209916939,97468.94353416222,137.38386201643152,97400.251603154,3500487.202686545,35.91387241680369
2014-2016,f,44,0.001565182267999596,0.5,0.001563958328078097,97331.55967214578,152.2225033340801,97255.44842047874,3403086.951083391,34.96385923072064
2014-2016,f,45,0.001531355123763619,0.5,0.0015301834965947146,97179.3371688117,148.70221794572717,97104.98605983885,3305831.502662912,34.0178436998423
2014-2016,f,46,0.0017352933885321897,0.5,0.0017337890721751622,97030.63495086598,168.2306545440224,96946.51962359397,3208726.516603073,33.06921075212892
2014-2016,f,47,0.0019955654101995565,0.5,0.0019935762542917265,96862.40429632195,193.1025891387544,96765.85300175258,3111779.996979479,32.12577696770675
2014-2016,f,48,0.002554278416347382,0.5,0.0025510204081632655,96669.3017071832,246.60536149791733,96545.99902643423,3015014.143977727,31.188951308558902
2014-2016,f,49,0.002548296281914377,0.5,0.0025450535067201526,96422.69634568528,245.40092146200186,96299.99588495429,2918468.144951293,30.267439675076957
2014-2016,f,50,0.0030977595274115696,0.5,0.003092968890487322,96177.29542422328,297.4733827183227,96028.55873286413,2822168.1490663383,29.343392706336648
2014-2016,f,51,0.003229566315380506,0.5,0.003224359673685104,95879.82204150496,309.15103171073133,95725.24652564959,2726139.5903334743,28.43288120782461
2014-2016,f,52,0.0033807298399124988,0.5,0.003375024816358944,95570.67100979423,322.55338637412933,95409.39431660715,2630414.343807825,27.52323820702542
2014-2016,f,53,0.0042959188770667865,0.5,0.004286711195294586,95248.1176234201,408.3011721470539,95043.96703734656,2535004.9494912177,26.614751165097015
2014-2016,f,54,0.004083640836408364,0.5,0.004075319765300862,94839.81645127304,386.5025785213802,94646.56516201235,2439960.982453871,25.72717950911976
2014-2016,f,55,0.004890154003357419,0.5,0.004878226364265172,94453.31387275166,460.764645926276,94222.93154978853,2345314.4172918587,24.83040902568529
2014-2016,f,56,0.004714201532115498,0.5,0.004703115814226925,93992.54922682539,442.05784468818456,93771.5203044813,2251091.4857420702,23.949680099745724
2014-2016,f,57,0.005544367370279207,0.5,0.005529039856195376,93550.4913821372,517.2443954185001,93291.86918442795,2157319.9654375887,23.060487802520658
2014-2016,f,58,0.006741459978870051,0.5,0.006718812675491377,93033.2469867187,625.0729590964766,92720.71050717047,2064028.0962531609,22.185919153695867
2014-2016,f,59,0.006649071160288296,0.5,0.006627039332237259,92408.17402762223,612.3926039012877,92101.97772567158,1971307.3857459903,21.33260835948058
2014-2016,f,60,0.007549584133077415,0.5,0.0075211931926827715,91795.78142372094,690.4138063610881,91450.5745205404,1879205.4080203187,20.4715878973357
2014-2016,f,61,0.00889060688055663,0.5,0.008851260342505293,91105.36761735985,806.3973273808951,90702.1689536694,1787754.8334997783,19.622936389525385
2014-2016,f,62,0.00882104373547433,0.5,0.008782309168835949,90298.97028997896,793.0334747141314,89902.45355262188,1697052.6645461088,18.793710040062788
2014-2016,f,63,0.010787928444626518,0.5,0.010730050933786076,89505.93681526482,960.4032609040296,89025.7351848128,1607150.210993487,17.955794533613496
2014-2016,f,64,0.011810027275539184,0.5,0.01174069829200794,88545.5335543608,1039.5863945666206,88025.74035707748,1518124.475808674,17.14512765205318
2014-2016,f,65,0.014912104614149293,0.5,0.01480174205117987,87505.94715979417,1295.2404578034475,86858.32693089245,1430098.7354515966,16.342874763015825
2014-2016,f,66,0.014223998589355512,0.5,0.014123551898217047,86210.70670199073,1217.6013902875275,85601.90600684696,1343240.4085207041,15.580900098220479
2014-2016,f,67,0.01669359181475498,0.5,0.016555407209612814,84993.1053117032,1407.0954684447497,84289.55757748082,1257638.502513857,14.796947327687361
2014-2016,f,68,0.018483245149911818,0.5,0.018313994128337764,83586.00984325845,1530.7936934806203,82820.61299651815,1173348.9449363763,14.037623606350575
2014-2016,f,69,0.01940987712295531,0.5,0.0192233160220138,82055.21614977783,1577.3733513018233,81266.52947412692,1090528.3319398582,13.29017682372909
2014-2016,f,70,0.022252554080324276,0.5,0.022007690419700566,80477.842798476,1771.1314499541913,79592.2770734989,1009261.8024657312,12.540865502483912
2014-2016,f,71,0.024835676844995425,0.5,0.02453105417788096,78706.71134852181,1930.7586002534226,77741.3320483951,929669.5253922322,11.811820230622459
2014-2016,f,72,0.02730476877999066,0.5,0.026937014306361407,76775.95274826839,2068.1149375646346,75741.89527948608,851928.1933438372,11.096289435015205
2014-2016,f,73,0.03448884184528535,0.5,0.03390418382831129,74707.83781070376,2532.90826654977,73441.38367742888,776186.2980643511,10.389623375676695
2014-2016,f,74,0.03889585947302384,0.5,0.03815384615384615,72174.92954415399,2753.751157992345,70798.05396515781,702744.9143869221,9.736689995062738
2014-2016,f,75,0.044374322058968546,0.5,0.04341115184256222,69421.17838616164,3013.6533160112594,67914.351728156,631946.8604217643,9.103084607790755
2014-2016,f,76,0.05151784314749987,0.5,0.0502241238793806,66407.52507015038,3335.259765646304,64739.89518732723,564032.5086936083,8.493502929039831
2014-2016,f,77,0.05878445699103288,0.5,0.05710598483626392,63072.26530450408,3601.8038260678295,61271.363391470164,499292.6135062811,7.916199158152417
2014-2016,f,78,0.06773969430291801,0.5,0.06552052416419332,59470.46147843625,3896.535808353612,57522.19357425944,438021.25011481094,7.3653581832997155
2014-2016,f,79,0.07407181984175289,0.5,0.07142647533527012,55573.92567008264,3969.4496311582916,53589.20085450349,380499.0565405515,6.846719067488645
2014-2016,f,80,0.09030484430790267,0.5,0.08640351626587986,51604.476038924346,4458.808184821406,49375.07194651364,326909.855686048,6.334912797864
2014-2016,f,81,0.10189745424532826,0.5,0.09695758852509181,47145.66785410294,4571.130264538762,44860.10272183356,277534.7837395343,5.8867504984422725
2014-2016,f,82,0.11479044509712756,0.5,0.10855964037784886,42574.53758956418,4621.87648997629,40263.59934457603,232674.6810177008,5.465113520686453
2014-2016,f,83,0.12908030914971455,0.5,0.12125452346254148,37952.66109958789,4601.931835765863,35651.695181704956,192411.08167312475,5.0697652311714725
2014-2016,f,84,0.14485796573387796,0.5,0.13507464647834042,33350.729263822024,4504.837965105602,31098.310281269223,156759.38649141978,4.700328597056141
2014-2016,f,85,0.1622049670246473,0.5,0.1500366241854057,28845.891298716422,4327.94015207858,26681.921222677134,125661.07621015055,4.356290291357445
2014-2016,f,86,0.18118915317314482,0.5,0.1661379554446756,24517.951146637843,4073.3622751948496,22481.270009040418,98979.15498747342,4.037007594782098
2014-2016,f,87,0.20185987244338163,0.5,0.18335396813365762,20444.588871442993,3748.5964964402883,18570.29062322285,76497.884978433,3.7417179410873485
2014-2016,f,88,0.22424295869555408,0.5,0.20163530950509587,16695.992375002705,3366.5015900283906,15012.74157998851,57927.59435521015,3.469550839154643
2014-2016,f,89,0.24833574134344746,0.5,0.22090627905515522,13329.490784974314,2944.5682110086564,11857.206679469986,42914.85277522164,3.2195418015215904
2014-2016,f,90,0.2741024420031131,0.5,0.2410642871142371,10384.922573965658,2503.4339570295797,9133.205595450869,31057.646095751654,2.990647823760497
2014-2016,f,91,0.30147037401923843,0.5,0.26198066889973215,7881.488616936078,2064.797659790538,6849.089787040809,21924.440500300785,2.78176389840729
2014-2016,f,92,0.3303273902372521,0.5,0.2835029889972853,5816.69095714554,1649.0492724242413,4992.166320933419,15075.350713259977,2.59174001581442
2014-2016,f,93,0.3605210055225689,0.5,0.30545884122963546,4167.641684721299,1273.0429996752937,3531.1201848836517,10083.184392326557,2.419398104518394
2014-2016,f,94,0.39185954249345734,0.5,0.3276609980910108,2894.598685046005,948.4470942151013,2420.3751379384544,6552.064207442905,2.2635483949094555
2014-2016,f,95,0.4241155088569123,0.5,0.34991361369318846,1946.1515908309036,680.9849359423888,1605.6591228597092,4131.689069504451,2.1230047489468378
2014-2016,f,96,0.45703122127532597,0.5,0.3720190588690226,1265.1666548885148,470.6661082640949,1029.8336007564674,2526.0299466447423,1.9965985800244896
2014-2016,f,97,0.49032646511596006,0.5,0.39378488883635454,794.5005466244199,312.86230943292014,638.0693919079599,1496.196345888275,1.883191084317232
2014-2016,f,98,0.5237077534483738,0.5,0.41503042714259114,481.6382371914998,199.89452330979276,381.69097553660345,858.126953980315,1.7816836117169055
2014-2016,f,99,0.5568785587967506,0.5,0.43559249764197944,281.74371388170704,122.72544802465998,220.38098986937706,476.4359784437116,1.6910261168905727
2014-2016,f,100,0.5895497708739438,0.5,0.45532993998024407,159.01826585704706,72.40577744845173,122.8153771328212,256.0549885743345,1.610223751304902
2014-2016,f,101,0.621449605090329,0.5,0.47412668462792384,86.61248840859533,41.065291976541786,66.07984242032444,133.23961144151332,1.5383418013918968
2014-2016,f,102,0.6523322554177532,0.5,0.49189331697435335,45.54719643205354,22.404361531845247,34.34501566613092,67.15976902118888,1.474509394258252
2014-2016,f,103,0.6819847382657251,0.5,0.5085672028892475,23.142834900208292,11.769686812126588,17.257991494145,32.81475335505796,1.4179228040365364
2014-2016,f,104,0.7102315835327373,0.5,0.5241113621788464,11.373148088081704,5.960796136706244,8.392750019728583,15.556761860912962,1.3678501097875797
2014-2016,f,105,0.7369372591461029,0.5,0.5385123511205514,5.41235195137546,2.9146183744271035,3.9550427641619086,7.164011841184379,1.3236411647922792
2014-2016,f,106,0.7620064308227896,0.5,0.5517774486830512,2.497733576948357,1.378193060578556,1.8086370466590789,3.2089690770224713,1.28475234774362
2014-2016,f,107,0.7853823316619601,0.5,0.5639314378743433,1.119540516369801,0.6313440931550066,0.8038684697922975,1.4003320303633924,1.2508096043759813
2014-2016,f,108,0.8070436304913908,0.5,0.5750132429185739,0.4881964232147943,0.28071940849398747,0.34783671896780055,0.596463560571095,1.2217696242904792
2014-2016,f,109,0.8270002401174995,0.5,0.5850726352135907,0.20747701472080685,0.1213891237489514,0.14678245284633115,0.2486268416032944,1.198334388692941
2014-2016,f,110,0.8452885035943574,0.5,1.0,0.08608789097185544,0.08608789097185544,0.10184438875696324,0.10184438875696324,1.1830280380577454
2015-2017,m,0,0.00993973322670018,0.0691782439804633,0.00984861268096829,100000.0,984.8612680968217,99083.26970499448,7357888.334026905,73.57888334026904
2015-2017,m,1,0.00025462570022067563,0.5,0.00025459328722366023,99015.13873190318,25.20858965466323,99002.53443707584,7258805.06432191,73.31005296044782
2015-2017,m,2,0.0003117118648870753,0.5,0.00031166329031435497,98989.93014224852,30.85152733612631,98974.50437858046,7159802.529884834,72.32859463175899
2015-2017,m,3,0.00048706414921353465,0.5,0.00048694556235051486,98959.07861491239,48.18768418583204,98934.98477281947,7060828.025506253,71.35098794707493
2015-2017,m,4,0.00031686590810888664,0.5,0.0003168157140594173,98910.89093072656,31.33652453846298,98895.22266845733,6961893.040733434,70.38550532933002
2015-2017,m,5,0.00014400506897842803,0.5,0.00014399470099500338,98879.5544061881,14.23813187124324,98872.43534025247,6862997.8180649765,69.40765317238804
2015-2017,m,6,0.00031881285685302725,0.5,0.00031876204413405394,98865.31627431685,31.5145103095565,98849.55901916207,6764125.382724724,68.41757693827256
2015-2017,m,7,0.00014753614635585718,0.5,0.00014752526370140885,98833.8017640073,14.580482667850447,98826.51152267336,6665275.823705561,67.43923338718396
2015-2017,m,8,0.000212243412874079,0.5,0.00021222089163091753,98819.22128133944,20.971503250591923,98808.73552971415,6566449.312182888,66.44911007230195
2015-2017,m,9,0.00015441153763009173,0.5,0.00015439961708894962,98798.24977808885,15.254411934802192,98790.62257212144,6467640.576653174,65.46310882207092
2015-2017,m,10,0.000186075360521011,0.5,0.0001860580501116348,98782.99536615405,18.379371502014692,98773.80568040305,6368849.954081053,64.47314065010836
2015-2017,m,11,0.0001848884506347837,0.5,0.0001848713603450932,98764.61599465203,18.25874891289277,98755.48662019559,6270076.148400649,63.48504558292583
2015-2017,m,12,0.00030347171643602816,0.5,0.00030342567588069306,98746.35724573914,29.96218018804211,98731.37615564512,6171320.661780454,62.49669186704853
2015-2017,m,13,0.0002391343337119627,0.5,0.000239105744515512,98716.3950655511,23.603657138024573,98704.5932369821,6072589.285624809,61.51550896477124
2015-2017,m,14,0.00029475049370707694,0.5,0.0002947070611811859,98692.79140841308,29.085462515737163,98678.2486771552,5973884.692387827,60.530101612655194
2015-2017,m,15,0.000205393034241953,0.5,0.00020537194325866598,98663.70594589734,20.262757019212586,98653.57456738772,5875206.443710672,59.54779812277035
2015-2017,m,16,0.0004128332153809861,0.5,0.00041274801733541674,98643.44318887813,40.71488559934369,98623.08574607846,5776552.869143284,58.559927374824035
2015-2017,m,17,0.0005026462848526064,0.5,0.0005025199899496001,98602.72830327878,49.54984203596541,98577.9533822608,5677929.783397205,57.583901389961845
2015-2017,m,18,0.00020379643647373938,0.5,0.0002037756720958328,98553.17846124282,20.082740178128006,98543.13709115375,5579351.830014944,56.61260161395088
2015-2017,m,19,0.0007308708607409906,0.5,0.0007306038722005227,98533.09572106469,71.98866127370275,98497.10139042784,5480808.692923791,55.62403832758182
2015-2017,m,20,0.0004623585726718886,0.5,0.0004622517096515438,98461.10705979099,45.51381507256883,98438.3501522547,5382311.591533363,54.664341609168865
2015-2017,m,21,0.0005855735959542187,0.5,0.0005854021979191612,98415.59324471842,57.61270459496882,98386.78689242093,5283873.241381108,53.68939074768696
2015-2017,m,22,0.0006059009483667018,0.5,0.0006057174459792213,98357.98054012345,59.577144764436525,98328.19196774124,5185486.454488687,52.72054617239073
2015-2017,m,23,0.0008048812151109958,0.5,0.0008045574285306446,98298.40339535901,79.08671066444367,98258.86004002679,5087158.262520946,51.75219623924357
2015-2017,m,24,0.0008167849303180356,0.5,0.0008164514976782161,98219.31668469457,80.19130820814462,98179.2210305905,4988899.402480919,50.79346477736527
2015-2017,m,25,0.0004792654626172939,0.5,0.00047915064244013773,98139.12537648642,47.02342497264908,98115.61366400009,4890720.181450329,49.83456050467429
2015-2017,m,26,0.0007763197435640589,0.5,0.000776018524313161,98092.10195151377,76.12128820319776,98054.04130741218,4792604.5677863285,48.85821052295606
2015-2017,m,27,0.0007674027131399149,0.5,0.0007671083726167057,98015.98066331058,75.18887941706635,97978.38622360205,4694550.526478916,47.895766534285
2015-2017,m,28,0.0007599715623544409,0.5,0.0007596828936566478,97940.79178389351,74.40394410942099,97903.5898118388,4596572.140255314,46.932152135319235
2015-2017,m,29,0.0008317432359704486,0.5,0.0008313974813546889,97866.38783978409,81.36586835926573,97825.70490560445,4498668.550443475,45.96745266422004
2015-2017,m,30,0.0007348798471449918,0.5,0.0007346099221313483,97785.02197142482,71.83384737603774,97749.10504773681,4400842.845537871,45.005285644092865
2015-2017,m,31,0.000804093567251462,0.5,0.0008037704139417633,97713.18812404879,78.5389696660277,97673.91863921577,4303093.740490134,44.03800370352539
2015-2017,m,32,0.0008425208223003226,0.5,0.0008421660510833864,97634.64915438276,82.22458692725922,97593.53686091912,4205419.821850918,43.07302641300206
2015-2017,m,33,0.0009077661785432742,0.5,0.0009073543457497612,97552.4245674555,88.51461636970635,97508.16725927065,4107826.284989999,42.108910190638284
2015-2017,m,34,0.0009521542489883361,0.5,0.0009517011658339281,97463.90995108579,92.75651672718232,97417.5316927222,4010318.1177307284,41.14669850351157
2015-2017,m,35,0.0009069645329132655,0.5,0.0009065534270105207,97371.15343435861,88.27215283788973,97327.01735793967,3912900.586038006,40.18541886407696
2015-2017,m,36,0.0011294275964819531,0.5,0.001128790153107175,97282.88128152072,109.81195845647017,97227.97530229249,3815573.568680066,39.221428461174185
2015-2017,m,37,0.0011661240950391137,0.5,0.0011654445685427086,97173.06932306425,113.24982585119142,97116.44441013865,3718345.5933777736,38.265186221664564
2015-2017,m,38,0.001668179476486029,0.5,0.0016667892246978943,97059.81949721306,161.77826128907327,96978.93036656853,3621229.148967635,37.30925080765902
2015-2017,m,39,0.001329132617898986,0.5,0.0013282499077604231,96898.04123592399,128.70481433377427,96833.68882875709,3524250.218601066,36.37070650396682
2015-2017,m,40,0.001978288286060486,0.5,0.001976333407445836,96769.33642159021,191.24847238635994,96673.71218539703,3427416.529772309,35.41841513555753
2015-2017,m,41,0.0021224000599265897,0.5,0.0021201501565169673,96578.08794920385,204.76004828161967,96475.70792506303,3330742.8175869123,34.487562223625176
2015-2017,m,42,0.002302864662415224,0.5,0.0023002161192068045,96373.32790092223,221.67948229931062,96262.48815977258,3234267.109661849,33.55977405892714
2015-2017,m,43,0.002421307506053269,0.5,0.002418379685610641,96151.64841862292,232.53119327357854,96035.38282198613,3138004.6215020767,32.63599400646676
2015-2017,m,44,0.0030993852459016394,0.5,0.0030945895832534113,95919.11722534934,296.83030100043106,95770.70207484913,3041969.2386800908,31.71389944648244
2015-2017,m,45,0.003381667264436133,0.5,0.0033759590792838876,95622.28692434891,322.81692772413953,95460.87846048684,2946198.5366052417,30.81079350189681
2015-2017,m,46,0.0034654979105086126,0.5,0.003459503459503459,95299.46999662477,329.6888461421622,95134.6255735537,2850737.658144755,29.91346812574844
2015-2017,m,47,0.003587126761986561,0.5,0.0035807045414428724,94969.78115048261,340.0587266653747,94799.75178714993,2755603.032571201,29.015577367761452
2015-2017,m,48,0.003966274196767113,0.5,0.003958424099085082,94629.72242381723,374.58457373216515,94442.43013695115,2660803.2807840514,28.11805014990044
2015-2017,m,49,0.004146203015869099,0.5,0.004137625298623255,94255.13785008507,389.99244289373746,94060.1416286382,2566360.8506471002,27.227808575580838
2015-2017,m,50,0.005470219052968326,0.5,0.005455298214851074,93865.14540719133,512.0623601765838,93609.11422710304,2472300.709018462,26.33885771223714
2015-2017,m,51,0.005414105940883816,0.5,0.005399489237504561,93353.08304701475,504.0589672002243,93101.05356341464,2378691.594791359,25.48058957617281
2015-2017,m,52,0.0076913564980833436,0.5,0.007661891329251918,92849.02407981452,711.3991325266252,92493.32451355121,2285590.541227944,24.616204250711494
2015-2017,m,53,0.0073333668190265705,0.5,0.007306575918326493,92137.6249472879,673.2105516116571,91801.01967148206,2193097.216714393,23.802406649499243
2015-2017,m,54,0.007716282109284673,0.5,0.007686626021858061,91464.41439567624,703.0527477678115,91112.88802179234,2101296.197042911,22.97392063270286
2015-2017,m,55,0.009386174016686531,0.5,0.00934232965077482,90761.36164790843,847.9225600679492,90337.40036787445,2010183.3090211186,22.148007395693835
2015-2017,m,56,0.0100451662265222,0.5,0.009994965680676808,89913.43908784048,898.6817379145941,89464.09821888318,1919845.9086532441,21.352157454211714
2015-2017,m,57,0.0108374139345281,0.5,0.01077900566145022,89014.75734992589,959.4905734274653,88535.01206321215,1830381.810434361,20.562678199963493
2015-2017,m,58,0.011860581745235707,0.5,0.011790659703613227,88055.26677649842,1038.2296856725734,87536.15193366213,1741846.7983711488,19.781290343396474
2015-2017,m,59,0.013954786491766676,0.5,0.013858093126385808,87017.03709082585,1205.8902035868377,86414.09198903243,1654310.6464374866,19.01134193653095
2015-2017,m,60,0.014912752709662542,0.5,0.014802380589043188,85811.14688723901,1270.2092550071975,85176.0422597354,1567896.5544484542,18.27147883839339
2015-2017,m,61,0.01580542348085062,0.5,0.01568149712937883,84540.93763223181,1325.728470794842,83878.0733968344,1482720.5121887187,17.538491454149916
2015-2017,m,62,0.018159903575733227,0.5,0.017996496257365824,83215.20916143697,1497.5822002297064,82466.41806132213,1398842.4387918843,16.80993718441708
2015-2017,m,63,0.018767207956397147,0.5,0.018592741037630818,81717.62696120726,1519.354676299452,80957.94962305753,1316376.0207305623,16.108838076703673
2015-2017,m,64,0.021614560137763132,0.5,0.021383463063592303,80198.27228490781,1714.916793168246,79340.8138883237,1235418.0711075047,15.40454720419199
2015-2017,m,65,0.023840852130325815,0.5,0.02356000681104008,78483.35549173957,1849.068389938664,77558.82129677024,1156077.257219181,14.730222095828445
2015-2017,m,66,0.02488503310394312,0.5,0.024579205927357656,76634.2871018009,1883.609923771408,75692.4821399152,1078518.4359224106,14.07357563709972
2015-2017,m,67,0.023494610859882355,0.5,0.02322181708198209,74750.6771780295,1735.8465521824983,73882.75390193824,1002825.9537824953,13.415610287972656
2015-2017,m,68,0.029913895486935866,0.5,0.029473068343876842,73014.830625847,2151.971093152184,71938.8450792709,928943.1998805571,12.722664586332883
2015-2017,m,69,0.03275883653966532,0.5,0.032230912935476586,70862.85953269481,2283.974655957194,69720.87220471622,857004.3548012862,12.093843805525239
2015-2017,m,70,0.030770665299081543,0.5,0.030304421690619403,68578.88487673762,2078.243446377106,67539.76315354907,787283.48259657,11.47996914810759
2015-2017,m,71,0.03838675906077073,0.5,0.03766386225787517,66500.64143036051,2504.6709988934454,65248.30593091379,719743.719443021,10.823109431158446
2015-2017,m,72,0.04274684256276525,0.5,0.041852315394242806,63995.97043146707,2678.379538458401,62656.78066223787,654495.4135121072,10.227134757070411
2015-2017,m,73,0.0472,0.5,0.0461117624071903,61317.590893008666,2827.4621826397124,59903.85980168881,591838.6328498693,9.652020313103165
2015-2017,m,74,0.05185226574286193,0.5,0.05054190948205436,58490.128710368954,2956.202790873176,57012.02731493236,531934.7730481805,9.094436698578862
2015-2017,m,75,0.05805420759853237,0.5,0.05641659717629468,55533.92591949578,3133.0351282183838,53967.408355386586,474922.7457332481,8.551938979097486
2015-2017,m,76,0.06068974375441526,0.5,0.05890235921089537,52400.890791277394,3086.5360923587214,50857.62274509804,420955.33737786155,8.033362239100207
2015-2017,m,77,0.06877598477908534,0.5,0.06648954288439267,49314.35469891867,3278.8889015699024,47674.91024813372,370097.7146327635,7.504867840050612
2015-2017,m,78,0.07654472794343682,0.5,0.07372316802368616,46035.46579734877,3393.8803800266032,44338.52560733547,322422.8043846298,7.003791507268695
2015-2017,m,79,0.08985837538661892,0.5,0.08599470322480136,42641.58541732217,3666.950482997636,40808.11017582335,278084.2787772944,6.521433855138253
2015-2017,m,80,0.09829312241161434,0.5,0.09368864756001669,38974.63493432453,3651.4808361422474,37148.89451625341,237276.16860147106,6.0879638513946555
2015-2017,m,81,0.11028305206360332,0.5,0.10451967754350276,35323.15409818228,3691.9646761614713,33477.17176010155,200127.27408521765,5.665611670151396
2015-2017,m,82,0.12353515853497771,0.5,0.11634858790866863,31631.189422020812,3680.2442231237364,29791.067310458944,166650.1023251161,5.268537331988491
2015-2017,m,83,0.13813246543755275,0.5,0.1292085197436867,27950.945198897076,3611.500254586401,26145.195071603877,136859.03501465716,4.8964009639308195
2015-2017,m,84,0.15415127008938678,0.5,0.14312019051753058,24339.444944310675,3483.4659975206887,22597.71194555033,110713.83994305327,4.548741361866288
2015-2017,m,85,0.171657739392427,0.5,0.15808912820714774,20855.978946789986,3297.103529604654,19207.42718198766,88116.12799750295,4.2249816334353945
2015-2017,m,86,0.19070411571776624,0.5,0.1741030332206991,17558.875417185332,3057.0534700763346,16030.348682147165,68908.70081551529,3.9244370256236647
2015-2017,m,87,0.21132465276569032,0.5,0.19112946848522477,14501.821947108998,2771.7255208183087,13115.959186699843,52878.35213336813,3.646324739486245
2015-2017,m,88,0.23353146076976833,0.5,0.20911410013386034,11730.09642629069,2452.9285586671886,10503.632146957094,39762.39294666828,3.3897754546628236
2015-2017,m,89,0.2573105008960143,0.5,0.22797971372912834,9277.1678676235,2115.0060746778745,8219.664830284564,29258.760799711188,3.1538462187174265
2015-2017,m,90,0.2826180222865517,0.5,0.24762620773794353,7162.161792945626,1773.5389639927153,6275.392310949268,21039.095969426624,2.9375343056546264
2015-2017,m,91,0.3093777719060957,0.5,0.2679317136154333,5388.622828952911,1443.7829485885973,4666.731354658612,14763.703658477356,2.739791617842023
2015-2017,m,92,0.3374793163495093,0.5,0.2887549113175109,3944.8398803643136,1139.0918898163777,3375.293935456125,10096.972303818744,2.559539198048837
2015-2017,m,93,0.36677778642086944,0.5,0.3099385067117134,2805.747990547936,869.6093423998179,2370.9433193480268,6721.678368362618,2.3956814336165446
2015-2017,m,94,0.3970952836626349,0.5,0.3313137248811356,1936.138648148118,641.4693074042791,1615.4039944459782,4350.735049014591,2.2471195713054906
2015-2017,m,95,0.42822407337937773,0.5,0.3527055662399517,1294.6693407438388,456.6370829205606,1066.3507992835584,2735.331054568612,2.112764215917136
2015-2017,m,96,0.4599315393069487,0.5,0.3739384872771931,838.0322578232782,313.3725147799273,681.3460004333145,1668.9802552850538,1.9915465540910042
2015-2017,m,97,0.49196670730611197,0.5,0.3948421187680651,524.6597430433509,207.15776457554523,421.08086075557827,987.6342548517393,1.8824281221251131
2015-2017,m,98,0.524067981929743,0.5,0.4152566299177677,317.50197846780566,131.84480157076462,251.57957768242335,566.5533940961611,1.784409019528705
2015-2017,m,99,0.5559716053739389,0.5,0.43503738789977686,185.65717689704104,80.76781328213553,145.27327025597327,314.9738164137377,1.6965345572846406
2015-2017,m,100,0.587420265314906,0.5,0.4540586414889296,104.8893636149055,47.62592194962236,81.07640264009433,169.70054615776445,1.617900426785017
2015-2017,m,101,0.6181712607605948,0.5,0.47221606166512753,57.263441665283146,27.04071690057078,43.74308321499775,88.62414351767013,1.547656601496237
2015-2017,m,102,0.6480036863579526,0.5,0.4894280847842872,30.222724764712368,14.791850298555818,22.82679961543446,44.88106030267238,1.4850103904289558
2015-2017,m,103,0.6767242066415273,0.5,0.5056361092132162,15.43087446615655,7.802407326824962,11.529670802744068,22.054260687237925,1.4292294798721863
2015-2017,m,104,0.704171143706087,0.5,0.5208036816345989,7.628467139331587,3.972933771392447,5.642000253635363,10.524589884493857,1.3796467484575192
2015-2017,m,105,0.7302167705204741,0.5,0.5349148671306926,3.6555333679391397,1.955399145802978,2.6778337950376505,4.882589630858494,1.3356709238879483
2015-2017,m,106,0.7547678631948038,0.5,0.5479720257223215,1.7001342221361617,0.9316259937037958,1.2343212252842637,2.2047558358208432,1.2968128087267377
2015-2017,m,107,0.7777646990932015,0.5,0.5599932199779931,0.7685082284323659,0.43035939741942364,0.553328529722654,0.9704346105365795,1.2627510996415892
2015-2017,m,108,0.7991787813343454,0.5,0.5710094593910744,0.33814883101294224,0.19308618119042392,0.24160574041773028,0.4171060808139256,1.2334985147352509
2015-2017,m,109,0.8190096198149277,0.5,0.5810619545659421,0.14506264982251832,0.08429038684038731,0.10291745640232466,0.1755003403961953,1.2098244490288643
2015-2017,m,110,0.8372809075382428,0.5,1.0,0.06077226298213101,0.06077226298213101,0.07258288399387064,0.07258288399387064,1.1943422942010953
2015-2017,f,0,0.009844433641225085,0.08168923189110355,0.009756234844840601,100000.0,975.623484484051,99104.07444857838,7748272.437218625,77.48272437218625
2015-2017,f,1,0.00021181952976064393,0.5,0.00021179709837975219,99024.37651551595,20.973075614849222,99013.88997770852,7649168.362770047,77.24530698329126
2015-2017,f,2,0.00024335340998965748,0.5,0.00024332380315104327,99003.4034399011,24.089884649889427,98991.35849757615,7550154.472792339,76.2615648599957
2015-2017,f,3,0.00027659116752205045,0.5,0.00027655292147433434,98979.31355525121,27.37301832922094,98965.62704608659,7451163.114294763,75.28000393875688
2015-2017,f,4,0.00021593608291945585,0.5,0.00021591277124041888,98951.94053692199,21.364987700944766,98941.25804307152,7352197.487248676,74.30069028818436
2015-2017,f,5,0.00015399303951461394,0.5,0.00015398118349937637,98930.57554922104,15.233447107340908,98922.95882566737,7253256.229205605,73.31662824095149
2015-2017,f,6,3.0988534242330335e-05,0.5,3.098805410514247e-05,98915.3421021137,3.0651939728850266,98913.80950512725,7154333.270379937,72.32784235830952
2015-2017,f,7,6.30715862503942e-05,0.5,6.306959730062124e-05,98912.27690814082,6.238357472684584,98909.15772940448,7055419.46087481,71.33006823235029
2015-2017,f,8,9.695872790148993e-05,0.5,9.695402763189786e-05,98906.03855066813,9.589338794598007,98901.24388127084,6956510.303145406,70.33453573799426
2015-2017,f,9,0.0002615575753612764,0.5,0.00026152337365152015,98896.44921187354,25.863733040037914,98883.51734535352,6857609.059264135,69.34130713401598
2015-2017,f,10,0.00019627085377821394,0.5,0.00019625159454420566,98870.5854788335,19.403510053743958,98860.88372380662,6758725.541918781,68.35931545450096
2015-2017,f,11,9.728572818367545e-05,0.5,9.728099615740066e-05,98851.18196877975,9.616341453249333,98846.37379805313,6659864.658194974,67.372635567457
2015-2017,f,12,0.00012812299807815503,0.5,0.00012811479085260395,98841.5656273265,12.66306650788465,98835.23409407257,6561018.284396921,66.37914163697758
2015-2017,f,13,3.152982721654685e-05,0.5,3.152933015938076e-05,98828.90256081862,3.1160090981284156,98827.34455626956,6462183.050302849,65.38758281086919
2015-2017,f,14,0.00037228926876182794,0.5,0.0003722199820093675,98825.78655172049,36.784932492344524,98807.39408547431,6363355.70574658,64.38962873739757
2015-2017,f,15,0.00015454039685973913,0.5,0.00015452845641524885,98789.00161922815,15.265711931031547,98781.36876326264,6264548.311661106,63.413418588914894
2015-2017,f,16,0.0003723701359150996,0.5,0.0003723008190618019,98773.73590729712,36.77354278007988,98755.34913590708,6165766.942897843,62.423142004921715
2015-2017,f,17,0.00031111940762864785,0.5,0.00031107101751329827,98736.96236451704,30.71420734889398,98721.6052608426,6067011.593761936,61.44620462764236
2015-2017,f,18,0.0002449779519843214,0.5,0.00024494794856093084,98706.24815716814,24.177892996245646,98694.15921067001,5968289.988501093,60.46516912483489
2015-2017,f,19,0.0002082279798911265,0.5,0.00020820630270222036,98682.0702641719,20.546228992709075,98671.79714967555,5869595.829290424,59.47986106875865
2015-2017,f,20,0.0002594407610262323,0.5,0.00025940711063713267,98661.52403517919,25.59350088101928,98648.72728473868,5770924.032140748,58.492143604867096
2015-2017,f,21,0.00019625434563193899,0.5,0.00019623508963738558,98635.93053429817,19.355830669868737,98626.25261896323,5672275.304856009,57.507191082702036
2015-2017,f,22,2.7468754291992858e-05,0.5,2.7468377030943126e-05,98616.5747036283,2.7088372554571833,98615.22028500057,5573649.052237046,56.51838008962991
2015-2017,f,23,0.00024195499637067505,0.5,0.000241925728801258,98613.86586637284,23.857231369634974,98601.93725068803,5475033.831952046,55.51991886588256
2015-2017,f,24,0.0003180324393088095,0.5,0.0003179818750331231,98590.0086350032,31.34983580528933,98574.33371710056,5376431.894701358,54.533232820841036
2015-2017,f,25,0.0003413417355914402,0.5,0.0003412834884423034,98558.65879919792,33.63644289119111,98541.84057775233,5277857.560984258,53.550419874699124
2015-2017,f,26,0.00033899189027093273,0.5,0.00033893444225730336,98525.02235630673,33.39352350072295,98508.32559455637,5179315.720406505,52.568531288183664
2015-2017,f,27,0.00041150146597397256,0.5,0.0004114168166623811,98491.628832806,40.52111240227532,98471.36827660486,5080807.394811949,51.586185090276544
2015-2017,f,28,0.0004812197654686827,0.5,0.0004811040070899538,98451.10772040373,47.36522242674255,98427.42510919036,4982336.026535344,50.60721145652248
2015-2017,f,29,0.00027643052798230846,0.5,0.00027639232634395775,98403.74249797699,27.19803930996568,98390.143478322,4883908.601426154,49.63132984018935
2015-2017,f,30,0.00032517884836660166,0.5,0.00032512598631969893,98376.54445866702,31.98477104784979,98360.5520731431,4785518.4579478325,48.64491311705375
2015-2017,f,31,0.0005223230941425196,0.5,0.0005221867190511122,98344.55968761917,51.354222959809704,98318.88257613927,4687157.905874689,47.660571370322245
2015-2017,f,32,0.0005920371009916621,0.5,0.0005918618988902588,98293.20546465936,58.17600323432998,98264.1174630422,4588839.0232985495,46.68521086076936
2015-2017,f,33,0.0004900039200313603,0.5,0.0004898838975162886,98235.02946142503,48.1237591051904,98210.96758187244,4490574.905835507,45.71256231565409
2015-2017,f,34,0.0005127078297810005,0.5,0.0005125764288067952,98186.90570231984,50.3282934804738,98161.7415555796,4392363.938253635,44.73472207760853
2015-2017,f,35,0.0005631319932424161,0.5,0.000562973479053715,98136.57740883937,55.2482904062781,98108.95326363623,4294202.196698055,43.75740738143235
2015-2017,f,36,0.0007911196815743282,0.5,0.0007908068701346843,98081.32911843309,77.56338889879407,98042.54742398369,4196093.243434418,42.78177387224882
2015-2017,f,37,0.000900225056264066,0.5,0.0008998200359928015,98003.7657295343,88.18575200617488,97959.6728535312,4098050.6960104345,41.81523705242125
2015-2017,f,38,0.0007793840351979887,0.5,0.0007790804337718802,97915.57997752812,76.2841125219129,97877.43792126716,4000091.023156903,40.852446812600554
2015-2017,f,39,0.0008008208413623965,0.5,0.0008005003126954346,97839.2958650062,78.3203869338322,97800.13567153929,3902213.585235636,39.883909126039875
2015-2017,f,40,0.0008936772335724748,0.5,0.0008932780824297164,97760.97547807237,87.3277367115079,97717.31160971662,3804413.449564097,38.915461215067566
2015-2017,f,41,0.0008206505520740077,0.5,0.0008203139565233602,97673.64774136087,80.12305642678984,97633.58621314747,3706696.1379543804,37.94980758545729
2015-2017,f,42,0.001326060848678943,0.5,0.001325182212554226,97593.52468493408,129.32920297293458,97528.86008344761,3609062.551741233,36.98055340651488
2015-2017,f,43,0.0012594141205511196,0.5,0.0012586215576700396,97464.19548196114,122.67053753456275,97402.86021319387,3511533.6916577853,36.028960935790074
2015-2017,f,44,0.001522263097805404,0.5,0.0015211053365445557,97341.52494442658,148.06671306035423,97267.4915878964,3414130.8314445913,35.07373480530286
2015-2017,f,45,0.0018047788510421963,0.5,0.0018031517060100824,97193.45823136622,175.25455002290255,97105.83095635477,3316863.339856695,34.12640521506085
2015-2017,f,46,0.0018962858081970114,0.5,0.0018944895613625169,97018.20368134332,183.79997413644742,96926.30369427509,3219757.50890034,33.18714825390549
2015-2017,f,47,0.0018715376553376255,0.5,0.0018697879660446507,96834.40370720687,181.05980275083857,96743.87380583145,3122831.205206065,32.24919125488093
2015-2017,f,48,0.002455844413574122,0.5,0.002452832526045861,96653.34390445604,237.07446567995066,96534.80667161607,3026087.3314002333,31.308666717124524
2015-2017,f,49,0.0020017298900284197,0.5,0.0019997284319413413,96416.26943877609,192.80635529843858,96319.86626112687,2929552.524728617,30.38442102957396
2015-2017,f,50,0.0029304029304029304,0.5,0.002926115581565472,96223.46308347765,281.5609746407572,96082.68259615728,2833232.65846749,29.444301500659453
2015-2017,f,51,0.0030211480362537764,0.5,0.0030165912518853692,95941.90210883689,289.4175025907607,95797.19335754152,2737149.975871333,28.529244425092788
2015-2017,f,52,0.0032273838630806845,0.5,0.003222184250353952,95652.48460624613,308.2099294054642,95498.3796415434,2641352.782513791,27.61405303152272
2015-2017,f,53,0.004351305391617486,0.5,0.004341859014348097,95344.27467684067,413.9713984721311,95137.28897760459,2545854.4028722476,26.701701927054895
2015-2017,f,54,0.0038725576483013553,0.5,0.0038650737877723123,94930.30327836853,366.9126268664986,94746.84696493528,2450717.113894643,25.81596212442608
2015-2017,f,55,0.004898807462021871,0.5,0.0048868376237135025,94563.39065150204,462.1159352616669,94332.33268387121,2355970.2669297075,24.91418984342738
2015-2017,f,56,0.005078259162945881,0.5,0.005065397462407165,94101.27471624037,476.6603581569216,93862.94453716191,2261637.9342458365,24.034083927829236
2015-2017,f,57,0.005558437708441414,0.5,0.005543032408262814,93624.61435808345,518.9642715979717,93365.13222228446,2167774.9897086746,23.15390033455995
2015-2017,f,58,0.006633789771447168,0.5,0.006611858930375878,93105.65008648548,615.6014239927754,92797.84937448909,2074409.85748639,22.280171563803904
2015-2017,f,59,0.006795476444038744,0.5,0.006772465379561305,92490.0486624927,626.3856525206793,92176.85583623237,1981612.0081119009,21.425137479849763
2015-2017,f,60,0.007794132679137279,0.5,0.007763876337995902,91863.66300997202,713.2181195647572,91507.05395018964,1889435.1522756685,20.567818551613446
2015-2017,f,61,0.008832872749812754,0.5,0.008794034456158395,91150.44489040726,801.5801530604076,90749.65481387706,1797928.0983254788,19.724841721696237
2015-2017,f,62,0.008918124853747952,0.5,0.00887853491231476,90348.86473734686,802.1655498585314,89947.78196241759,1707178.4435116018,18.895405586716993
2015-2017,f,63,0.010452218430034129,0.5,0.010397877984084881,89546.69918748832,931.0956520290492,89081.1513614738,1617230.6615491842,18.060192907424863
2015-2017,f,64,0.012313638873550525,0.5,0.012238289932222925,88615.60353545928,1084.5034485858778,88073.35181116633,1528149.5101877104,17.244700134285335
2015-2017,f,65,0.012994044396318355,0.5,0.012910166756320602,87531.1000868734,1130.04109848573,86966.07953763053,1440076.158376544,16.452165652519945
2015-2017,f,66,0.013895348837209302,0.5,0.013799474580674962,86401.05898838767,1192.2892172536522,85804.91437976084,1353110.0788389135,15.660804331353994
2015-2017,f,67,0.017334486976758063,0.5,0.017185535753900763,85208.76977113402,1464.358359447724,84476.59059141015,1267305.1644591526,14.872942865658821
2015-2017,f,68,0.01743642633835047,0.5,0.017285725696940653,83744.41141168629,1447.5829243141488,83020.61994952921,1182828.5738677424,14.124268759296362
2015-2017,f,69,0.020188957143370333,0.5,0.019987196813429118,82296.82848737214,1644.8829080981232,81474.38703332309,1099807.9539182133,13.363916619058667
2015-2017,f,70,0.02150065818341378,0.5,0.02127197742565661,80651.94557927402,1715.6263656975934,79794.13239642522,1018333.5668848901,12.626274041758293
2015-2017,f,71,0.025230717128100922,0.5,0.02491638795986622,78936.31921357643,1966.8079536493024,77952.91523675178,938539.4344884648,11.889830230734187
2015-2017,f,72,0.025948529725577228,0.5,0.02561617863914051,76969.51125992712,1971.6647502016276,75983.67888482631,860586.5192517131,11.180875455289046
2015-2017,f,73,0.03419289873473141,0.5,0.03361814777349719,74997.8465097255,2521.2886866580084,73737.20216639648,784602.8403668867,10.461671592998897
2015-2017,f,74,0.038012899684369425,0.5,0.037303885260251836,72476.55782306749,2703.6571970897203,71124.72922452263,710865.6382004903,9.808214677301347
2015-2017,f,75,0.04470246734397678,0.5,0.043725156161272004,69772.90062597777,3050.8309756957897,68247.48513812988,639740.9089759677,9.168902299265742
2015-2017,f,76,0.05051445116591696,0.5,0.049270026980004544,66722.06965028198,3287.3981718311406,65078.37056436641,571493.4238378378,8.565283223875873
2015-2017,f,77,0.05791994714529538,0.5,0.056289796136764936,63434.67147845084,3570.724725524655,61649.309115688506,506415.0532734713,7.983253345065462
2015-2017,f,78,0.06812149808316131,0.5,0.06587765578211892,59863.94675292618,3943.696477948368,57892.098513952,444765.7441577828,7.429609444119092
2015-2017,f,79,0.07203626653418618,0.5,0.06953185877839718,55920.250274977814,3888.238944972385,53976.13080249162,386873.6456438308,6.918310339124896
2015-2017,f,80,0.08980979004185076,0.5,0.08595020510460162,52032.01133000543,4472.162045818921,49795.93030709597,332897.5148413392,6.397936699582597
2015-2017,f,81,0.10108948861742789,0.5,0.09622578111506087,47559.84928418651,4576.483647085413,45271.607460643805,283101.5845342432,5.952533256415797
2015-2017,f,82,0.11360903730357891,0.5,0.10750241439969882,42983.365637101095,4620.8155850134135,40672.95784459439,237829.9770735994,5.533070143495614
2015-2017,f,83,0.1274592346176321,0.5,0.11982296303838727,38362.55005208768,4596.7144169495805,36064.192843612895,197157.019229005,5.139309533941573
2015-2017,f,84,0.14272604425812932,0.5,0.13321912489988424,33765.8356351381,4498.255074826422,31516.70809772489,161092.8263853921,4.770882264727734
2015-2017,f,85,0.15948723608518223,0.5,0.14770843135364675,29267.58056031168,4323.068414080124,27106.046353271617,129576.11828766722,4.427291761293689
2015-2017,f,86,0.17780853458245355,0.5,0.16329124600160902,24944.512146231555,4073.220469260421,22907.901911601344,102470.07193439562,4.107920464977949
2015-2017,f,87,0.19773936706049722,0.5,0.17994796837531832,20871.291676971134,3755.7465346396457,18993.418409651313,79562.17002279428,3.812038624834188
2015-2017,f,88,0.21930836746639823,0.5,0.19763667877913205,17115.545142331488,3382.659497424702,15424.215393619137,60568.75161314296,3.538815217947084
2015-2017,f,89,0.24251886124552233,0.5,0.21629147958276201,13732.885644906786,2970.30615507776,12247.732567367906,45144.53621952382,3.2873306737442247
2015-2017,f,90,0.26734462480367444,0.5,0.2358217819020991,10762.579489829026,2538.0506731544665,9493.554153251793,32896.80365215591,3.056591004344676
2015-2017,f,91,0.29372626933077106,0.5,0.25611274828924563,8224.52881667456,2106.4066786226185,7171.325477363251,23403.249498904122,2.8455428901234985
2015-2017,f,92,0.3215686305930285,0.5,0.2770270293589262,6118.122138051941,1694.8852011596118,5270.679537472135,16231.924021540874,2.653089241318946
2015-2017,f,93,0.3507395410989927,0.5,0.2984078286572052,4423.236936892329,1319.928529974387,3763.2726719051357,10961.244484068739,2.4781047546075774
2015-2017,f,94,0.38107030866448205,0.5,0.3200832056725116,3103.308406917942,993.3169030767499,2606.6499553795675,7197.971812163602,2.319451007872042
2015-2017,f,95,0.4123581214617114,0.5,0.3418713977772527,2109.9915038411923,721.345744716316,1749.3186314830343,4591.321856784035,2.175990684524386
2015-2017,f,96,0.444370448338912,0.5,0.36358682755380783,1388.6457591248763,504.89330615626307,1136.1991060467449,2842.003225301001,2.0466005866694394
2015-2017,f,97,0.4768513187528792,0.5,0.38504638138148634,883.7524529686133,340.2856840525768,713.6096109423249,1705.804119254256,1.930183179151909
2015-2017,f,98,0.5095291724220805,0.5,0.4060755125076364,543.4667689160365,220.68854671844872,433.1224955568121,992.194508311931,1.8256764995786179
2015-2017,f,99,0.5421257937339788,0.5,0.4265137430022156,322.77822219758775,137.669347709094,253.94354834304073,559.072012755119,1.7320623707162148
2015-2017,f,100,0.5743657188689839,0.5,0.446219210160493,185.10887448849374,82.5991357679535,143.809306604517,305.1284644120783,1.6483729656680772
2015-2017,f,101,0.6059854467787404,0.5,0.46507201145562743,102.50973872054024,47.67441038055247,78.672533530264,161.31915780756134,1.573695922173268
2015-2017,f,102,0.636741808838637,0.5,0.48297622975765864,54.83532833998777,26.484160139170584,41.593248270402476,82.64662427729735,1.5071784336709926
2015-2017,f,103,0.6664189518850491,0.5,0.4998606474904614,28.351168200817185,14.171633293971459,21.265351553831454,41.05337600689488,1.44803119631986
2015-2017,f,104,0.6948335476751281,0.5,0.5156782676054861,14.179534906845726,7.312077996213722,10.523495908738866,19.78802445306343,1.3955340977728392
2015-2017,f,105,0.7218380317107138,0.5,0.5304048391571841,6.867456910632004,3.6425323781026604,5.046190721580674,9.264528544324564,1.3490479321364917
2015-2017,f,106,0.7473218661640523,0.5,0.5440366309954795,3.224924532529344,1.7544770778919359,2.347685993583376,4.218337822743891,1.3080423371753762
2015-2017,f,107,0.7712109890661083,0.5,0.5565877099282178,1.470447454637408,0.8184329813464118,1.0612309639642021,1.8706518291605152,1.2721650292643691
2015-2017,f,108,0.7934657366829617,0.5,0.5680869654232057,0.6520144732909962,0.3704009235438918,0.4668140115190502,0.8094208651963131,1.2414154874673555
2015-2017,f,109,0.8140775997939133,0.5,0.578575089651779,0.28161354974710434,0.1629345847920866,0.20014625735106104,0.3426068536772629,1.2165851180986569
2015-2017,f,110,0.833065198486677,0.5,1.0,0.11867896495501773,0.11867896495501773,0.14246059632620187,0.14246059632620187,1.200386238455972
2016-2018,m,0,0.008985617177699332,0.06661739650494501,0.00891088144786952,100000.0,891.0881447869615,99168.27382747516,7391035.090494389,73.91035090494388
2016-2018,m,1,0.00031586503948312995,0.5,0.0003158151619988229,99108.91185521304,31.300097053084755,99093.2618066865,7291866.816666913,73.57427985204308
2016-2018,m,2,0.00028461647929415115,0.5,0.0002845759817871372,99077.61175815995,28.195108639192767,99063.51420384036,7192773.554860227,72.59736510824642
2016-2018,m,3,0.0003704336923690659,0.5,0.0003703650945143232,99049.41664952076,36.68444655898202,99031.07442624128,7093710.040656387,71.61788812706459
2016-2018,m,4,0.0002591568762957844,0.5,0.00025912329950334703,99012.73220296178,25.656505861275946,98999.90395003115,6994678.966230146,70.64423746929906
2016-2018,m,5,0.00017386264850767892,0.5,0.0001738475357111813,98987.0756971005,17.20865917719493,98978.4713675119,6895679.062280115,69.6624181866007
2016-2018,m,6,0.00023162893045341364,0.5,0.000231602107579179,98969.86703792331,22.921629792821477,98958.40622302689,6796700.590912603,68.67444399322312
2016-2018,m,7,8.737439930100481e-05,0.5,8.73705823249312e-05,98946.94540813049,8.645052239575307,98942.6228820107,6697742.184689576,67.69023699582768
2016-2018,m,8,8.8999644001424e-05,0.5,8.899568370934012e-05,98938.30035589091,8.805081685219193,98933.8978150483,6598799.561807565,66.69610795891002
2016-2018,m,9,0.0001523368472366096,0.5,0.00015232524486283113,98929.49527420569,15.069459591803025,98921.96054440978,6499865.663992517,65.7019996511319
2016-2018,m,10,0.00012408102490926574,0.5,0.0001240733273364558,98914.42581461389,12.272641932388069,98908.2894936477,6400943.703448107,64.71193307480549
2016-2018,m,11,0.0002181500872600349,0.5,0.0002181262951248773,98902.1531726815,21.573160251427907,98891.36659255579,6302035.413954459,63.71990105161018
2016-2018,m,12,0.0002165841584158416,0.5,0.0002165607066066484,98880.58001243007,21.413648277171887,98869.87318829149,6203144.047361903,62.73369398300575
2016-2018,m,13,0.00030472011457476306,0.5,0.00030467369447321915,98859.1663641529,30.119787448711577,98844.10647042855,6104274.174173611,61.74717427505102
2016-2018,m,14,0.00033030057352190494,0.5,0.0003302460332948046,98829.04657670419,32.63790060626343,98812.72762640106,6005430.067703183,60.76584036498003
2016-2018,m,15,0.00023674242424242425,0.5,0.0002367144040714878,98796.40867609793,23.38653300415899,98784.71540959584,5906617.340076782,59.785749494614834
2016-2018,m,16,0.000383277315879474,0.5,0.0003832038792023464,98773.02214309377,37.85020524577703,98754.09704047088,5807832.624667186,58.79978660826337
2016-2018,m,17,0.00041543026706231454,0.5,0.00041534399382917497,98735.17193784799,41.009060644079,98714.66740752595,5709078.527626716,57.8221358769748
2016-2018,m,18,0.0002977342424152202,0.5,0.0002976899261728983,98694.16287720391,29.380258060598862,98679.4727481736,5610363.86021919,56.84595417461163
2016-2018,m,19,0.0007330303474563847,0.5,0.0007327617791455998,98664.78261914331,72.2977816510247,98628.6337283178,5511684.3874710165,55.86273279237549
2016-2018,m,20,0.0005665882886200743,0.5,0.0005664278229346626,98592.48483749229,55.84552654421714,98564.56207422019,5413055.753742699,54.90333023520924
2016-2018,m,21,0.0004113759153114116,0.5,0.0004112913176402846,98536.63931094807,40.52726421804982,98516.37567883905,5314491.191668479,53.93416325979776
2016-2018,m,22,0.0006177647659208724,0.5,0.0006175740081895685,98496.11204673002,60.828638707782375,98465.69772737613,5215974.81598964,52.95614930988339
2016-2018,m,23,0.000771297108965664,0.5,0.0007709997740173076,98435.28340802224,75.89358126290608,98397.33661739079,5117509.118262264,51.988564883282486
2016-2018,m,24,0.0006821998320738875,0.5,0.0006819672131147542,98359.38982675933,67.07787896382797,98325.85088727743,5019111.781644873,51.02829318568414
2016-2018,m,25,0.0006448783759382981,0.5,0.0006446705089028997,98292.3119477955,63.36615476463339,98260.62887041319,4920785.930757596,50.06277534067057
2016-2018,m,26,0.0007135394103106445,0.5,0.0007132849318558145,98228.94579303087,70.0652269062557,98193.91317957774,4822525.3018871825,49.09474761185241
2016-2018,m,27,0.0008354007392030783,0.5,0.0008350519377000646,98158.88056612462,81.96776341920486,98117.89668441501,4724331.388707605,48.129434254550866
2016-2018,m,28,0.0007757757757757758,0.5,0.000775474978424285,98076.91280270541,76.05619183959789,98038.88470678561,4626213.4920231905,47.16924054623769
2016-2018,m,29,0.0008675821724257597,0.5,0.0008672059861990362,98000.85661086581,84.98692950558325,97958.36314611303,4528174.607316405,46.205459461405816
2016-2018,m,30,0.0007914523149980214,0.5,0.0007911392405063292,97915.86968136023,77.46508677322709,97877.13713797362,4430216.244170291,45.245129911904876
2016-2018,m,31,0.0006937046304784085,0.5,0.0006934641008494936,97838.404594587,67.84742127073696,97804.48088395163,4332339.107032318,44.280557568208835
2016-2018,m,32,0.0009355918849714398,0.5,0.0009351544235265166,97770.55717331627,91.43056903127581,97724.84188880063,4234534.626148366,43.310938881547706
2016-2018,m,33,0.0009000024324390066,0.5,0.0008995976124193098,97679.12660428499,87.8719090764207,97635.19064974677,4136809.784259566,42.351011194218565
2016-2018,m,34,0.0010379453509703582,0.5,0.0010374069651021122,97591.25469520857,101.24184735387098,97540.63377153163,4039174.593609819,41.38869416347539
2016-2018,m,35,0.0008413663789994952,0.5,0.0008410125791452909,97490.0128478547,81.99032714607893,97449.01768428166,3941633.9598382874,40.431156430245814
2016-2018,m,36,0.0010842850946942316,0.5,0.0010836975761297548,97408.02252070862,105.56083790128469,97355.24210175798,3844184.9421540056,39.464767302269635
2016-2018,m,37,0.0014315523851118552,0.5,0.0014305284469067852,97302.46168280733,139.19393939131987,97232.86471311167,3746829.700052248,38.507039136033356
2016-2018,m,38,0.0018641614952537467,0.5,0.001862425564241429,97163.26774341601,180.9593537505716,97072.78806654073,3649596.835339136,37.561487176170445
2016-2018,m,39,0.0014607576132706116,0.5,0.0014596914855453432,96982.30838966544,141.56424980492739,96911.52626476297,3552524.047272595,36.63064022975098
2016-2018,m,40,0.002111381588752546,0.5,0.0021091549732633595,96840.74413986052,204.25213711711694,96738.61807130196,3455612.521007832,35.68345691372554
2016-2018,m,41,0.0020960175666234157,0.5,0.002093823221496585,96636.4920027434,202.33973099930154,96535.32213724375,3358873.9029365303,34.75782112249248
2016-2018,m,42,0.002167284090622716,0.5,0.0021649380727016415,96434.1522717441,208.7739677618083,96329.76528786319,3262338.5807992867,33.82970144857254
2016-2018,m,43,0.0024252016746655774,0.5,0.002422264434783717,96225.37830398229,233.08331158934743,96108.83664818761,3166008.8155114236,32.90201474199243
2016-2018,m,44,0.003113180847505596,0.5,0.003108342431443067,95992.29499239294,298.3769236164517,95843.10653058472,3069899.978863236,31.980691565989908
2016-2018,m,45,0.002946421648445375,0.5,0.002942087333539796,95693.91806877649,281.53986424695177,95553.148136653,2974056.872332651,31.07884944365176
2016-2018,m,46,0.003411910669975186,0.5,0.0034061000154822726,95412.37820452954,324.9841028796509,95249.88615308971,2878503.724195998,30.169080557090087
2016-2018,m,47,0.0033917467495760316,0.5,0.003386004514672686,95087.39410164989,321.9663457166462,94926.41092879156,2783253.8380429083,29.27048179559498
2016-2018,m,48,0.0038975926633549865,0.5,0.0038900118225849508,94765.42775593324,368.63863434290397,94581.10843876179,2688327.427114117,28.368229751865403
2016-2018,m,49,0.00392482451505774,0.5,0.00391713747645951,94396.78912159034,369.7652003256226,94211.90652142753,2593746.318675355,27.477060849330478
2016-2018,m,50,0.005426800428169575,0.5,0.005412115193644489,94027.02392126471,508.8850847774447,93772.581378876,2499534.4121539276,26.58314926830992
2016-2018,m,51,0.00451072220852847,0.5,0.004500571793957429,93518.13883648727,420.88509787089424,93307.69628755182,2405761.830775052,25.725082435413203
2016-2018,m,52,0.007583965330444204,0.5,0.007555315704263357,93097.25373861637,703.379143195154,92745.5641670188,2312454.1344875,24.83912297756967
2016-2018,m,53,0.007125890736342043,0.5,0.007100591715976333,92393.87459542122,656.0511805591959,92065.84900514162,2219708.570320481,24.02441265765992
2016-2018,m,54,0.007991273022477041,0.5,0.007959469874038231,91737.82341486202,730.1844417804386,91372.7311939718,2127642.721315339,23.192644452589548
2016-2018,m,55,0.00899504510227417,0.5,0.008954770818577354,91007.63897308159,814.9525497437717,90600.1626982097,2036269.9901213676,22.374715057970676
2016-2018,m,56,0.010123084652097464,0.5,0.01007210427002237,90192.68642333781,908.4301420492848,89738.47135231318,1945669.8274231579,21.572368055329438
2016-2018,m,57,0.011048618922634671,0.5,0.010987918261820714,89284.25628128853,981.0481100862526,88793.7322262454,1855931.3560708447,20.786770628673487
2016-2018,m,58,0.011816764720671795,0.5,0.01174735684470994,88303.20817120228,1037.3292969198228,87784.54352274237,1767137.6238445994,20.01215652797657
2016-2018,m,59,0.013759251252575091,0.5,0.013665239520579952,87265.87887428245,1192.5091367909918,86669.62430588696,1679353.080321857,19.244097486729924
2016-2018,m,60,0.014436438497169326,0.5,0.014332979905724252,86073.36973749146,1233.687878865443,85456.52579805875,1592683.45601597,18.50378881265335
2016-2018,m,61,0.015254457894051802,0.5,0.015138989356205435,84839.68185862602,1284.3870406415954,84197.48833830522,1507226.9302179113,17.765589134687037
2016-2018,m,62,0.01750332005312085,0.5,0.01735146592240551,83555.29481798442,1449.8068506708078,82830.39139264902,1423029.441879606,17.030990615011433
2016-2018,m,63,0.01884374147804745,0.5,0.018667855357890614,82105.48796731362,1532.7333734628337,81339.1212805822,1340199.0504869572,16.322892460251786
2016-2018,m,64,0.020748669223284298,0.5,0.020535625770085966,80572.75459385078,1654.611935604291,79745.44862604863,1258859.929206375,15.62389092382414
2016-2018,m,65,0.023212768539871344,0.5,0.0229464433012883,78918.14265824649,1810.890685950435,78012.69731527127,1179114.4805803264,14.940981133913137
2016-2018,m,66,0.025830849597795084,0.5,0.025501487059419094,77107.25197229606,1966.3495883588766,76124.07717811663,1101101.7832650552,14.280132608806642
2016-2018,m,67,0.02346962655879108,0.5,0.023197409292181614,75140.90238393718,1743.0742671840562,74269.36525034514,1024977.7060869385,13.640742572530607
2016-2018,m,68,0.028258442645827518,0.5,0.027864735629020605,73397.82811675312,2045.2110762176162,72375.22257864432,950708.3408365934,12.952812981391112
2016-2018,m,69,0.03174785100286533,0.5,0.03125176284763355,71352.61704053551,2229.8950663088326,70237.6695073811,878333.1182579491,12.309753372591324
2016-2018,m,70,0.03030563555861239,0.5,0.029853274332535838,69122.72197422668,2063.539581708188,68090.95218337257,808095.4487505681,11.690735342451896
2016-2018,m,71,0.036210221793635484,0.5,0.035566290165991804,67059.18239251849,2385.0463392664824,65866.65922288524,740004.4965671955,11.035095719415672
2016-2018,m,72,0.041729225990163085,0.5,0.0408763566284613,64674.136053252005,2643.643049950355,63352.314528276824,674137.8373443102,10.42360792866614
2016-2018,m,73,0.044388654452219435,0.5,0.043424868706398764,62030.49300330165,2693.66601446156,60683.65999607087,610785.5228160335,9.846536650668304
2016-2018,m,74,0.049656482153828965,0.5,0.04845346777490121,59336.82698884009,2875.0750343686523,57899.289471655764,550101.8628199626,9.270833826746824
2016-2018,m,75,0.055764927570368626,0.5,0.05425224141388102,56461.75195447144,3063.176597684658,54930.163655629105,492202.5733483068,8.71745130659778
2016-2018,m,76,0.06252351686943435,0.5,0.060628173553467724,53398.57535678678,3237.4580942391913,51779.846309667184,437272.4096926777,8.188840372069999
2016-2018,m,77,0.06817562039814562,0.5,0.06592827004219409,50161.11726254759,3307.035684503404,48507.59942029588,385492.56338301057,7.6850872632144425
2016-2018,m,78,0.07271625511286169,0.5,0.0701651805291624,46854.081578044184,3287.5250924515713,45210.3190318184,336984.96396271465,7.192222163215462
2016-2018,m,79,0.08190871369294606,0.5,0.07868617212101886,43566.55648559261,3428.0855623454263,41852.5137044199,291774.64493089623,6.697216132456684
2016-2018,m,80,0.0946599910712018,0.5,0.09038220186063993,40138.47092324719,3627.803381362355,38324.569232566006,249922.13122647634,6.226498555572224
2016-2018,m,81,0.10628493500822055,0.5,0.10092170650008064,36510.66754188483,3684.7188737841207,34668.30810499277,211597.56199391035,5.795499678310916
2016-2018,m,82,0.11914962088019761,0.5,0.11245040907560677,32825.94866810071,3691.2913560227935,30980.302990089316,176929.2538889176,5.389920507030227
2016-2018,m,83,0.13333912392569305,0.5,0.12500508937400187,29134.657312077918,3641.9804411772166,27313.66709148931,145948.95089882828,5.0094617326535165
2016-2018,m,84,0.14893273904886295,0.5,0.1386108893429414,25492.6768709007,3533.5626128077784,23725.895564496812,118635.28380733897,4.6537005277291374
2016-2018,m,85,0.1660006827283819,0.5,0.153278513762314,21959.114258092923,3365.8603970173244,20276.18405958426,94909.38824284216,4.322095469213371
2016-2018,m,86,0.18460037298466944,0.5,0.16900150276223072,18593.2538610756,3142.2878437614236,17022.10993919489,74633.20418325791,4.013993717339611
2016-2018,m,87,0.20477239125848568,0.5,0.18575376947785657,15450.966017314175,2870.075179790374,14015.928427418989,57611.09424406302,3.728640279158254
2016-2018,m,88,0.22653628884818802,0.5,0.20348762333927894,12580.8908375238,2560.055576018629,11300.863049514486,43595.16581664403,3.4651891014439906
2016-2018,m,89,0.24988646247122548,0.5,0.222132509030483,10020.835261505172,2225.9532792192795,8907.858621895532,32294.30276712955,3.222715664350599
2016-2018,m,90,0.2747883812128668,0.5,0.24159467621894196,7794.881982285892,1883.2019886752241,6853.28098794828,23386.444145234018,3.0002306896217834
2016-2018,m,91,0.3011754909361071,0.5,0.2617579512057035,5911.679993610668,1547.429243311275,5137.965371955031,16533.163157285737,2.7966945394802742
2016-2018,m,92,0.32894714117641866,0.5,0.2824857081215317,4364.250750299393,1232.83846361825,3747.831518490268,11395.197785330707,2.6110318671650528
2016-2018,m,93,0.35796786316415047,0.5,0.3036240389500427,3131.412286681143,950.7720460999176,2656.0262636311845,7647.3662668404395,2.4421460883215644
2016-2018,m,94,0.3880682684058705,0.5,0.3250060088649989,2180.6402405812255,708.721181361715,1826.279649900368,4991.340003209255,2.288933273045933
2016-2018,m,95,0.4190477333390227,0.5,0.34645677103742734,1471.9190592195105,509.95632448563936,1216.9408969766907,3165.060353308887,2.150295108609552
2016-2018,m,96,0.45067889281920803,0.5,0.36779922015875105,961.9627347338711,353.8091436568973,785.0581629054225,1948.1194563321963,2.02515064876307
2016-2018,m,97,0.4827137979543453,0.5,0.38885980200543596,608.1535910769738,236.48648501508688,489.9103485694304,1163.0612934267738,1.9124466425777717
2016-2018,m,98,0.5148914236065345,0.5,0.4094740781040506,371.66710606188695,152.1880456162916,295.5730832537412,673.1509448573435,1.8111663202857018
2016-2018,m,99,0.5469460630273834,0.5,0.4294916731587675,219.47906044559537,94.26442889409302,172.34684599854887,377.5778616036023,1.7203366044898691
2016-2018,m,100,0.5786160455865533,0.5,0.4487803033544969,125.21463155150235,56.19386033210479,97.11770138544995,205.23101560505341,1.6390338178700732
2016-2018,m,101,0.6096521757844263,0.5,0.46722868391545175,69.02077121939756,32.248484099668616,52.89652916956325,108.11331421960345,1.5663880931718617
2016-2018,m,102,0.6398253243458184,0.5,0.4847482281839046,36.772287119728944,17.82530102755842,27.85963660594973,55.2167850500402,1.5015869116396483
2016-2018,m,103,0.6689326994370439,0.5,0.5012735612090491,18.946986092170523,9.497623192600642,14.198174495870202,27.357148444090473,1.4438786364758713
2016-2018,m,104,0.6968024712282366,0.5,0.5167619643354031,9.44936289956988,4.883071333699812,7.007827232719975,13.158973948220272,1.3925779005502315
2016-2018,m,105,0.7232965924408025,0.5,0.5311919343992827,4.566291565870069,2.4255772499056514,3.353502940917243,6.151146715500298,1.347077081427727
2016-2018,m,106,0.7483118257986019,0.5,0.5445610783857527,2.1407143159644173,1.1657496964174021,1.5578394677557164,2.7976437745830545,1.3068739503069482
2016-2018,m,107,0.771779134476894,0.5,0.5568835733533642,0.9749646195470152,0.5429417812264451,0.7034937289337926,1.2398043068273379,1.2716403056793708
2016-2018,m,108,0.7936616987593564,0.5,0.5681874073097795,0.4320228383205701,0.24546993640397677,0.3092878701185817,0.5363105778935453,1.2413940429130543
2016-2018,m,109,0.8139518846752214,0.5,0.578511586575451,0.18655290191659332,0.10792301526802289,0.13259139428258188,0.22702270777496364,1.2169347431350284
2016-2018,m,110,0.832667509754737,0.5,1.0,0.07862988664857043,0.07862988664857043,0.09443131349238178,0.09443131349238178,1.2009595526244934
2016-2018,f,0,0.008978115842633581,0.0789005548974375,0.008904478145610427,100000.0,890.4478145610483,99179.80901211503,7789215.498526738,77.89215498526738
2016-2018,f,1,0.0002143360176367923,0.5,0.00021431305013394563,99109.55218543895,21.240470426273532,99098.93195022581,7690035.689514623,77.59126663317154
2016-2018,f,2,0.00018298261665141812,0.5,0.0001829658768639649,99088.31171501268,18.129779839902767,99079.24682509273,7590936.7575643975,76.6077918392297
2016-2018,f,3,0.0001836715951878042,0.5,0.00018365472910927456,99070.18193517278,18.194707426111563,99061.08458145973,7491857.510739305,75.62171951638942
2016-2018,f,4,0.00015462642256308757,0.5,0.00015461446882199237,99051.98722774666,15.314870390982833,99044.32979255117,7392796.426157845,74.6355185096878
2016-2018,f,5,6.213109661385524e-05,0.5,6.21291665372309e-05,99036.67235735568,6.153065910184523,99033.59582440059,7293752.096365294,73.64698270603365
2016-2018,f,6,6.201358097423335e-05,0.5,6.201165819174004e-05,99030.5192914455,6.141046712858952,99027.44876808906,7194718.5005408935,72.65152754947123
2016-2018,f,7,6.2375249500998e-05,0.5,6.237330422579135e-05,99024.37824473264,6.176477670029271,99021.29000589762,7095691.051772804,71.65600206280762
2016-2018,f,8,0.00012708498808578237,0.5,0.0001270769133017759,99018.20176706261,12.58292744125356,99011.91030334198,6996669.761766907,70.66044057461643
2016-2018,f,9,0.00013010245568385103,0.5,0.00013009399290987738,99005.61883962135,12.880036275353632,98999.17882148369,6897657.851463565,69.66935747997336
2016-2018,f,10,0.0001316352387534143,0.5,0.0001316265754055744,98992.738803346,13.030075198694249,98986.22376574666,6798658.672642081,68.67835716868036
2016-2018,f,11,0.00013161791319798625,0.5,0.00013160925213042478,98979.7087281473,13.02664544180152,98973.1954054264,6699672.448876334,67.68733243373465
2016-2018,f,12,6.523582751647205e-05,0.5,6.523369972928015e-05,98966.6820827055,6.455962822190486,98963.45410129441,6600699.253470908,66.69617607221355
2016-2018,f,13,0.0001287374078722925,0.5,0.0001287291217455669,98960.22611988331,12.739062996159191,98953.85658838524,6501735.799369614,65.70049457539861
2016-2018,f,14,0.00028517110266159697,0.5,0.0002851304471795847,98947.48705688716,28.212941231831792,98933.38058627123,6402781.942781229,64.70888885839136
2016-2018,f,15,0.00021823169971318119,0.5,0.0002182078897738431,98919.27411565532,21.58496606274275,98908.48163262395,6303848.562194957,63.727201989215644
2016-2018,f,16,0.00021766169154228856,0.5,0.00021763800581404389,98897.68914959258,21.523895846141386,98886.92720166952,6204940.080562334,62.74100167473828
2016-2018,f,17,0.00025017981674328423,0.5,0.00025014852568712675,98876.16525374644,24.733726963822846,98863.79839026454,6106053.153360664,61.75455063099046
2016-2018,f,18,0.0003136664471001537,0.5,0.0003136172614940727,98851.43152678262,31.00151525020192,98835.93076915751,6007189.354970399,60.76987720044118
2016-2018,f,19,0.00015443061432498378,0.5,0.0001544186908383391,98820.43001153241,15.259721430455102,98812.80015081719,5908353.424201242,59.78878480403023
2016-2018,f,20,0.00024033406434944573,0.5,0.00024030518758823708,98805.17029010196,23.743394981254824,98793.29859261133,5809540.624050424,58.797941514528304
2016-2018,f,21,8.743296805782234e-05,0.5,8.742914596295917e-05,98781.4268951207,8.636375790447346,98777.10870722547,5710747.325457813,57.81195417961607
2016-2018,f,22,2.8361553078646587e-05,0.5,2.8361150895503342e-05,98772.79051933026,2.801310016293428,98771.38986432212,5611970.216750587,56.81696535294607
2016-2018,f,23,0.00019460661662496525,0.5,0.00019458768259969145,98769.98920931396,19.219423310642014,98760.37949765864,5513198.826886266,55.81856261219854
2016-2018,f,24,0.0002995724284430404,0.5,0.0002995275633432722,98750.76978600332,29.578577452281024,98735.98049727718,5414438.447388607,54.82932901811197
2016-2018,f,25,0.00042958786414283795,0.5,0.00042949561109172416,98721.19120855104,42.400318345826236,98699.99104937812,5315702.46689133,53.845607025362696
2016-2018,f,26,0.00037243947858472997,0.5,0.0003723701359150996,98678.79089020521,36.7450347757258,98660.41837281735,5217002.475841952,52.86852857415572
2016-2018,f,27,0.0003434882553438846,0.5,0.00034342927338291046,98642.04585542949,33.87656613314175,98625.10757236292,5118342.057469134,51.88803631435842
2016-2018,f,28,0.00046941010796432484,0.5,0.00046929996089166995,98608.16928929635,46.27680999106087,98585.03088430082,5019716.949896771,50.90569053330603
2016-2018,f,29,0.00023104174154130514,0.5,0.00023101505448105036,98561.89247930529,22.769280960870674,98550.50783882485,4921131.919012471,49.92935702858734
2016-2018,f,30,0.00040736308781220564,0.5,0.00040728013236604303,98539.12319834442,40.1330271394545,98519.0566847747,4822581.411173646,48.940778592747535
2016-2018,f,31,0.0004055252819667976,0.5,0.00040544307325849537,98498.99017120496,39.9357332878717,98479.02230456102,4724062.354488872,47.960515597954796
2016-2018,f,32,0.00042843821668892863,0.5,0.0004283464566929133,98459.05443791709,42.17458709781931,98437.96714436819,4625583.332184311,46.97976594017518
2016-2018,f,33,0.0005497251374312844,0.5,0.0005495740800879319,98416.87985081927,54.0873662091326,98389.8361677147,4527145.365039943,45.99968391501752
2016-2018,f,34,0.0004709848541186386,0.5,0.0004708739668653424,98362.79248461014,46.31647828916903,98339.63424546555,4428755.528872228,45.02470311185149
2016-2018,f,35,0.0004444224976544368,0.5,0.0004443237639159734,98316.47600632097,43.68434667408292,98294.63383298393,4330415.894626763,44.04567851219923
2016-2018,f,36,0.0008167710318540703,0.5,0.0008164376105592597,98272.79165964689,80.23360320559004,98232.67485804409,4232121.260793779,43.0650354927445
2016-2018,f,37,0.0008993479727197782,0.5,0.0008989437411042026,98192.5580564413,88.26958548785478,98148.42326369736,4133888.5859357347,42.099815584390484
2016-2018,f,38,0.0008588461149843387,0.5,0.0008584774649665446,98104.28847095344,84.22032086888794,98062.178310519,4035740.1626720373,41.13724512529269
2016-2018,f,39,0.0006854357594374349,0.5,0.0006852009288279258,98020.06815008455,67.16344174022379,97986.48642921445,3937677.984361518,40.17216125918518
2016-2018,f,40,0.0008836152486745772,0.5,0.0008832250331209388,97952.90470834433,86.5144575053273,97909.64747959166,3839691.4979323037,39.19936329979208
2016-2018,f,41,0.0008262600465710208,0.5,0.0008259188347036078,97866.390250839,80.82969499262981,97825.97540334269,3741781.8504527123,38.23357376176071
2016-2018,f,42,0.0015295504124771195,0.5,0.0015283815441664685,97785.56055584637,149.45364603953203,97710.8337328266,3643955.8750493694,37.26476439196018
2016-2018,f,43,0.0012363434511644337,0.5,0.0012355796507596294,97636.10690980684,120.637186877153,97575.78831636827,3546245.041316543,36.321040991448506
2016-2018,f,44,0.0014472514916846514,0.5,0.0014462049805269769,97515.46972292969,141.0273579917266,97444.95604393382,3448669.2530001746,35.36535549486522
2016-2018,f,45,0.0016872459544443592,0.5,0.001685823754789272,97374.44236493796,164.15614804817596,97292.36429091387,3351224.2969562407,34.4158509724409
2016-2018,f,46,0.002152080344332855,0.5,0.002149767108563239,97210.28621688978,208.97947592308628,97105.79647892824,3253931.9326653266,33.47312367135046
2016-2018,f,47,0.0019611838418827363,0.5,0.0019592626048014657,97001.3067409667,190.05103291445994,96906.28122450947,3156826.1361863986,32.54416092162985
2016-2018,f,48,0.0021371282025494684,0.5,0.002134846981703106,96811.25570805224,206.6772170432232,96707.91709953063,3059919.8549618893,31.607067097543926
2016-2018,f,49,0.002422758947973125,0.5,0.0024198276184655304,96604.57849100902,233.76642710276064,96487.69527745763,2963211.9378623585,30.673618001843924
2016-2018,f,50,0.0026622213375796177,0.5,0.0026586823371557065,96370.81206390625,256.219375851666,96242.70237598041,2866724.242584901,29.746810068217478
2016-2018,f,51,0.002926421404682274,0.5,0.002922145689835107,96114.59268805459,280.86084275365283,95974.16226667777,2770481.5402089204,28.82477533042955
2016-2018,f,52,0.003286030718301974,0.5,0.0032806405754486584,95833.73184530094,314.3960291883559,95676.53383070676,2674507.3779422427,27.907787022836086
2016-2018,f,53,0.004109959884822681,0.5,0.004101531320226444,95519.33581611258,391.7755475370068,95323.44804234407,2578830.8441115357,26.997998071051583
2016-2018,f,54,0.003677396604705053,0.5,0.003670647391577624,95127.56026857557,349.1797309669928,94952.97040309207,2483507.396069192,26.10712804004912
2016-2018,f,55,0.0046544571486390775,0.5,0.004643650312941653,94778.38053760858,440.11765644357365,94558.3217093868,2388554.4256661,25.20146907045229
2016-2018,f,56,0.005217044007887971,0.5,0.005203470640226065,94338.262881165,490.8863811520714,94092.81969058898,2293996.103956713,24.31670918984791
2016-2018,f,57,0.005384311400908911,0.5,0.005369854915387836,93847.37650001294,503.94679599485244,93595.40310201551,2199903.284266124,23.44128697370481
2016-2018,f,58,0.0060743359306928224,0.5,0.0060559430145690095,93343.42970401808,565.2824910719646,93060.7884584821,2106307.8811641084,22.565143447621143
2016-2018,f,59,0.007140514217949688,0.5,0.0071151114407472125,92778.14721294612,660.1268566861545,92448.08378460305,2013247.0927056263,21.69958285634638
2016-2018,f,60,0.007534351534964499,0.5,0.007506074831749424,92118.02035625996,691.4447541467089,91772.29797918661,1920799.0089210232,20.851501166573794
2016-2018,f,61,0.008277676061786018,0.5,0.008243557313268018,91426.57560211325,753.6802159318468,91049.73549414733,1829026.7109418367,20.00541635619961
2016-2018,f,62,0.009176703686323583,0.5,0.009134790055535372,90672.89538618141,828.2778630802932,90258.75645464126,1737976.9754476894,19.167546906333357
2016-2018,f,63,0.010027562672266701,0.5,0.009977537481063574,89844.61752310111,896.4280388085608,89396.40350369684,1647718.2189930482,18.33964309068801
2016-2018,f,64,0.012079378774805867,0.5,0.012006861063464838,88948.18948429255,1067.9885529846506,88414.19520780022,1558321.8154893513,17.51943265539471
2016-2018,f,65,0.013115579294723007,0.5,0.013030130440218373,87880.2009313079,1145.0904812475492,87307.65569068413,1469907.620281551,16.726266038359576
2016-2018,f,66,0.013856412921105048,0.5,0.01376107336372237,86735.11045006035,1193.56821811384,86138.32634100344,1382599.9645908668,15.94048773808767
2016-2018,f,67,0.01711217324600224,0.5,0.016967002106248533,85541.54223194651,1451.3835272211873,84815.85046833592,1296461.6382498634,15.155930141339962
2016-2018,f,68,0.01654071443746396,0.5,0.01640503890552805,84090.15870472533,1379.502325123045,83400.4075421638,1211645.7877815275,14.408889297451651
2016-2018,f,69,0.01912980706129413,0.5,0.018948565856829445,82710.65637960228,1567.2483194704837,81927.03221986705,1128245.3802393638,13.640870833635487
2016-2018,f,70,0.02259080257762156,0.5,0.022338480476457707,81143.4080601318,1812.620436744488,80237.09784175956,1046318.3480194968,12.894680825386535
2016-2018,f,71,0.02351980400163332,0.5,0.023246428283154413,79330.78762338731,1844.1574651332194,78408.70889082071,966081.2501777372,12.177885523639112
2016-2018,f,72,0.02467904233171409,0.5,0.024378226687517407,77486.63015825409,1888.9866352497484,76542.13684062922,887672.5412869165,11.455815531969668
2016-2018,f,73,0.03147944603209497,0.5,0.03099164610656625,75597.64352300434,2342.8954145553,74426.19581572669,811130.4044462873,10.729572598376834
2016-2018,f,74,0.036658953767977856,0.5,0.0359991089329472,73254.74810844904,2637.1056570116634,71936.1952799432,736704.2086305607,10.056743455590297
2016-2018,f,75,0.04312476226702168,0.5,0.04221451676712201,70617.64245143738,2981.089651320828,69127.09762577697,664768.0133506175,9.413625126437317
2016-2018,f,76,0.048413261685085675,0.5,0.04726903754299998,67636.55280011655,3197.1147535878044,66037.99542332265,595640.9157248405,8.806494285495491
2016-2018,f,77,0.05518703784254023,0.5,0.053705124474192435,64439.43804652875,3460.7280413358385,62709.07402586083,529602.9203015178,8.218614816583534
2016-2018,f,78,0.06448970037453183,0.5,0.06247519700663303,60978.71000519291,3809.6569207847715,59073.88154480052,466893.846275657,7.6566697825502805
2016-2018,f,79,0.06913315234547636,0.5,0.06682329966740914,57169.05308440814,3820.2247659614295,55258.94070142742,407819.9647308565,7.133579143399915
2016-2018,f,80,0.08521974886645234,0.5,0.08173694778478738,53348.82831844671,4360.570394644463,51168.54312112447,352561.02402942907,6.608599197810726
2016-2018,f,81,0.09594787516337411,0.5,0.09155559286596782,48988.257923802244,4485.148997684657,46745.68342495992,301392.48090830457,6.152341268740341
2016-2018,f,82,0.10786729123949793,0.5,0.10234732678646792,44503.10892611759,4554.7742322751365,42225.72180998002,254646.79748334465,5.722000184438795
2016-2018,f,83,0.12106913668049625,0.5,0.11415859538644856,39948.33469384245,4560.445776676788,37668.11180550406,212421.07567336463,5.317395012866625
2016-2018,f,84,0.13564108814146794,0.5,0.12702610836122186,35387.88891716566,4495.185812266769,33140.296011032275,174752.96386786058,4.938213869635294
2016-2018,f,85,0.15166428515342087,0.5,0.14097392999448027,30892.703104898894,4355.065764850282,28715.170222473753,141612.6678568283,4.584016729645509
2016-2018,f,86,0.16920974964497462,0.5,0.15601050075740114,26537.63734004861,4140.150090339288,24467.562294878968,112897.49763435457,4.254240729410306
2016-2018,f,87,0.18833436452162539,0.5,0.17212576613062114,22397.487249709324,3855.1846522570377,20469.894923580803,88429.9353394756,3.948207866068693
2016-2018,f,88,0.20907653445250957,0.5,0.18928862915501155,18542.302597452286,3509.8470400491533,16787.379077427708,67960.04041589481,3.6651349021362924
2016-2018,f,89,0.23145171793112382,0.5,0.20744497052861427,15032.455557403133,3118.4073000781973,13473.251907364034,51172.6613384671,3.404145193914494
2016-2018,f,90,0.25544808785107764,0.5,0.22651648621579296,11914.048257324936,2698.728347854636,10564.684083397617,37699.409431103064,3.1642820825343647
2016-2018,f,91,0.2810226394420081,0.5,0.24640057015019623,9215.3199094703,2270.660079809936,8079.989869565332,27134.725347705447,2.9445234255861186
2016-2018,f,92,0.30809810811091914,0.5,0.26697141428107185,6944.659829660363,1854.025656425375,6017.647001447676,19054.735478140115,2.743796808701573
2016-2018,f,93,0.33656107304565785,0.5,0.28808241045200467,5090.634173234988,1466.5221633548836,4357.373091557547,13037.08847669244,2.560994963110392
2016-2018,f,94,0.3662615940064871,0.5,0.3095698251910883,3624.112009880105,1121.915721371508,3063.154149194351,8679.715385134892,2.394990927838911
2016-2018,f,95,0.3970146512953347,0.5,0.33125759250640374,2502.196288508597,828.8715185098167,2087.760529253688,5616.56123594054,2.2446525325510023
2016-2018,f,96,0.4286035322900501,0.5,0.35296294894696023,1673.32476999878,590.6216453647635,1378.0139473163983,3528.800706686852,2.108855835971056
2016-2018,f,97,0.46078514125206055,0.5,0.3745025386634207,1082.7031246340166,405.47506879425714,879.965590236888,2150.786759370454,1.9864972312677855
2016-2018,f,98,0.49329702100521555,0.5,0.3956985604597838,677.2280558397595,267.97816679877087,543.238972440374,1270.8211691335662,1.8765040198427014
2016-2018,f,99,0.5258656915620789,0.5,0.4163845237842921,409.2498890409886,170.4053201571064,324.0472289624354,727.5821966931921,1.7778433572655674
2016-2018,f,100,0.5582157606309054,0.5,0.43641022717586464,238.8445688838822,104.23421256633648,186.72746260071398,403.5349677307567,1.689529594985018
2016-2018,f,101,0.5900791696346869,0.5,0.4556456625361869,134.61035631754572,61.33462498854031,103.94304382327556,216.80750513004273,1.6106302000909498
2016-2018,f,102,0.6212039226049739,0.5,0.47398366624418625,73.27573132900541,34.731499782045965,55.909981437982424,112.86446130676717,1.5402706907149077
2016-2018,f,103,0.6513617070143666,0.5,0.4913412645970881,38.544231546959445,18.93837147120603,29.075045811356432,56.95447986878475,1.4776395217373999
2016-2018,f,104,0.6803539442261763,0.5,0.5076597780615842,19.605860075753416,9.953106574763455,14.62930678837169,27.87943405742832,1.4219949520045203
2016-2018,f,105,0.7080159804721758,0.5,0.5229038422060748,9.652753500989961,5.0474618935357904,7.129022554222066,13.25012726905663,1.3726785075054213
2016-2018,f,106,0.734219318927151,0.5,0.5370595649329571,4.605291607454171,2.4733159070887356,3.3686336539098027,6.121104714834564,1.3291459556929865
2016-2018,f,107,0.7588719716993328,0.5,0.5501320680944134,2.131975700365435,1.1728682011690723,1.545541599780899,2.752471060924761,1.2910424168779076
2016-2018,f,108,0.7819171553067042,0.5,0.5621426603701277,0.9591074991963628,0.5391552411791836,0.6895298786067711,1.206929461143862,1.258388097429276
2016-2018,f,109,0.8033306513445437,0.5,0.5731258643779659,0.4199522580171793,0.24068550087357443,0.29960950758039206,0.517399582537091,1.2320438160756961
2016-2018,f,110,0.8231172021004478,0.5,1.0,0.17926675714360485,0.17926675714360485,0.21779007495669894,0.21779007495669894,1.214893817609666
2017-2019,m,0,0.0070035167873996815,0.06129743905738075,0.006957774850776506,100000.0,695.7774850776477,99346.8718929114,7433224.499234688,74.33224499234687
2017-2019,m,1,0.00047105929458870637,0.5,0.00047094837228468827,99304.22251492235,46.767161954398034,99280.83893394515,7333877.627341776,73.85262621878663
2017-2019,m,2,0.00028942722352464474,0.5,0.0002893853455261026,99257.45535296795,28.723653013366857,99243.09352646128,7234596.788407831,72.88718779542545
2017-2019,m,3,0.00022932492475275906,0.5,0.00022929863280690186,99228.73169995459,22.75301251396013,99217.35519369761,7135353.69488137,71.90814165051589
2017-2019,m,4,0.00028672190842102247,0.5,0.0002866808095866063,99205.97868744063,28.440450285939733,99191.75846229766,7036136.339687672,70.9245191951162
2017-2019,m,5,0.0001449569477865074,0.5,0.00014494644228957402,99177.53823715469,14.375431322507211,99170.35052149344,6936944.581225375,69.94471434285511
2017-2019,m,6,8.749416705552963e-05,0.5,8.749033960833492e-05,99163.16280583218,8.675818790521589,99158.82489643691,6837774.230703881,68.95478156634314
2017-2019,m,7,5.8263174760392695e-05,0.5,5.8261477511069683e-05,99154.48698704166,5.7768869137216825,99151.5985435848,6738615.405807444,67.96077122246724
2017-2019,m,8,8.79430129276229e-05,0.5,8.793914611089128e-05,99148.71010012794,8.719052904212731,99144.35057367582,6639463.80726386,66.96470181567489
2017-2019,m,9,0.00011941011403665891,0.5,0.00011940298507462687,99139.99104722372,11.83761087131279,99134.07224178806,6540319.456690184,65.97054717883532
2017-2019,m,10,0.00012259033375218364,0.5,0.0001225828200177745,99128.15343635241,12.15140859138046,99122.07773205673,6441185.384448396,64.97836549113278
2017-2019,m,11,0.00024964893119051336,0.5,0.00024961777278542234,99116.00202776103,24.74111567356158,99103.63146992425,6342063.30671634,63.98627040001084
2017-2019,m,12,0.00012531328320802005,0.5,0.0001253054319904768,99091.26091208747,12.41667325508024,99085.05257545994,6242959.675246416,63.002121658186304
2017-2019,m,13,0.00031103231625765915,0.5,0.0003109839532280134,99078.84423883239,30.811930662661325,99063.43827350106,6143874.622670956,62.009954495038016
2017-2019,m,14,0.0003676470588235294,0.5,0.0003675794890645102,99048.03230816973,36.40802510868525,99029.82829561539,6044811.184397455,61.029089054390674
2017-2019,m,15,0.00024134186074574636,0.5,0.00024131274131274132,99011.62428306104,23.89276647758379,98999.67789982224,5945781.35610184,60.05134648739468
2017-2019,m,16,0.00023785455194148778,0.5,0.00023782626791129082,98987.73151658346,23.541882755584083,98975.96057520567,5846781.678202017,59.065720454685874
2017-2019,m,17,0.00035589299483955157,0.5,0.00035582967619499464,98964.18963382787,35.21439555230609,98946.58243605171,5747805.717626812,58.0796522347524
2017-2019,m,18,0.0002690100430416069,0.5,0.00026897386470614603,98928.97523827557,26.609308801256702,98915.67058387495,5648859.13519076,57.10014807679135
2017-2019,m,19,0.0006303845345660853,0.5,0.0006301859048419284,98902.36592947431,62.32687696427456,98871.20249099217,5549943.464606885,56.11537613331172
2017-2019,m,20,0.0007099961541874981,0.5,0.0007097441963625609,98840.03905251004,70.1511440857721,98804.96348046715,5451072.262115893,55.15044626014303
2017-2019,m,21,0.0005147563486616335,0.5,0.0005146238957028904,98769.88790842427,50.829344493569806,98744.47323617748,5352267.298635426,54.189261646199775
2017-2019,m,22,0.0004710054581220735,0.5,0.0004708945611678185,98719.0585639307,46.48626776135643,98695.81543005002,5253522.825399249,53.216905649450204
2017-2019,m,23,0.0008144648965629581,0.5,0.0008141333550435561,98672.57229616934,80.3326323342626,98632.40598000221,5154827.009969199,52.24174144864489
2017-2019,m,24,0.0006188118811881188,0.5,0.0006186204763377667,98592.23966383508,60.991178264055634,98561.74407470305,5056194.603989197,51.28390044925489
2017-2019,m,25,0.0007173029409420578,0.5,0.0007170457714217425,98531.24848557102,70.65141507948283,98495.92277803128,4957632.859914494,50.31533585652772
2017-2019,m,26,0.0007052001985007966,0.5,0.0007049516324852156,98460.59707049154,69.40995864030265,98425.89209117138,4859136.937136463,49.3510813636203
2017-2019,m,27,0.0008261902303005267,0.5,0.0008258490760813461,98391.18711185124,81.25627097085817,98350.5589763658,4760711.045045291,48.38554330717962
2017-2019,m,28,0.0006924319749698664,0.5,0.0006921923269198724,98309.93084088038,68.0493797880772,98275.90615098634,4662360.486068925,47.425122225090284
2017-2019,m,29,0.0007607262399837712,0.5,0.0007604369977947328,98241.8814610923,74.70676139598072,98204.52808039432,4564084.579917938,46.457625933451794
2017-2019,m,30,0.0006531022356191912,0.5,0.0006528890339753409,98167.17469969632,64.09227185776399,98135.12856376744,4465880.051837544,45.49260040842715
2017-2019,m,31,0.0008024072216649949,0.5,0.0008020854220974534,98103.08242783856,78.68705227819737,98063.73890169946,4367744.923273777,44.52199477510351
2017-2019,m,32,0.0009540068286804579,0.5,0.0009535519811297081,98024.39537556036,93.47135640939814,97977.65969735566,4269681.184372077,43.5573325192537
2017-2019,m,33,0.0008480494861817819,0.5,0.0008476900446283877,97930.92401915096,83.01506935228826,97889.41648447482,4171703.5246747215,42.598429111716754
2017-2019,m,34,0.0009118241411602346,0.5,0.0009114086189696157,97847.90894979867,89.1794275650027,97803.31923601616,4073814.108190247,41.63414580765682
2017-2019,m,35,0.0009774693318997116,0.5,0.0009769918421181183,97758.72952223367,95.50948123904527,97710.97478161415,3976010.7889542305,40.67167002257277
2017-2019,m,36,0.001362596720035038,0.5,0.0013616690171667557,97663.22004099462,132.98498084655148,97596.72755057135,3878299.814172616,39.71095579835153
2017-2019,m,37,0.0012924937813978442,0.5,0.0012916590507524523,97530.23506014807,125.97581083745172,97467.24715472935,3780703.086622045,38.76442094382772
2017-2019,m,38,0.0016941245795379213,0.5,0.0016926907650226305,97404.25924931062,164.87529010517756,97321.82160425803,3683235.8394673155,37.81390945174077
2017-2019,m,39,0.0013896471288897712,0.5,0.0013886822397460696,97239.38395920544,135.03460550800082,97171.86665645144,3585914.0178630576,36.877177454841195
2017-2019,m,40,0.002027991287148544,0.5,0.0020259369958605857,97104.34935369744,196.72729381463432,97005.98570679012,3488742.151206606,35.92776404380248
2017-2019,m,41,0.0017830683844395892,0.5,0.0017814801339873791,96907.62205988281,172.63900353164354,96821.302558117,3391736.165499816,34.99968416729838
2017-2019,m,42,0.0016896577812523642,0.5,0.0016882315144948533,96734.98305635116,163.3110469498497,96653.32753287624,3294914.862941699,34.06125435533811
2017-2019,m,43,0.002012226184411615,0.5,0.0020102036921589334,96571.67200940131,194.12873163126642,96474.60764358568,3198261.535408823,33.118009338157364
2017-2019,m,44,0.002683940230715631,0.5,0.0026803432901213882,96377.54327777005,258.3249014429457,96248.38082704858,3101786.927765237,32.183710253181765
2017-2019,m,45,0.0033293450554023824,0.5,0.003323811996883926,96119.2183763271,319.4822111703397,95959.47727074193,3005538.5469381884,31.268861708496924
2017-2019,m,46,0.002899535029517789,0.5,0.0028953374633192046,95799.73616515676,277.3725650950655,95661.04988260922,2909579.0696674464,30.371472679751356
2017-2019,m,47,0.0036805972486882977,0.5,0.003673836292812569,95522.3636000617,350.9335261691449,95346.89683697713,2813918.019784837,29.45821181274685
2017-2019,m,48,0.003996678085746911,0.5,0.003988707296226268,95171.43007389255,379.61097752802016,94981.62458512853,2718571.12294786,28.564991834599102
2017-2019,m,49,0.004373890446908689,0.5,0.0043643458615732185,94791.81909636453,413.70428338421334,94584.96695467242,2623589.4983627317,27.67738316843159
2017-2019,m,50,0.005286970667480047,0.5,0.00527303148608224,94378.11481298032,497.65877100593934,94129.28542747736,2529004.5314080594,26.796514598956918
2017-2019,m,51,0.004753760249509533,0.5,0.004742487924220564,93880.45604197438,445.2269290993863,93657.84257742469,2434875.245980582,25.935911995271287
2017-2019,m,52,0.00692386241936689,0.5,0.006899975179945395,93435.229112875,644.7007618113566,93112.87873196931,2341217.4034031574,25.057116310752935
2017-2019,m,53,0.007275082841268655,0.5,0.007248715338976739,92790.52835106364,672.6121261701192,92454.22228797857,2248104.524671188,24.22773708288103
2017-2019,m,54,0.007789383171897524,0.5,0.0077591636226224964,92117.91622489352,714.7579845639848,91760.53723261153,2155650.3023832096,23.400988545165077
2017-2019,m,55,0.00844412504491556,0.5,0.00840862331156633,91403.15824032953,768.5747271304281,91018.87087676433,2063889.765150598,22.58007058928905
2017-2019,m,56,0.009439543198127525,0.5,0.009395200000000001,90634.5835131991,851.5300390232151,90208.81849368749,1972870.8942738336,21.76730799437639
2017-2019,m,57,0.011200773871649314,0.5,0.011138394552312482,89783.05347417589,1000.0390737067355,89283.03393732253,1882662.075780146,20.969013671624037
2017-2019,m,58,0.011799559415592636,0.5,0.011730352917484768,88783.01440046915,1041.456091995642,88262.28635447133,1793379.0418428236,20.19957369045297
2017-2019,m,59,0.013057893394542209,0.5,0.012973192114731668,87741.55830847351,1138.2880923817575,87172.41426228263,1705116.7554883524,19.433399501450197
2017-2019,m,60,0.014420224429253193,0.5,0.014316997272343096,86603.27021609175,1239.8987834597792,85983.32082436187,1617944.3412260697,18.682254575248585
2017-2019,m,61,0.014613614974380424,0.5,0.01450761065621634,85363.37143263198,1238.418557046607,84744.16215410866,1531961.0204017079,17.94635093121548
2017-2019,m,62,0.017308455736403335,0.5,0.01715994962216625,84124.95287558537,1443.5799533121608,83403.1628989293,1447216.858247599,17.203181800148247
2017-2019,m,63,0.018421835691292233,0.5,0.018253702338671848,82681.3729222732,1509.2411702758982,81926.75233713526,1363813.6953486698,16.494811916473118
2017-2019,m,64,0.019699916643512085,0.5,0.01950776596183742,81172.13175199731,1583.486948841397,80380.38827757661,1281886.9430115346,15.792204976555796
2017-2019,m,65,0.023230670329028112,0.5,0.022963936509770508,79588.64480315591,1827.6685861583392,78674.81051007674,1201506.554733958,15.096457009735577
2017-2019,m,66,0.024797492318674157,0.5,0.02449379991109885,77760.97621699757,1904.6617923508602,76808.64532082214,1122831.7442238813,14.43952736769326
2017-2019,m,67,0.02489980947375337,0.5,0.024593621232276697,75856.31442464671,1865.5814650362445,74923.5236921286,1046023.0989030591,13.789532312990842
2017-2019,m,68,0.02615521733168792,0.5,0.02581758505760739,73990.73295961047,1910.2620416594582,73035.60193878075,971099.5752109305,13.124610831210815
2017-2019,m,69,0.030549679084943885,0.5,0.030090058273000174,72080.47091795101,2168.9055702664336,70996.01813281779,898063.9732721498,12.459185710570807
2017-2019,m,70,0.0314220544281894,0.5,0.03093601781047333,69911.56534768458,2162.78543075404,68830.17263230756,827067.955139332,11.83020221369888
2017-2019,m,71,0.03589037445031759,0.5,0.0352576689793603,67748.77991693054,2388.664056066671,66554.44788889721,758237.7825070245,11.191903137395682
2017-2019,m,72,0.041320660330165085,0.5,0.04048424251335588,65360.115860863865,2646.054781212253,64037.08847025774,691683.3346181273,10.582651598882666
2017-2019,m,73,0.04181034482758621,0.5,0.04095419041587502,62714.06107965161,2568.4035992088684,61429.85928004718,627646.2461478696,10.00806255156577
2017-2019,m,74,0.047635021804763505,0.5,0.046526867627785067,60145.657480442744,2798.3890439786555,58746.46295845341,566216.3868678224,9.414085913882246
2017-2019,m,75,0.055039397859578974,0.5,0.05356529701270459,57347.26843646409,3071.823466666501,55811.356703130834,507469.923909369,8.849068800401586
2017-2019,m,76,0.060521067065569686,0.5,0.058743458664811406,54275.44496979759,3188.327358097551,52681.28129074881,451658.56720623816,8.321600448555891
2017-2019,m,77,0.06578073089700996,0.5,0.06368607269218399,51087.117611700036,3253.5378858528784,49460.3486687736,398977.28591548937,7.809743523759013
2017-2019,m,78,0.07199239877210933,0.5,0.06949098733641397,47833.57972584716,3324.0026829841954,46171.57838435506,349516.93724671577,7.3069366593496285
2017-2019,m,79,0.0813782991202346,0.5,0.07819654808030996,44509.57704286296,3480.4952812664924,42769.32940222972,303345.3588623607,6.815282890022466
2017-2019,m,80,0.09205584234640653,0.5,0.08800514831684282,41029.08176159647,3610.7704257331643,39223.69654872989,260576.02946013102,6.3510080721336575
2017-2019,m,81,0.10328796405785635,0.5,0.09821571351417208,37418.311335863305,3675.0661463472497,35580.77826268968,221352.33291140114,5.915615243150955
2017-2019,m,82,0.11571589922615359,0.5,0.10938699214623093,33743.245189516056,3691.0720965339387,31897.709141249084,185771.55464871146,5.505444233515223
2017-2019,m,83,0.12942337485211713,0.5,0.12155720311946445,30052.173092982117,3653.0581088449326,28225.64403855965,153873.8455074624,5.120223586872509
2017-2019,m,84,0.14448929339023373,0.5,0.13475403569099653,26399.114984137184,3557.3872827831437,24620.421342745612,125648.20146890276,4.7595611271212235
2017-2019,m,85,0.16098469880489516,0.5,0.1489919839727932,22841.72770135404,3403.23432759105,21140.110537558518,101027.78012615714,4.422948274624966
2017-2019,m,86,0.17896932551234568,0.5,0.16426970624771348,19438.49337376299,3193.15559640617,17841.915575559906,79887.66958859863,4.1097665365581575
2017-2019,m,87,0.19848781372077992,0.5,0.1805675814821587,16245.33777735682,2933.381352818069,14778.647100947786,62045.75401303872,3.8192960259354978
2017-2019,m,88,0.21956572764156157,0.5,0.19784566404786308,13311.956424538752,2633.712858589086,11995.099995244209,47267.10691209094,3.5507257839997552
2017-2019,m,89,0.2422055703584946,0.5,0.21604225193301044,10678.243565949666,2306.9517866769456,9524.767672611193,35272.00691684673,3.303165609494114
2017-2019,m,90,0.2663830447867789,0.5,0.23507327713161583,8371.29177927272,1967.8669923785937,7387.358283083424,25747.23924423554,3.075659040816805
2017-2019,m,91,0.29204385586820847,0.5,0.2548326945145511,6403.424786894127,1631.8019925654953,5587.523790611379,18359.880961152117,2.867197097204802
2017-2019,m,92,0.31910137513595144,0.5,0.27519398553005897,4771.622794328631,1313.1218942173728,4115.061847219945,12772.357170540738,2.676732365710356
2017-2019,m,93,0.34743548511469097,0.5,0.2960128082904191,3458.5009001112585,1023.760563916876,2946.6206181528205,8657.295323320794,2.503193023035585
2017-2019,m,94,0.3768928797036987,0.5,0.3171307238302484,2434.7403361943825,772.1309651560266,2048.674853616369,5710.674705167973,2.345496404801029
2017-2019,m,95,0.4072890140445858,0.5,0.3383798220059025,1662.609371038356,562.5934630373042,1381.3126395197037,3661.999851551604,2.2025617774935076
2017-2019,m,96,0.4384117761887285,0.5,0.3595879748202104,1100.0159080010517,395.5524926281131,902.2396616869951,2280.6872120319003,2.0733220269299233
2017-2019,m,97,0.47002680356956245,0.5,0.38058437494710795,704.4634153729386,268.1077686128147,570.4095310665313,1378.4475503449053,1.956734047878361
2017-2019,m,98,0.5018842074275109,0.5,0.4012049845772508,436.3556467601239,175.0680605285918,348.821616495828,808.0380192783741,1.8517876995013973
2017-2019,m,99,0.5337263202419626,0.5,0.4212975300276263,261.2875862315321,110.07981470622488,206.24767887841966,459.2164027825462,1.7575132803118534
2017-2019,m,100,0.5652959678539619,0.5,0.44072572906811136,151.2077715253072,66.64115534625543,117.8871938521795,252.96872390412653,1.6729875809444614
2017-2019,m,101,0.5963447080733512,0.5,0.4593725218527519,84.56661617905178,38.84757973872475,65.14282630968941,135.08153005194703,1.5973387153855214
2017-2019,m,102,0.6266404814237508,0.5,0.4771421790347837,45.71903644032703,21.814480670508317,34.81179610507287,69.93870374225762,1.529750169462612
2017-2019,m,103,0.6559741866191583,0.5,0.49396126658456774,23.904555769818714,11.807924645201089,18.00059344721817,35.12690763718474,1.4694649829692752
2017-2019,m,104,0.6841648119422226,0.5,0.5097785418378767,12.096631124617625,6.166602975858248,9.013329636688502,17.12631418996657,1.4157920509879096
2017-2019,m,105,0.7110629044047455,0.5,0.5245639289663551,5.930028148759377,3.1106788645943,4.374688716462227,8.112984553278068,1.3681190628033337
2017-2019,m,106,0.7365523182846516,0.5,0.5383067689685855,2.819349284165077,1.5176748037527972,2.0605118822886785,3.73829583681584,1.3259427832557114
2017-2019,m,107,0.7605503314117487,0.5,0.5510135589687309,1.30167448041228,0.717240288070744,0.9430543363769079,1.6777839545271616,1.288942803884237
2017-2019,m,108,0.7830063345990159,0.5,0.5627053915504895,0.5844341923415359,0.3288642710370381,0.4200020568230169,0.7347296181502536,1.2571639848903415
2017-2019,m,109,0.8038993773826667,0.5,0.5734152829215121,0.25556992130449785,0.14654769873104723,0.18229607193897424,0.3147275613272368,1.2314734054805134
2017-2019,m,110,0.8232348898064521,0.5,1.0,0.10902222257345062,0.10902222257345062,0.13243148938826252,0.13243148938826252,1.2147201392728952
2017-2019,f,0,0.006535524783227643,0.0710378542772098,0.006496085391495259,100000.0,649.608539149529,99396.5382575918,7823256.433049082,78.23256433049082
2017-2019,f,1,0.0002205071664829107,0.5,0.0002204828574578327,99350.39146085047,21.90505819884129,99339.43893175105,7723859.89479149,77.74362819531633
2017-2019,f,2,0.00015451651781575452,0.5,0.00015450458106082846,99328.48640265163,15.346706179043395,99320.8130495621,7624520.455859739,76.76066284702993
2017-2019,f,3,0.00021507358589117277,0.5,0.00021505046005437708,99313.13969647259,21.357336381159257,99302.461028282,7525199.642810177,75.77244728954489
2017-2019,f,4,6.163518136152115e-05,0.5,6.163328197226502e-05,99291.78236009143,6.119678419723641,99288.72252088157,7425897.181781895,74.78863814581501
2017-2019,f,5,0.00012459894713889668,0.5,0.00012459118517364897,99285.6626816717,12.370118384249508,99279.47762247958,7326608.459261014,73.79321708061197
2017-2019,f,6,6.258213905751299e-05,0.5,6.258018085672268e-05,99273.29256328745,6.212540602849913,99270.18629298604,7227328.981638535,72.80234990726292
2017-2019,f,7,0.00018733608092918696,0.5,0.00018731853516905497,99267.0800226846,18.59456402035721,99257.78274067442,7128058.795345549,71.80687488457038
2017-2019,f,8,0.00018854880271510275,0.5,0.0001885310290652003,99248.48545866425,18.71141909668222,99239.1297491159,7028801.012604875,70.8202344864223
2017-2019,f,9,0.00012798771317953478,0.5,0.0001279795232762758,99229.77403956756,12.699379176396178,99223.42434997937,6929561.882855759,69.83349453252426
2017-2019,f,10,9.828653802050913e-05,0.5,9.828170813608741e-05,99217.07466039117,9.75122357388318,99212.19904860423,6830338.4585057795,68.84236893584351
2017-2019,f,11,9.939699158438804e-05,0.5,9.939205194891247e-05,99207.32343681729,9.860419444739819,99202.39322709492,6731126.259457176,67.84908640080452
2017-2019,f,12,3.312135665076842e-05,0.5,3.312080814771881e-05,99197.46301737255,3.28550014134089,99195.82026730187,6631923.866230081,66.85578103009172
2017-2019,f,13,0.00019686331124089507,0.5,0.0001968439355664184,99194.1775172312,19.525772287757718,99184.41463108733,6532728.045962779,65.85797885997862
2017-2019,f,14,0.00022653721682847896,0.5,0.00022651156017926773,99174.65174494345,22.464205096985097,99163.41964239496,6433543.6313316915,64.87084671471725
2017-2019,f,15,0.00025472028528671954,0.5,0.00025468784820604254,99152.18753984646,25.25285728945164,99139.56111120174,6334380.211689296,63.8854307590913
2017-2019,f,16,0.00021934634788330776,0.5,0.00021932229411119643,99126.93468255701,21.74074672278948,99116.06430919562,6235240.650578095,62.901578370659394
2017-2019,f,17,0.00018779342723004695,0.5,0.00018777579569993427,99105.19393583422,18.60955664930225,99095.88915750958,6136124.586268899,61.91526743029977
2017-2019,f,18,0.0003781909864481563,0.5,0.0003781194857574994,99086.58437918492,37.46656833092857,99067.85109501946,6037028.69711139,60.92680189690327
2017-2019,f,19,0.00012655824843384167,0.5,0.00012655024044545683,99049.11781085399,12.53468967488152,99042.85046601655,5937960.84601637,59.94965909091294
2017-2019,f,20,0.00034304247489552796,0.5,0.00034298364591615606,99036.58312117911,33.967928357975325,99019.59915700012,5838917.995550353,58.95718341176991
2017-2019,f,21,3.036007043536341e-05,0.5,3.035960957542086e-05,99002.61519282113,3.005680744201527,99001.11235244904,5739898.396393353,57.97724014879926
2017-2019,f,22,0.00011791409957845709,0.5,0.00011790714812085481,98999.60951207693,11.672761622656253,98993.7731312656,5640897.284040904,56.97898518834837
2017-2019,f,23,0.00014357089530810314,0.5,0.0001435605897469027,98987.93675045428,14.210766577714821,98980.83136716542,5541903.510909638,55.98564524968953
2017-2019,f,24,0.00016905218077313197,0.5,0.00016903789266093817,98973.72598387656,16.730310069120605,98965.36082884201,5442922.679542473,54.99361194534758
2017-2019,f,25,0.00041418157720344597,0.5,0.00041409582177315827,98956.99567380744,40.977678443756304,98936.50683458557,5343957.318713631,54.00282498802763
2017-2019,f,26,0.0003266995181182108,0.5,0.0003266461605465879,98916.01799536368,32.31053749473358,98899.86272661632,5245020.811879045,53.02498946252452
2017-2019,f,27,0.0003237992444684296,0.5,0.0003237468299789565,98883.70745786895,32.013286826055264,98867.70081445592,5146120.949152429,52.04215215479273
2017-2019,f,28,0.00034858154126669167,0.5,0.00034852079730834706,98851.6941710429,34.451871267767274,98834.468235409,5047253.248337973,51.05884416714923
2017-2019,f,29,0.0003440154542327132,0.5,0.000343956291092855,98817.24229977513,33.98881215744768,98800.2478936964,4948418.780102564,50.07647111918873
2017-2019,f,30,0.0003906962206652254,0.5,0.0003906199138032057,98783.25348761768,38.58670596253069,98763.9601346364,4849618.532208867,49.093529125528946
2017-2019,f,31,0.0004391403182475718,0.5,0.00043904391730478683,98744.66678165515,43.35324531677179,98722.99015899676,4750854.572074231,48.112518143175784
2017-2019,f,32,0.00030857054694129443,0.5,0.00030852294639413806,98701.31353633838,30.451620065199677,98686.08772630578,4652131.581915234,47.133431311453435
2017-2019,f,33,0.0006391900184086726,0.5,0.0006389858017354855,98670.86191627318,63.049279809507425,98639.33727636843,4553445.494188928,46.147823235320864
2017-2019,f,34,0.0004559848005066498,0.5,0.00045588086313443424,98607.81263646367,44.95341473650478,98585.33592909542,4454806.15691256,45.177010196302035
2017-2019,f,35,0.0005021214631819437,0.5,0.0005019954318415702,98562.85922172717,49.4781050785532,98538.1201691879,4356220.820983464,44.19738687961256
2017-2019,f,36,0.0006997900629811056,0.5,0.0006995452955578873,98513.38111664861,68.91457230965898,98478.92383049379,4257682.700814276,43.219333785456016
2017-2019,f,37,0.0006261113476420647,0.5,0.0006259154012743638,98444.46654433895,61.61790778033901,98413.65759044878,4159203.7769837826,42.249238814357284
2017-2019,f,38,0.0008083053373411806,0.5,0.0008079787905567479,98382.84863655861,79.49125505289703,98343.10300903217,4060790.119393334,41.27538667226965
2017-2019,f,39,0.0007916645385361868,0.5,0.0007913512961568407,98303.35738150572,77.79248928041488,98264.46113686552,3962447.0163843017,40.308358960787395
2017-2019,f,40,0.0007949533285465176,0.5,0.0007946374786921805,98225.5648922253,78.05371522906353,98186.53803461077,3864182.5552474363,39.339886306454744
2017-2019,f,41,0.0009433240700609337,0.5,0.000942879349668081,98147.51117699624,92.5412615101086,98101.24054624118,3765996.0172128254,38.37077448068288
2017-2019,f,42,0.001440922190201729,0.5,0.0014398848092152627,98054.96991548613,141.18786164937774,97984.37598466144,3667894.776666584,37.40651575160294
2017-2019,f,43,0.0013666734156711885,0.5,0.001365740155289714,97913.78205383675,133.7247839072079,97846.91966188315,3569910.4006819227,36.45973351043727
2017-2019,f,44,0.0014256619144602852,0.5,0.0014246463824157932,97780.05726992954,139.3020048620092,97710.40626749853,3472063.4810200394,35.508912327951855
2017-2019,f,45,0.0014596670934699104,0.5,0.0014586025563929016,97640.75526506754,142.41905523775495,97569.54573744866,3374353.074752541,34.55885880431905
2017-2019,f,46,0.0020884362511280133,0.5,0.002086257742978197,97498.33620982978,203.40665884525515,97396.63288040715,3276783.529015092,33.60860970963653
2017-2019,f,47,0.0018855740668991348,0.5,0.0018837980465272314,97294.92955098453,183.2839982251462,97203.28755187195,3179386.896134685,32.67782720854555
2017-2019,f,48,0.0017717293619206574,0.5,0.0017701612385997768,97111.64555275938,171.90327077412803,97025.69391737232,3082183.608582813,31.738558141395167
2017-2019,f,49,0.0026606527468072167,0.5,0.0026571179127706144,96939.74228198525,257.58032567682676,96810.95211914684,2985157.9146654406,30.7939534848566
2017-2019,f,50,0.0022900571256008256,0.5,0.0022874379438195184,96682.16195630842,221.15444574935827,96571.58473343374,2888346.9625462936,29.874662544798746
2017-2019,f,51,0.002783140686508036,0.5,0.002779273132441128,96461.00751055907,268.09148650229326,96326.96176730792,2791775.37781286,28.942009314045983
2017-2019,f,52,0.003121438834662835,0.5,0.0031165747359568627,96192.91602405677,299.7924118585943,96043.01981812748,2695448.416045552,28.02127773495764
2017-2019,f,53,0.003898300929217643,0.5,0.0038907173357150726,95893.12361219818,373.09303841384826,95706.57709299125,2599405.3962274245,27.10731800477886
2017-2019,f,54,0.0035453959438686965,0.5,0.00353912214921236,95520.03057378433,338.05705589712306,95351.00204583578,2503698.8191344333,26.211243904496598
2017-2019,f,55,0.004538654631202617,0.5,0.0045283782587247174,95181.9735178872,431.01997950091027,94966.46352813675,2408347.8170885975,25.30256232432505
2017-2019,f,56,0.005512594747722226,0.5,0.0054974421623272506,94750.9535383863,520.8878869026375,94490.50959493498,2313381.3535604607,24.415388628498018
2017-2019,f,57,0.006287884504137428,0.5,0.006268177715374586,94230.06565148366,590.6507976349094,93934.7402526662,2218890.8439655257,23.547588857384916
2017-2019,f,58,0.005954012107321691,0.5,0.0059363395884303475,93639.41485384875,555.8753654343454,93361.47717113158,2124956.1037128596,22.69296649311046
2017-2019,f,59,0.007101631116687579,0.5,0.007076503757048373,93083.5394884144,658.7060169091274,92754.18647995984,2031594.626541728,21.825498232097086
2017-2019,f,60,0.007784476837365489,0.5,0.007754295271400334,92424.83347150528,716.6894491480634,92066.48874693125,1938840.440061768,20.97748372637875
2017-2019,f,61,0.008115419296663661,0.5,0.008082622361921869,91708.14402235721,741.2422956454539,91337.52287453448,1846773.9513148367,20.137513096597157
2017-2019,f,62,0.009790901752467255,0.5,0.009743204374076858,90966.90172671176,886.3091147999221,90523.7471693118,1755436.4284403024,19.29752904758799
2017-2019,f,63,0.010060309183324116,0.5,0.010009957549394688,90080.59261191184,901.7029080695502,89629.74115787706,1664912.6812709905,18.482479222176323
2017-2019,f,64,0.01125653755276502,0.5,0.01119353731619103,89178.88970384229,998.2272297164454,88679.77608898407,1575282.9401131135,17.66430312537567
2017-2019,f,65,0.012502047278484469,0.5,0.01242438217182541,88180.66247412584,1095.5902507432766,87632.8673487542,1486603.1640241295,16.8586073444428
2017-2019,f,66,0.014136377801070852,0.5,0.014037160499036527,87085.07222338257,1222.427135869817,86473.85865544766,1398970.2966753754,16.06440990353509
2017-2019,f,67,0.01622302263609476,0.5,0.016092488235635857,85862.64508751275,1381.7436059513711,85171.77328453706,1312496.4380199278,15.28600052656435
2017-2019,f,68,0.016644673704414588,0.5,0.016507294439569917,84480.90148156138,1394.551115276423,83783.62592392316,1227324.6647353908,14.527835797340114
2017-2019,f,69,0.018225627085135303,0.5,0.018061040193467416,83086.35036628495,1500.62591349399,82336.03740953797,1143541.0388114676,13.763284026439766
2017-2019,f,70,0.021539181912438542,0.5,0.021309685318156246,81585.72445279096,1738.5661145427875,80716.44139551956,1061205.0014019297,13.007238809480558
2017-2019,f,71,0.02311467425916907,0.5,0.022850582375053236,79847.15833824818,1824.5540690220514,78934.88130373714,980488.5600064101,12.27956736860777
2017-2019,f,72,0.02456858730622989,0.5,0.024270442068766253,78022.60426922613,1893.6430969705252,77075.78272074086,901553.678702673,11.555031867325994
2017-2019,f,73,0.03048154594546347,0.5,0.030023957623579574,76128.9611722556,2285.6927041629388,74986.11482017413,824477.8959819321,10.830016373353645
2017-2019,f,74,0.03629252319446971,0.5,0.03564568722919552,73843.26846809266,2632.1940517951443,72527.17144219509,749491.7811617579,10.149764449898502
2017-2019,f,75,0.04344957587181904,0.5,0.042525713758590475,71211.07441629752,3028.301767069148,69696.92353276294,676964.6097195628,9.506451282591957
2017-2019,f,76,0.0455155946873601,0.5,0.04450280878383308,68182.77264922837,3034.324893560173,66665.61020244828,607267.6861867999,8.90646805038182
2017-2019,f,77,0.05457933972310969,0.5,0.05312945445121161,65148.447755668196,3461.301487601915,63417.79701186724,540602.0759843516,8.298003937282095
2017-2019,f,78,0.062280145320339084,0.5,0.06039930652648062,61687.14626806628,3725.8608561887813,59824.21583997189,477184.27897248435,7.735554452443675
2017-2019,f,79,0.07033543631707165,0.5,0.06794593289886555,57961.2854118775,3938.2336093274207,55992.16860721379,417360.06313251244,7.20066955324953
2017-2019,f,80,0.08182494742913048,0.5,0.07860886433336006,54023.05180255008,4246.690750020738,51899.70642753971,361367.8945252987,6.689142550592464
2017-2019,f,81,0.0925797143470506,0.5,0.08848381135715858,49776.36105252934,4404.4021414178205,47574.15998182043,309468.188097759,6.217171797094108
2017-2019,f,82,0.1045870320025997,0.5,0.09938960034651635,45371.95891111152,4509.500863113935,43117.20847955455,261894.02811593853,5.772156071749442
2017-2019,f,83,0.11794923918903016,0.5,0.11138061007939296,40862.458047997585,4551.285506729568,38586.815294632805,218776.81963638397,5.353980893156399
2017-2019,f,84,0.1327654953004981,0.5,0.12450079072738561,36311.17254126802,4520.7696936264,34050.78769445482,180190.00434175116,4.9623846251994035
2017-2019,f,85,0.14912823849823698,0.5,0.13878021406711818,31790.402847641617,4411.878912475626,29584.463391403806,146139.21664729633,4.596960200463069
2017-2019,f,86,0.16711900326244203,0.5,0.15423149629610222,27378.52393516599,4222.630712899299,25267.20857871634,116554.75325589253,4.257159864859817
2017-2019,f,87,0.18680366840620147,0.5,0.17084630971224662,23155.89322226669,3956.0989051150864,21177.84376970915,91287.54467717619,3.942302885962272
2017-2019,f,88,0.2082272815688955,0.5,0.18859225525096737,19199.794317151605,3620.9325106263277,17389.32806183844,70109.70090746703,3.651586040421093
2017-2019,f,89,0.23140869332873154,0.5,0.2074104076232891,15578.861806525278,3231.218077598298,13963.252767726128,52720.37284562859,3.38409657267429
2017-2019,f,90,0.2563353255529133,0.5,0.22721385660183152,12347.64372892698,2805.5557515949204,10944.865853129519,38757.120077902466,3.138827206935496
2017-2019,f,91,0.28295848216669384,0.5,0.24788754099298874,9542.08797733206,2365.364724639606,8359.405615012256,27812.25422477295,2.9146927057100114
2017-2019,f,92,0.311189670062669,0.5,0.2692895992860949,7176.723252692454,1932.6169289047502,6210.414788240078,19452.848609760695,2.710547407894358
2017-2019,f,93,0.34089841544736904,0.5,0.2912543433733069,5244.106323787703,1527.3687439145938,4480.421951830406,13242.433821520615,2.5252031526233236
2017-2019,f,94,0.3719120202440024,0.5,0.3135968088780487,3716.7375798731096,1165.5570444853288,3133.9590576304454,8762.01186969021,2.3574470032908126
2017-2019,f,95,0.404017594169942,0.5,0.33611866664348683,2551.1805353877808,857.4993999213575,2122.430835427102,5628.052812059765,2.2060582283347885
2017-2019,f,96,0.4369665215518433,0.5,0.3586151206325034,1693.6811354664233,607.3796647082868,1389.9913031122799,3505.621976632663,2.069824067366287
2017-2019,f,97,0.4704812925536616,0.5,0.3808822952610496,1086.3014707581365,413.7529975278129,879.42497199423,2115.630673520383,1.9475539069682666
2017-2019,f,98,0.5042643749981262,0.5,0.40272455259321693,672.5484732303236,270.8517829789332,537.122581740857,1236.205701526153,1.8380916034029822
2017-2019,f,99,0.5380085641029424,0.5,0.42396118887258455,401.69669025139035,170.30380636516176,316.54478706880946,699.083119785296,1.7403258148524823
2017-2019,f,100,0.5714080642991106,0.5,0.4444320387980578,231.3928838862286,102.83841114891882,179.97367831176916,382.53833271648654,1.6531983451339551
2017-2019,f,101,0.6041694636681756,0.5,0.4640016497368461,128.55447273730977,59.64948743116214,98.7297290217287,202.56465440471737,1.5757106702824815
2017-2019,f,102,0.6360217753848157,0.5,0.48256185235189647,68.90498530614762,33.2509173456148,52.279526633340225,103.83492538298867,1.5069290693793187
2017-2019,f,103,0.6667248391981404,0.5,0.5000327213351479,35.65406796053282,17.828200628973534,26.739967646046054,51.55539874964845,1.4459892432672077
2017-2019,f,104,0.6960755768292762,0.5,0.5163620655233241,17.825867331559287,9.2046016750687,13.223566494024936,24.815431103602393,1.3921023107621044
2017-2019,f,105,0.7239118416536603,0.5,0.5315236936700422,8.621265656490587,4.582406965848558,6.330062173566308,11.591864609577456,1.3445664559530688
2017-2019,f,106,0.7501138538179196,0.5,0.5455147631626623,4.038858690642029,2.203257042073047,2.9372301696055056,5.261802436011148,1.302794387979619
2017-2019,f,107,0.7746034301979503,0.5,0.5583525355496929,1.8356016485689821,1.0249128347376875,1.3231452312001384,2.3245722664056423,1.266381661956916
2017-2019,f,108,0.7973413789321459,0.5,0.570070842934817,0.8106888138312947,0.4621500554586331,0.5796137861019781,1.001427035205504,1.2352792071630856
2017-2019,f,109,0.8183235196073853,0.5,0.5807165244970771,0.3485387583726616,0.20240221641469858,0.24733765016531228,0.4218132491035257,1.2102334072485512
2017-2019,f,110,0.8375758148835124,0.5,1.0,0.146136541957963,0.146136541957963,0.1744755989382134,0.1744755989382134,1.193921770698545
2018-2020,m,0,0.005958385876418663,0.0584923076923077,0.005925146597170078,100000.0,592.5146597170096,99442.14289007137,7352511.496482709,73.5251149648271
2018-2020,m,1,0.0005807555935933488,0.5,0.0005805870040182733,99407.48534028299,57.71469409071142,99378.62799323763,7253069.353592638,72.96301006674263
2018-2020,m,2,0.00026823234882126785,0.5,0.0002681963793488788,99349.77064619228,26.64524877644726,99336.44802180406,7153690.725599401,72.00510558877245
2018-2020,m,3,0.00014613473622680112,0.5,0.00014612405932636812,99323.12539741583,14.513498268046533,99315.86864828182,7054354.277577597,71.02428814388814
2018-2020,m,4,0.0001156136192843517,0.5,0.00011560693641618497,99308.61189914779,11.480764381412882,99302.87151695708,6955038.408929314,70.03459494522447
2018-2020,m,5,0.00017340038148083925,0.5,0.0001733853489380147,99297.13113476637,17.21666773034667,99288.5228009012,6855735.5374123575,69.04263455615583
2018-2020,m,6,0.0001461261945816407,0.5,0.0001461155189292655,99279.91446703603,14.506336221602396,99272.66129892523,6756447.014611457,68.05452090568434
2018-2020,m,7,0.0001470112610625974,0.5,0.0001470004557014127,99265.40813081442,14.592060230614152,99258.11210069912,6657174.3533125315,67.06439311204505
2018-2020,m,8,0.00011744670855599271,0.5,0.00011743981209630065,99250.81607058381,11.655997189736809,99244.98807198895,6557916.2412118325,66.07417954677638
2018-2020,m,9,5.9085940500457917e-05,0.5,5.908419497784343e-05,99239.16007339407,5.863465883216122,99236.22834045246,6458671.253139843,65.0818814706132
2018-2020,m,10,0.00012035142616440005,0.5,0.00012034418436729045,99233.29660751086,11.942150142305763,99227.3255324397,6359435.024799391,64.08569746455498
2018-2020,m,11,0.00027800086489157967,0.5,0.00027796222802168105,99221.35445736855,27.579788752293098,99207.5645629924,6260207.699266951,63.09335055445863
2018-2020,m,12,9.422702431057228e-05,0.5,9.422258515366133e-05,99193.77466861626,9.346293880429585,99189.10152167604,6161000.134703958,62.11075397913279
2018-2020,m,13,0.0003154474622251664,0.5,0.0003153977165205324,99184.42837473583,31.282542223794735,99168.78710362394,6061811.033182282,61.11655965067135
2018-2020,m,14,0.00031320471059884743,0.5,0.00031315566968339963,99153.14583251203,31.050369784396025,99137.62064761983,5962642.246078658,60.1356840069468
2018-2020,m,15,0.0002773839610429637,0.5,0.00027734549544691144,99122.09546272764,27.49106667583692,99108.34992938972,5863504.625431038,59.15436510960224
2018-2020,m,16,0.00033367712188315233,0.5,0.00033362146095870673,99094.6043960518,33.060086691737524,99078.07435270594,5764396.275501649,58.17063714652983
2018-2020,m,17,0.00041862273121430493,0.5,0.0004185351270553064,99061.54430936006,41.46073603381228,99040.81394134316,5665318.201148943,57.18988372982231
2018-2020,m,18,0.00029871254891417987,0.5,0.00029866794098321487,99020.08357332625,29.57412447682873,99005.29651108783,5566277.3872076,56.213620372130535
2018-2020,m,19,0.0005431011073228132,0.5,0.0005429536679536678,98990.50944884942,53.747260197851574,98963.6358187505,5467272.090696513,55.23026521569295
2018-2020,m,20,0.0007885478587892757,0.5,0.0007882370774594512,98936.76218865157,77.98562428088917,98897.76937651113,5368308.454877762,54.259997357115125
2018-2020,m,21,0.0005981218972426581,0.5,0.0005979430758191821,98858.77656437068,59.11192093061982,98829.22060390537,5269410.685501251,53.302406408703014
2018-2020,m,22,0.0004340152194670293,0.5,0.0004339210552960065,98799.66464344006,42.87125474498316,98778.22901606758,5170581.464897346,52.33399813205392
2018-2020,m,23,0.000589159465828751,0.5,0.0005889859625012271,98756.79338869508,58.16636500757886,98727.71020619129,5071803.235881278,51.35649975915337
2018-2020,m,24,0.0004950495049504951,0.5,0.0004949269982677556,98698.6270236875,48.848615205992246,98674.2027160845,4973075.525675087,50.386471176357475
2018-2020,m,25,0.0006822213125938054,0.5,0.0006819886789879288,98649.7784084815,67.27803205925738,98616.13939245188,4874401.322959003,49.41117356366937
2018-2020,m,26,0.0006476509161561919,0.5,0.0006474412581941784,98582.50037642225,63.82637807964056,98550.58718738242,4775785.183566551,48.44455319484638
2018-2020,m,27,0.0008229797175321227,0.5,0.0008226412090172091,98518.67399834261,81.04552108877397,98478.15123779821,4677234.596379168,47.4756145871173
2018-2020,m,28,0.0006029939962771676,0.5,0.0006028122501932932,98437.62847725383,59.339408326064586,98407.9587730908,4578756.44514137,46.51429047987876
2018-2020,m,29,0.0007559367098506374,0.5,0.0007556510976483616,98378.28906892777,74.33966211970255,98341.11923786791,4480348.48636828,45.54204518874249
2018-2020,m,30,0.0005671564836298015,0.5,0.0005669956959872169,98303.94940680807,55.73791621219425,98276.08044870198,4382007.367130412,44.5761069984736
2018-2020,m,31,0.0007920690888650417,0.5,0.0007917555263258713,98248.21149059587,77.78856439930678,98209.31720839621,4283731.28668171,43.6011121392448
2018-2020,m,32,0.0010965471515275156,0.5,0.0010959462731454932,98170.42292619657,107.58950913908484,98116.62817162703,4185521.9694733135,42.63526472346913
2018-2020,m,33,0.0009699816214008577,0.5,0.0009695114172726113,98062.83341705748,95.07303660793696,98015.29689875351,4087405.3413016866,41.681493373928
2018-2020,m,34,0.0010907615037288824,0.5,0.00109016694765931,97967.76038044954,106.80121430297731,97914.35977329806,3989390.044402933,40.721458048142296
2018-2020,m,35,0.0012023445719152347,0.5,0.0012016221899564413,97860.95916614657,117.59190006446443,97802.16321611434,3891475.684629635,39.765354006215674
2018-2020,m,36,0.0013642903209803046,0.5,0.0013633603113419185,97743.3672660821,133.25942762749037,97676.73755226836,3793673.5214135204,38.812592890177235
2018-2020,m,37,0.0014584826836081379,0.5,0.0014574198727845364,97610.10783845461,142.25891094841063,97538.97838298041,3695996.783861252,37.86489806955394
2018-2020,m,38,0.001657595249876299,0.5,0.0016562225765384948,97467.8489275062,161.4284518803761,97387.13470156601,3598457.8054782716,36.91943389614253
2018-2020,m,39,0.0016948730091473293,0.5,0.001693437928028888,97306.42047562583,164.7823830741545,97224.02928408876,3501070.6707767057,35.97985265169306
2018-2020,m,40,0.002214449281562193,0.5,0.002212000100545459,97141.63809255167,214.87731322787295,97034.19943593774,3403846.641492617,35.040037499157705
2018-2020,m,41,0.0019799969538508403,0.5,0.001978038698551974,96926.7607793238,191.72488374679233,96830.8983374504,3306812.442056679,34.116609442725554
2018-2020,m,42,0.0020102292679203032,0.5,0.002008210785871347,96735.035895577,194.26434245714336,96637.90372434843,3209981.543719229,33.183236187396695
2018-2020,m,43,0.0022491437918519654,0.5,0.002246617309165177,96540.77155311986,216.89016841139528,96432.32646891417,3113343.63999488,32.2490030886258
2018-2020,m,44,0.0031216139518084724,0.5,0.003116749307746796,96323.88138470847,300.21739062527195,96173.77268939583,3016911.313525966,31.320491555741068
2018-2020,m,45,0.003190877229690851,0.5,0.0031857944901423165,96023.6639940832,305.91165967563575,95870.70816424538,2920737.54083657,30.416851631661757
2018-2020,m,46,0.0034541858932102833,0.5,0.0034482304786722998,95717.75233440756,330.0568709495128,95552.7238989328,2824866.8326723245,29.512465177860978
2018-2020,m,47,0.003835471498479037,0.5,0.0038281301564253188,95387.69546345805,365.15651355558657,95205.11720668025,2729314.1087733917,28.612853004913628
2018-2020,m,48,0.004411104360918143,0.5,0.0044013968504974625,95022.53894990246,418.23190366037306,94813.42299807227,2634108.9915667116,27.720886230533786
2018-2020,m,49,0.0052292734200499276,0.5,0.005215636425585448,94604.30704624209,493.4216698476521,94357.59621131826,2539295.5685686395,26.841225815727874
2018-2020,m,50,0.005654133771072722,0.5,0.005638194218902241,94110.88537639444,530.6154498649557,93845.57765146196,2444937.972357321,25.979332386246764
2018-2020,m,51,0.0050434872111574285,0.5,0.005030800821355236,93580.26992652948,470.78369880902756,93344.87807712497,2351092.394705859,25.12380437192282
2018-2020,m,52,0.007329549792583921,0.5,0.007302786723128027,93109.48622772045,679.9587198210647,92769.50686780992,2257747.516628734,24.248308181047182
2018-2020,m,53,0.00832807570977918,0.5,0.008293541090726315,92429.52750789939,766.5680843831797,92046.2434657078,2164978.0097609237,23.423012841604066
2018-2020,m,54,0.008697630906930293,0.5,0.008659970294287944,91662.95942351621,793.7985056941834,91266.06017066911,2072931.766295216,22.614715685945917
2018-2020,m,55,0.00896172065036487,0.5,0.008921743563599286,90869.16091782202,810.7113515482488,90463.8052420479,1981665.706124547,21.807901449829345
2018-2020,m,56,0.01046438983756768,0.5,0.010409923090866715,90058.44956627378,937.5015336676151,89589.69879943997,1891201.900882499,20.99971640629643
2018-2020,m,57,0.011670408855934416,0.5,0.011602704702080439,89120.94803260616,1034.044042791793,88603.92601121026,1801612.2020830591,20.215361728691594
2018-2020,m,58,0.013813581203201652,0.5,0.013718828130008331,88086.90398981437,1208.449096340817,87482.67944164397,1713008.2760718488,19.446798541925446
2018-2020,m,59,0.014163211701387995,0.5,0.014063618696941803,86878.45489347355,1221.8254626012786,86267.5421621729,1625525.596630205,18.710341921059154
2018-2020,m,60,0.015939966360460602,0.5,0.015813929607475675,85656.62943087227,1354.567908233439,84979.34547675555,1539258.054468032,17.970098341428017
2018-2020,m,61,0.017377152456950862,0.5,0.017227470268300935,84302.06152263883,1452.3112584377377,83575.90589341996,1454278.7089912763,17.25080837555483
2018-2020,m,62,0.01964542405366555,0.5,0.019454329774614473,82849.7502642011,1611.7863633842207,82043.85708250898,1370702.8030978565,16.544440975703573
2018-2020,m,63,0.020886880766213034,0.5,0.020671004364473722,81237.96390081687,1679.2703063547524,80398.32874763949,1288658.9460153475,15.862767653663333
2018-2020,m,64,0.021797914022404944,0.5,0.021562900892540326,79558.69359446212,1715.5162251173751,78700.93548190343,1208260.617267708,15.18703441042692
2018-2020,m,65,0.02571160995544456,0.5,0.025385261978145137,77843.17736934475,1976.069450732044,76855.14264397873,1129559.6817858047,14.510708837414878
2018-2020,m,66,0.027318153256934263,0.5,0.02695004058741052,75867.1079186127,2044.621637656077,74844.79709978466,1052704.5391418259,13.875638178683792
2018-2020,m,67,0.029318971286529206,0.5,0.028895379880021353,73822.48628095663,2133.1287847759086,72755.92188856867,977859.7420420412,13.246096024461472
2018-2020,m,68,0.0304791511792931,0.5,0.03002163421534365,71689.35749618072,2152.231667883345,70613.24166223904,905103.8201534725,12.625358236774437
2018-2020,m,69,0.032011550922665166,0.5,0.031507252907228646,69537.12582829737,2190.9238099139475,68441.6639233404,834490.5784912334,12.00064812215242
2018-2020,m,70,0.036269237900982756,0.5,0.035623224302469586,67346.20201838342,2399.088860420299,66146.65758817327,766048.914567893,11.374790138258804
2018-2020,m,71,0.04032455353502406,0.5,0.03952758737834976,64947.113157963126,2567.202690322956,63663.51181280165,699902.2569797197,10.776495258186932
2018-2020,m,72,0.045870715435932824,0.5,0.04484224256189983,62379.91046764017,2797.2550761795137,60981.28292955041,636238.745166918,10.199417414953961
2018-2020,m,73,0.045497332914967055,0.5,0.04448535051388249,59582.655391460656,2650.5553096369986,58257.37773664216,575257.4622373676,9.65478054742443
2018-2020,m,74,0.05127190503109101,0.5,0.04999035467247224,56932.10008182366,2846.0558753390505,55509.07214415413,517000.0845007255,9.08099444351579
2018-2020,m,75,0.05940827010175872,0.5,0.05769450474123158,54086.04420648461,3120.4675339054884,52525.810439531866,461491.0123565714,8.532534022912351
2018-2020,m,76,0.06719441500966153,0.5,0.06501025208056929,50965.57667257912,3313.2849869159545,49308.93417912114,408965.2019170395,8.02434169526574
2018-2020,m,77,0.06930627404165009,0.5,0.06698503253100863,47652.291685663164,3191.9903087412604,46056.29653129254,359656.26773791836,7.547512512312725
2018-2020,m,78,0.07630379025363351,0.5,0.0734996397076485,44460.3013769219,3267.8161324972316,42826.39331067329,313599.9712066258,7.053482803636746
2018-2020,m,79,0.086232741617357,0.5,0.08266838104602352,41192.48524442467,3405.3160664187963,39489.82721121528,270773.5778959525,6.573373184192649
2018-2020,m,80,0.09951439531705085,0.5,0.09479753560062924,37787.169178005875,3582.1305153990106,35996.10392030637,231283.75068473726,6.120695350191953
2018-2020,m,81,0.11107636125597348,0.5,0.10523196914571978,34205.038662606865,3599.463573171597,32405.306876021066,195287.6467644309,5.709323959277392
2018-2020,m,82,0.12379696485698087,0.5,0.11658079082462339,30605.575089435268,3568.0221475687576,28821.56401565089,162882.33988840983,5.321982658794578
2018-2020,m,83,0.13774860369699723,0.5,0.12887259377344598,27037.55294186651,3484.3995769052017,25295.35315341391,134060.77587275894,4.958317646608155
2018-2020,m,84,0.15299801075733843,0.5,0.14212554771801195,23553.15336496131,3347.50482248146,21879.40095372058,108765.42271934502,4.61787095061119
2018-2020,m,85,0.16960353525623964,0.5,0.15634518703548178,20205.64854247985,3159.0559005472205,18626.120592206236,86886.02176562445,4.300085769727087
2018-2020,m,86,0.1876121230046035,0.5,0.17152229230374283,17046.592641932628,2923.8706459124005,15584.657318976428,68259.90117341821,4.004313507527999
2018-2020,m,87,0.20705608180728569,0.5,0.1876310108420392,14122.721996020227,2649.8606039543756,12797.79169404304,52675.24385444178,3.7298223295258257
2018-2020,m,88,0.22794975879386833,0.5,0.20462737805835632,11472.861392065852,2347.661545485378,10299.030619323163,39877.45216039874,3.475807019509214
2018-2020,m,89,0.2502862991025356,0.5,0.22244840507837188,9125.199846580474,2029.8861518932308,8110.256770633858,29578.42154107558,3.2413998639338986
2018-2020,m,90,0.27403469414282866,0.5,0.2410118850417301,7095.313694687243,1710.0549285189754,6240.286230427755,21468.16477044172,3.025682259336389
2018-2020,m,91,0.2991373564830123,0.5,0.2602170380464805,5385.258766168267,1401.336085246151,4684.590723545192,15227.878540013966,2.8276967182486836
2018-2020,m,92,0.3255084703153698,0.5,0.2799460629539023,3983.9226809221163,1115.2834696369023,3426.280946103665,10543.287816468774,2.6464589453398806
2018-2020,m,93,0.35303335491590215,0.5,0.3000665963177727,2868.639211285214,860.782804194054,2438.247809188187,7117.006870365109,2.4809696675576474
2018-2020,m,94,0.3815690388289482,0.5,0.32043500113401807,2007.85640709116,643.3874700832012,1686.1626720495594,4678.759061176922,2.3302259288328173
2018-2020,m,95,0.4109461733234137,0.5,0.34090033022756144,1364.4689370079589,465.147911211263,1131.8949814023274,2992.5963891273623,2.1932315994599345
2018-2020,m,96,0.44097231823422045,0.5,0.36130874155362497,899.3210257966958,324.93254808331926,736.8547517550362,1860.7014077250349,2.06900690004069
2018-2020,m,97,0.47143651997945596,0.5,0.3815080955292955,574.3884777133766,219.13385422640152,464.8215506001758,1123.8466559699987,1.9565967974218403
2018-2020,m,98,0.5021149832254193,0.5,0.4013524451047844,355.25462348697505,142.582311771277,283.96346760133656,659.0251053698228,1.8550781940603935
2018-2020,m,99,0.5327775300103685,0.5,0.4207061407467457,212.67231171569804,89.47254750560025,167.93603796289793,375.06163776848615,1.763565904478771
2018-2020,m,100,0.5631944587995941,0.5,0.4394473129934524,123.1997642100978,54.139805343554386,96.1298615383206,207.12559980558822,1.6812175017832676
2018-2020,m,101,0.593143373494504,0.5,0.45747055836344874,69.05995886654341,31.59289794323442,53.2635098949262,110.99573826726763,1.6072372484577355
2018-2020,m,102,0.6224155556334081,0.5,0.4746887306219264,37.46706092330899,17.785191589819927,28.574465128399027,57.732228372341424,1.5408795605962535
2018-2020,m,103,0.6508215013833415,0.5,0.4910338180399606,19.681869333489065,9.66446344498675,14.84963761099569,29.1577632439424,1.48145294280203
2018-2020,m,104,0.6781953307341769,0.5,0.5064569584984396,10.017405888502315,5.073384918335242,7.480713429334694,14.308125632946712,1.4283264342287616
2018-2020,m,105,0.7043978863981789,0.5,0.5209277007210822,4.944020970167073,2.5754774763059474,3.6562822320140995,6.8274122036120195,1.3809432129858668
2018-2020,m,106,0.7293184584411833,0.5,0.5344326574904158,2.3685434938611256,1.2658269938058357,1.7356299969582079,3.17112997159792,1.3388523283684535
2018-2020,m,107,0.7528751822075345,0.5,0.5469737146627933,1.1027165000552899,0.6031569402551962,0.8011380299276918,1.435499974639712,1.3017851592569227
2018-2020,m,108,0.7750142493002496,0.5,0.5585659601536663,0.49955955980009364,0.2790369651736822,0.3600410772132525,0.6343619447120201,1.2698424687656256
2018-2020,m,109,0.7957081365784702,0.5,0.5692354836097435,0.22052259462641144,0.12552928579904074,0.15775795172689105,0.2743208674987676,1.2439580985499292
2018-2020,m,110,0.814953093771956,0.5,1.0,0.0949933088273707,0.0949933088273707,0.11656291577187652,0.11656291577187652,1.2270644870756509
2018-2020,f,0,0.005208865284444898,0.06676733735062813,0.005183667047548296,100000.0,518.3667047548224,99516.24325989287,7776203.240084072,77.76203240084071
2018-2020,f,1,0.00023004370830457787,0.5,0.000230017251293847,99481.63329524518,22.88249184479355,99470.19204932278,7676686.996824179,77.16687736761449
2018-2020,f,2,0.00022317870237525904,0.5,0.00022315380078741413,99458.75080340038,22.19459826334787,99447.6535042687,7577216.804774856,76.18451612923133
2018-2020,f,3,0.00015595271513677052,0.5,0.00015594055546025852,99436.55620513704,15.506191807682626,99428.8031092332,7477769.151270588,75.20140918641624
2018-2020,f,4,3.096550442806713e-05,0.5,3.096502500425769e-05,99421.05001332935,3.0785752996016527,99419.51072567955,7378340.348161355,74.21305998249005
2018-2020,f,5,0.0001241888913036729,0.5,0.00012418118034211915,99417.97143802975,12.345841040383675,99411.79851750957,7278920.837435675,73.21534257991622
2018-2020,f,6,6.277463904582549e-05,0.5,6.277266878001318e-05,99405.62559698937,6.239956410470768,99402.50561878414,7179509.0389181655,72.22437357846684
2018-2020,f,7,0.00022070879051582797,0.5,0.000220684437018238,99399.3856405789,21.935897460047272,99388.41769184888,7080106.533299381,71.22887619145396
2018-2020,f,8,0.00012582573136206353,0.5,0.00012581781580271766,99377.44974311885,12.503453666722635,99371.19801628549,6980718.115607532,70.24448839904845
2018-2020,f,9,0.00022165927802406587,0.5,0.0002216347143286843,99364.94628945213,22.022721485147486,99353.93492870955,6881346.917591246,69.25326460244582
2018-2020,f,10,6.449740397948982e-05,0.5,6.449532408900354e-05,99342.92356796698,6.40715405147057,99339.71999094124,6781992.982662536,68.26850609064803
2018-2020,f,11,9.905239871892231e-05,0.5,9.904749327302443e-05,99336.51641391551,9.839032941279584,99331.59689744486,6682653.2626715945,67.27287712432262
2018-2020,f,12,6.670891564657616e-05,0.5,6.670669068107532e-05,99326.67738097423,6.625753944434109,99323.364504002,6583321.66577415,66.27949146555433
2018-2020,f,13,0.0003001400653638365,0.5,0.0003000950300928627,99320.0516270298,29.80545388183964,99305.14890008888,6483998.301270148,65.28387969046865
2018-2020,f,14,0.0002642444260941371,0.5,0.0002642095181478913,99290.24617314796,26.233428098188597,99277.12945909885,6384693.152370059,64.30332684678885
2018-2020,f,15,0.00026037428803905616,0.5,0.00026034039506654953,99264.01274504977,25.842432293939055,99251.09152890279,6285416.02291096,63.32018874810609
2018-2020,f,16,0.00019193243978119702,0.5,0.000191914022517912,99238.17031275583,19.045196452047094,99228.6477145298,6186164.931382057,62.336547639743245
2018-2020,f,17,0.00015756468030126366,0.5,0.00015755226796489733,99219.12511630378,15.632198187566246,99211.30901721,6086936.283667527,61.34841721827797
2018-2020,f,18,0.0003149903927930198,0.5,0.0003149407911312673,99203.49291811622,31.243226542617776,99187.87130484491,5987724.974650317,60.358005535073836
2018-2020,f,19,0.00015893702914905115,0.5,0.00015892439966308026,99172.2496915736,15.760890245466726,99164.36924645086,5888537.103345472,59.37686320174106
2018-2020,f,20,0.0002554767835472951,0.5,0.00025544415352193623,99156.48880132813,25.328945348068373,99143.8243286541,5789372.734099021,58.386221659166665
2018-2020,f,21,0.0001575299306868305,0.5,0.0001575175238245255,99131.15985598006,15.614894834361621,99123.35240856287,5690228.909770367,57.40101213419935
2018-2020,f,22,0.00024570779200835404,0.5,0.000245677609556859,99115.5449611457,24.35047015597229,99103.36972606771,5591105.557361804,56.4099764527711
2018-2020,f,23,0.00029840057292910004,0.5,0.00029835605811976014,99091.19449098973,29.564458182707313,99076.41226189837,5492002.187635737,55.423715657551384
2018-2020,f,24,0.00017449469245310454,0.5,0.00017447946958241246,99061.63003280702,17.284220664092572,99052.98792247497,5392925.775373838,54.44010737141939
2018-2020,f,25,0.0004002172607987193,0.5,0.00040013718989367783,99044.34581214293,39.63132620812394,99024.53014903887,5293872.787451363,53.44952045513263
2018-2020,f,26,0.0003363417231907618,0.5,0.0003362851698240107,99004.7144859348,33.29381722427206,98988.06757732267,5194848.257302324,52.470716008582954
2018-2020,f,27,0.00022107386630557934,0.5,0.00022104943217927107,98971.42066871053,21.877576340790256,98960.48188054014,5095860.189725001,51.48819886886841
2018-2020,f,28,0.00024652131039772107,0.5,0.00024649092776446425,98949.54309236974,24.390164678698056,98937.3480100304,4996899.707844461,50.499472273255854
2018-2020,f,29,0.00029971118740123155,0.5,0.0002996662807328203,98925.15292769104,29.644532648773747,98910.33066136666,4897962.359834431,49.51179972817002
2018-2020,f,30,0.0004838969837088015,0.5,0.00048377993388340907,98895.50839504227,47.843662512721494,98871.58656378591,4799052.029173064,48.52649131447961
2018-2020,f,31,0.0005029249053707086,0.5,0.0005027984704341268,98847.66473252955,49.70045463349379,98822.8145052128,4700180.4426092785,47.54973681297811
2018-2020,f,32,0.0004195070791819612,0.5,0.00041941910454021175,98797.96427789606,41.437753707839875,98777.24540104214,4601357.628104066,46.5734052491355
2018-2020,f,33,0.0006794188355806418,0.5,0.0006791881089835689,98756.52652418822,67.0742584997497,98722.98939493834,4502580.382703023,45.59273742379159
2018-2020,f,34,0.0005454120458146119,0.5,0.0005452633492152103,98689.45226568847,53.8117412746069,98662.54639505116,4403857.393308084,44.62338469011021
2018-2020,f,35,0.0006684148285258882,0.5,0.0006681915139677726,98635.64052441386,65.90749797319586,98602.68677542725,4305194.846913033,43.647456680198985
2018-2020,f,36,0.0010170353419781336,0.5,0.001016518424396442,98569.73302644066,100.19794970921066,98519.63405158606,4206592.160137606,42.676306721955065
2018-2020,f,37,0.0005319822672577581,0.5,0.0005318408023198389,98469.53507673145,52.370116539270384,98443.35001846182,4108072.52608602,41.71922334034423
2018-2020,f,38,0.0007098671534327148,0.5,0.0007096152871407573,98417.16496019218,69.83832477280521,98382.24579780578,4009629.176067558,40.74115707040916
2018-2020,f,39,0.0010227563283047815,0.5,0.0010222335803731154,98347.32663541938,100.53393982665148,98297.05966550605,3911246.930269752,39.76973308861792
2018-2020,f,40,0.0008778951173539208,0.5,0.0008775099365095751,98246.79269559273,86.21253682057431,98203.68642718243,3812949.870604246,38.809917005822946
2018-2020,f,41,0.0012713403559752997,0.5,0.0012705327162174426,98160.58015877215,124.71622853461304,98098.22204450484,3714746.1841770634,37.8435638641149
2018-2020,f,42,0.0013398263378938961,0.5,0.0013389293714756547,98035.86393023754,131.26309767417843,97970.23238140045,3616647.9621325587,36.89107044240637
2018-2020,f,43,0.0015067933394626622,0.5,0.0015056589810006253,97904.60083256336,147.410941524824,97830.89536180094,3518677.729751158,35.93986084238071
2018-2020,f,44,0.001455232454236769,0.5,0.0014541743733656484,97757.18989103854,142.15600035179523,97686.11189086264,3420846.834389357,34.993301650776566
2018-2020,f,45,0.0014146818251967693,0.5,0.0014136818701725976,97615.03389068674,137.99660366754688,97546.03558885297,3323160.722498494,34.04353397264507
2018-2020,f,46,0.002558668458596092,0.5,0.0025553992488674933,97477.0372870192,249.09274786508468,97352.49091308666,3225614.686909641,33.09102099001925
2018-2020,f,47,0.0019259297816412045,0.5,0.001924076963078523,97227.94453915411,187.07404825526464,97134.40751502648,3128262.1959965546,32.17451742731011
2018-2020,f,48,0.00213474955742997,0.5,0.0021324734090968195,97040.87049089884,206.93707591744896,96937.40195294013,3031127.788481528,31.235579124012578
2018-2020,f,49,0.0032390971988287423,0.5,0.003233859805709703,96833.9334149814,313.147365099474,96677.35973243165,2934190.386528588,30.301261996186067
2018-2020,f,50,0.0028351766238410257,0.5,0.002831163199979595,96520.78604988192,273.2660974975297,96384.15300113315,2837513.026796156,29.397947767745386
2018-2020,f,51,0.002944386628423484,0.5,0.002940058294259283,96247.51995238439,282.97331933789246,96106.03329271544,2741128.8737950227,28.47999486273636
2018-2020,f,52,0.003511874684183931,0.5,0.003505718861524105,95964.5466330465,336.42472116908175,95796.33427246196,2645022.8405023073,27.56250024935212
2018-2020,f,53,0.004296670080687467,0.5,0.004287459181892963,95628.12191187742,410.00166933826404,95423.12107720828,2549226.5062298453,26.657707536899988
2018-2020,f,54,0.003979828941513818,0.5,0.00397192515018071,95218.12024253915,378.1992465442745,95029.02061926702,2453803.385152637,25.77034054970126
2018-2020,f,55,0.0047697532714014584,0.5,0.004758405062345072,94839.92099599488,451.28676017974794,94614.27761590501,2358774.36453337,24.871112710363622
2018-2020,f,56,0.005960908718788375,0.5,0.0059431952964583154,94388.63423581513,560.9700870294328,94108.14919230042,2264160.086917465,23.987634795740533
2018-2020,f,57,0.007090918467330205,0.5,0.007065866724906539,93827.6641487857,662.973769984601,93496.17726379339,2170051.9377251645,23.1280609766011
2018-2020,f,58,0.006412368521099988,0.5,0.006391874992104898,93164.6903788011,595.4970545794495,92866.94185151136,2076555.760461371,22.289085618362932
2018-2020,f,59,0.007699081645489999,0.5,0.007669557371296807,92569.19332422165,709.9647390147875,92214.21095471425,1983688.8186098596,21.429254672902154
2018-2020,f,60,0.008480153908464965,0.5,0.008444349217952434,91859.22858520686,775.6914050652122,91471.38288267425,1891474.6076551452,20.591013410271017
2018-2020,f,61,0.008548983364140481,0.5,0.008512596341884275,91083.53718014165,775.3573854055576,90695.85848743888,1800003.224772471,19.76211377487999
2018-2020,f,62,0.01079548410592581,0.5,0.010737525711846208,90308.17979473609,969.6864025360119,89823.33659346809,1709307.3662850321,18.92749217368973
2018-2020,f,63,0.011027278003482298,0.5,0.010966810966810965,89338.49339220008,979.7583690919419,88848.61420765411,1619484.029691564,18.12750549286694
2018-2020,f,64,0.012311464051590898,0.5,0.012236141642609319,88358.73502310814,1081.169997104531,87818.15002455587,1530635.41548391,17.322966598419594
2018-2020,f,65,0.014898079922551499,0.5,0.014787924085097298,87277.5650260036,1290.6540059366816,86632.23802303526,1442817.265459354,16.531364790361405
2018-2020,f,66,0.015540316336688419,0.5,0.015420496638770749,85986.91102006692,1325.9608723632264,85323.93058388532,1356185.0274363188,15.771993799379809
2018-2020,f,67,0.016404766016232083,0.5,0.016271302560589194,84660.9501477037,1377.5439349202497,83972.17818024357,1270861.0968524334,15.011183959490486
2018-2020,f,68,0.018624471065021752,0.5,0.01845263577449403,83283.40621278345,1536.7983609037328,82515.00703233157,1186888.9186721898,14.251205283796502
2018-2020,f,69,0.019479925616559462,0.5,0.0192920220393992,81746.60785187971,1577.0573603245866,80958.07917171743,1104373.9116398583,13.509721573290504
2018-2020,f,70,0.02317797145383352,0.5,0.022912439519275792,80169.55049155513,1836.87997692528,79251.1105030925,1023415.8324681409,12.765642643536403
2018-2020,f,71,0.024993143170597917,0.5,0.024684669431981717,78332.67051462985,1933.6160773779702,77365.86247594087,944164.7219650483,12.05326865230148
2018-2020,f,72,0.027220246970218298,0.5,0.02685475049975484,76399.05443725188,2051.677545329585,75373.21566458709,866798.8594891075,11.34567522954132
2018-2020,f,73,0.033739415932261964,0.5,0.03317968434692099,74347.3768919223,2466.8224972955504,73113.96564327451,791425.6438245204,10.644970635278826
2018-2020,f,74,0.038872691933916424,0.5,0.03813155386081983,71880.55439462674,2740.9172314442985,70510.0957789046,718311.6781812459,9.993129355092197
2018-2020,f,75,0.04401058901389808,0.5,0.04306297555447628,69139.63716318244,2977.358505003489,67650.9579106807,647801.5824023413,9.369467486116664
2018-2020,f,76,0.04839107081259548,0.5,0.047247882986913015,66162.27865817896,3126.027600189169,64599.26485808437,580150.6244916606,8.768601025502054
2018-2020,f,77,0.055782312925170066,0.5,0.054268696227663796,63036.251057989786,3420.8951599967986,61325.80347799139,515551.35963357624,8.178648808909943
2018-2020,f,78,0.06409096051589547,0.5,0.06210090712269452,59615.35589799299,3702.1676797076434,57764.27205813916,454225.55615558487,7.619271063864886
2018-2020,f,79,0.07168326570761097,0.5,0.06920292005460266,55913.188218285344,3869.355894267952,53978.51027115137,396461.2840974457,7.090657798830198
2018-2020,f,80,0.0852633296269009,0.5,0.08177703833899615,52043.83232401739,4255.990471269462,49915.83708838266,342482.77382629435,6.580660157654148
2018-2020,f,81,0.09613762735096762,0.5,0.09172835418489511,47787.84185274793,4383.500083200619,45596.09181114762,292566.9367379117,6.1222044226106505
2018-2020,f,82,0.10823470834695686,0.5,0.10267804425990357,43404.34176954731,4456.672925285558,41176.00530690453,246970.84492676408,5.690003231428796
2018-2020,f,83,0.12164910740535635,0.5,0.11467410608168434,38947.66884426175,4466.289108681187,36714.52428992116,205794.83961985956,5.283880800228683
2018-2020,f,84,0.1364716313260864,0.5,0.12775421805285553,34481.379735580565,4405.141705502672,32278.80888282923,169080.3153299384,4.903525225107747
2018-2020,f,85,0.1527860684788632,0.5,0.14194263955528127,30076.238030077893,4269.10061388219,27941.687723136798,136801.50644710916,4.548491281067138
2018-2020,f,86,0.17066535513485795,0.5,0.15724704384407973,25807.137416195703,4058.0960687747174,23778.089381808342,108859.81872397238,4.21820587724912
2018-2020,f,87,0.19016727268943032,0.5,0.17365547833788345,21749.041347420985,3776.8401785767965,19860.62125813259,85081.72934216404,3.9119760720972225
2018-2020,f,88,0.21132981430055628,0.5,0.19113369062714863,17972.20116884419,3435.093138094744,16254.654599796817,65221.10808403145,3.628999445938535
2018-2020,f,89,0.23416643260681627,0.5,0.209623087330689,14537.108030749445,3047.313466265452,13013.451297616719,48966.45348423464,3.3683765285818152
2018-2020,f,90,0.25866145521219974,0.5,0.2290395974264312,11489.794564483993,2631.6179215618104,10173.985603703088,35953.00218661792,3.129124892950823
2018-2020,f,91,0.284766021288659,0.5,0.2492736837254299,8858.176642922183,2208.1103228717748,7754.121481486295,25779.016582914835,2.910194458981879
2018-2020,f,92,0.3123949379391091,0.5,0.27019168119917003,6650.066320050408,1796.7925991003976,5751.670020500209,18024.89510142854,2.710483510079026
2018-2020,f,93,0.34142486477478295,0.5,0.2916385401994302,4853.27372095001,1415.4016631661175,4145.572889366951,12273.225080928332,2.5288549104388647
2018-2020,f,94,0.3716941970335321,0.5,0.31344192476284655,3437.8720577838926,1077.5732348801916,2899.085440343797,8127.65219156138,2.36415202629751
2018-2020,f,95,0.40300492416925343,0.5,0.33541747677323375,2360.298822903701,791.685475609193,1964.4560850991045,5228.566751217583,2.2152138960037546
2018-2020,f,96,0.43512659339113136,0.5,0.3573749262745135,1568.613347294508,560.5830793425927,1288.3218076232117,3264.1106661184785,2.08088925913343
2018-2020,f,97,0.4678023181229104,0.5,0.37912462816611325,1008.0302679519153,382.1691005174574,816.9457176931867,1975.788858495267,1.960049138712485
2018-2020,f,98,0.5007565625038736,0.5,0.4004840535157831,625.8611674344579,250.64741727227192,500.53745879832195,1158.8431408020804,1.8515977681638762
2018-2020,f,99,0.5337042352730982,0.5,0.4212837693074877,375.213750162186,158.07146296432367,296.17801868002414,658.3056820037584,1.7544817633127945
2018-2020,f,100,0.5663604720184028,0.5,0.4413725025720717,217.14228719786232,95.84063471474403,169.22196984049032,362.1276633237343,1.6676975636429572
2018-2020,f,101,0.5984504009483134,0.5,0.4606209922112863,121.30165248311829,55.87408752364259,93.364608721297,192.90569348324397,1.5902973251752766
2018-2020,f,102,0.6297181893724796,0.5,0.4789244656840945,65.4275649594757,31.33486158922829,49.760134164861554,99.54108476194696,1.5213936942877269
2018-2020,f,103,0.6599347555783415,0.5,0.49620371642149835,34.09270337024741,16.916926115172508,25.63424031266116,49.78095059708541,1.4601643658604402
2018-2020,f,104,0.6889036878032079,0.5,0.512404881534475,17.175777255074905,8.800952109649188,12.775301200250311,24.146710284424252,1.4058583740243635
2018-2020,f,105,0.7164651110073705,0.5,0.5274981137097523,8.374825145425717,4.417704466861068,6.165972911995183,11.371409084173939,1.3578085376964484
2018-2020,f,106,0.7424974507400572,0.5,0.5414753990306871,3.9571206785646496,2.1426834984383767,2.885778929345461,5.205436172178755,1.3154605570601152
2018-2020,f,107,0.766917231391824,0.5,0.5543477937762863,1.8144371801262726,1.0058292477486654,1.31152255625194,2.319657242833294,1.2784445051285058
2018-2020,f,108,0.78967719127607,0.5,0.5661423434550514,0.8086079323776072,0.4577871897726023,0.5797143374913061,1.0081346865813545,1.2467533970598887
2018-2020,f,109,0.8107630877948058,0.5,0.5768989149710891,0.3508207426050049,0.20238810575817906,0.24962668972591537,0.42842034909004834,1.2211944650388422
2018-2020,f,110,0.8301896016599024,0.5,1.0,0.14843263684682584,0.14843263684682584,0.17879365936413297,0.17879365936413297,1.2045441161881265
2019-2021,m,0,0.005742855212485643,0.05791382339031147,0.005711952041075256,100000.0,571.1952041075274,99461.88489406455,7229179.520114833,72.29179520114833
2019-2021,m,1,0.0005456938336596797,0.5,0.000545544983392969,99428.80479589247,54.24288566116593,99401.68335306189,7129717.635220768,71.706761937415
2019-2021,m,2,0.00021677195590239068,0.5,0.00021674846340821477,99374.5619102313,21.539283595906454,99363.79226843335,7030315.951867706,70.74562963325009
2019-2021,m,3,0.00015120358050078626,0.5,0.00015119215010356662,99353.0226266354,15.021397110220278,99345.51192808029,6930952.1595992725,69.7608585663821
2019-2021,m,4,0.00011766090128250382,0.5,0.00011765397964586152,99338.00122952518,11.687511174721294,99332.15747393781,6831606.647671192,68.77133184798474
2019-2021,m,5,0.00011630611770179111,0.5,0.00011629935453858232,99326.31371835046,11.551586174144177,99320.53792526339,6732274.490197254,67.77936518702668
2019-2021,m,6,0.00014542916145545505,0.5,0.00014541858740384195,99314.76213217631,14.442212417605333,99307.54102596751,6632953.952271991,66.78719064386729
2019-2021,m,7,0.000234721121966963,0.5,0.00023469357819696658,99300.31991975871,23.30514739807404,99288.66734605966,6533646.411246024,65.79683143544398
2019-2021,m,8,0.00011858176212498517,0.5,0.00011857473172466946,99277.01477236064,11.771745393067249,99271.1288996641,6434357.743899965,64.81215977992251
2019-2021,m,9,5.9461870075813886e-05,0.5,5.946010227137591e-05,99265.24302696757,5.902321502377163,99262.29186621637,6335086.615000301,63.819786481349134
2019-2021,m,10,0.00014894694509815605,0.5,0.00014893585332797165,99259.34070546519,14.783274608736974,99251.94906816081,6235824.323134084,62.82355170620977
2019-2021,m,11,0.00021141649048625792,0.5,0.0002113941443822006,99244.55743085645,20.97971830268216,99234.06757170512,6136572.3740659235,61.832835300225554
2019-2021,m,12,6.218325404968442e-05,0.5,6.218132073125234e-05,99223.57771255377,6.169853109837277,99220.49278599885,6037338.306494218,60.845803443856006
2019-2021,m,13,0.00022286605749944285,0.5,0.00022284122562674097,99217.40785944393,22.109728770912625,99206.35299505848,5938117.81370822,59.84955605895729
2019-2021,m,14,0.00022180677461263032,0.5,0.00022178217821782178,99195.29813067302,21.99974928838492,99184.29825602882,5838911.460713161,58.86278453461961
2019-2021,m,15,0.00022095959595959597,0.5,0.0002209351870847602,99173.29838138464,21.91087123171019,99162.34294576879,5739727.162457133,57.875731231447176
2019-2021,m,16,0.0003704275351134434,0.5,0.0003703589395389031,99151.38751015293,36.72160273206828,99133.0267087869,5640564.819511364,56.8884103506245
2019-2021,m,17,0.00030696503668232187,0.5,0.0003069179301454791,99114.66590742086,30.420068107370753,99099.45587336717,5541431.792802577,55.90930203990812
2019-2021,m,18,0.00029676232305546487,0.5,0.00029671829565010977,99084.24583931349,29.400108551228186,99069.54578503787,5442332.3369292095,54.926313369283015
2019-2021,m,19,0.0005783337899126412,0.5,0.0005781666032712057,99054.84573076226,57.270203693711665,99026.2106289154,5343262.791144172,53.94246744543442
2019-2021,m,20,0.0007601556798832401,0.5,0.000759866871324144,98997.57552706855,75.22497798442782,98959.96303807633,5244236.580515256,52.973383970209895
2019-2021,m,21,0.0007343491830365339,0.5,0.0007340796476417691,98922.35054908412,72.61688423495798,98886.04210696663,5145276.6174771795,52.01328707736431
2019-2021,m,22,0.0006056201550387597,0.5,0.0006054368226675546,98849.73366484916,59.84726867158315,98819.81003051337,5046390.575370213,51.0511297124992
2019-2021,m,23,0.0006762716847985887,0.5,0.0006760430903987185,98789.88639617758,66.78622009941319,98756.49328612786,4947570.7653397,50.08175376878592
2019-2021,m,24,0.0005387778250389905,0.5,0.0005386327233553983,98723.10017607817,53.17549230593431,98696.5124299252,4848814.272053571,49.11529584672118
2019-2021,m,25,0.0005820560436819202,0.5,0.0005818866983471647,98669.92468377223,57.41471670039755,98641.21732542204,4750117.759623646,48.14149574804403
2019-2021,m,26,0.0007502083912197833,0.5,0.0007499270904217645,98612.50996707183,73.9521926788002,98575.53387073244,4651476.542298224,47.16923384113659
2019-2021,m,27,0.000850853598287314,0.5,0.0008504917762932276,98538.55777439303,83.8062330349203,98496.65465787557,4552901.008427491,46.204258629921235
2019-2021,m,28,0.0006989623098016023,0.5,0.0006987181209857301,98454.75154135811,68.79211899910297,98420.35548185857,4454404.353769616,45.24316281371595
2019-2021,m,29,0.0006154998929565403,0.5,0.0006153105311735042,98385.95942235901,60.5379169521766,98355.69046388293,4355983.998287758,44.27444753156338
2019-2021,m,30,0.000609659121030589,0.5,0.0006094733355415701,98325.42150540683,59.92672261343978,98295.45814410012,4257628.307823875,43.3013989936443
2019-2021,m,31,0.0008635804569125691,0.5,0.0008632077322486562,98265.4947827934,84.8235349097522,98223.08301533852,4159332.849679775,42.327501213661904
2019-2021,m,32,0.0011144227031229753,0.5,0.0011138020799606285,98180.67124788364,109.3538358478254,98125.99432995974,4061109.7666644366,41.363638229882
2019-2021,m,33,0.001194836229512455,0.5,0.0011941228388972535,98071.31741203582,117.1091999624623,98012.76281205459,3962983.772334477,40.40920298525651
2019-2021,m,34,0.001327433628318584,0.5,0.0013265531726730046,97954.20821207335,129.94146568040014,97889.23747923315,3864971.009522422,39.456916451763476
2019-2021,m,35,0.001523524247275732,0.5,0.0015223645676097587,97824.26674639295,148.92419754712319,97749.8046476194,3767081.772043189,38.50866351811517
2019-2021,m,36,0.0014545640135759307,0.5,0.0014535069041577944,97675.34254884583,141.9717847607244,97604.35665646548,3669331.9673955697,37.56661478367068
2019-2021,m,37,0.001555014923127085,0.5,0.0015538068267254776,97533.3707640851,151.54801732678607,97457.59675542172,3571727.610739104,36.62056978814402
2019-2021,m,38,0.0018537538515493875,0.5,0.0018520372409650617,97381.82274675832,180.3547623200575,97291.64536559829,3474270.0139836823,35.67678151823601
2019-2021,m,39,0.002116935483870968,0.5,0.0021146971451588546,97201.46798443826,205.55166685194126,97098.69215101229,3376978.368618084,34.7420511093385
2019-2021,m,40,0.002356219913858627,0.5,0.002353447294168259,96995.91631758632,228.2747768029949,96881.77892918483,3279879.6764670718,33.81461613010606
2019-2021,m,41,0.0020608589456543864,0.5,0.0020587375617938976,96767.64154078333,199.2191784062161,96668.03195158023,3182997.897537887,32.89320527871285
2019-2021,m,42,0.002261338815366825,0.5,0.0022587848764085323,96568.42236237711,218.12729197076987,96459.35871639173,3086329.865586307,31.960031965777826
2019-2021,m,43,0.002845023794744465,0.5,0.0028409824633900665,96350.29507040634,273.72949863747635,96213.4303210876,2989870.5068699154,31.03125428609345
2019-2021,m,44,0.0032954486480876017,0.5,0.00329002758960144,96076.56557176886,316.09455144526146,95918.51829604624,2893657.076548828,30.11824016947479
2019-2021,m,45,0.003780767626199416,0.5,0.003773634009551198,95760.4710203236,361.36497021293326,95579.78853521714,2797738.5582527816,29.21600665121005
2019-2021,m,46,0.003918537079490324,0.5,0.003910874625872964,95399.10605011067,373.09394318233535,95212.5590785195,2702158.7697175643,28.32478082444704
2019-2021,m,47,0.004779451030652569,0.5,0.004768056683936444,95026.01210692833,453.08941217426036,94799.46740084121,2606946.2106390446,27.43402730302488
2019-2021,m,48,0.004896059073761939,0.5,0.0048841026462228265,94572.92269475407,461.90386199447676,94341.97076375684,2512146.743238203,26.563065533529834
2019-2021,m,49,0.005760831703330565,0.5,0.005744285771537732,94111.0188327596,540.600586425935,93840.71853954662,2417804.7724744463,25.690984992639567
2019-2021,m,50,0.00610796970020271,0.5,0.006089372847778974,93570.41824633366,569.7851642245514,93285.52566422138,2323964.0539348996,24.836525234041677
2019-2021,m,51,0.0064638183824688635,0.5,0.006442995207040151,93000.63308210911,599.2026331997331,92701.03176550925,2230678.528270678,23.985627348377722
2019-2021,m,52,0.007997053717051613,0.5,0.007965204632395325,92401.43044890938,735.9963018516137,92033.43229798357,2137977.4965051687,23.13792639484407
2019-2021,m,53,0.00976602762317048,0.5,0.009718571703314315,91665.43414705776,890.8570944736275,91220.00559982096,2045944.0642071853,22.319689894501582
2019-2021,m,54,0.009688581314878892,0.5,0.009641873278236913,90774.57705258414,875.2369688265753,90336.95856817084,1954724.0586073643,21.53382722427918
2019-2021,m,55,0.009976283769849454,0.5,0.009926767644380604,89899.34008375756,892.4098603946186,89453.13515356026,1864387.1000391934,20.738607183347266
2019-2021,m,56,0.012032915847220785,0.5,0.011960953275114787,89006.93022336294,1064.6077335630544,88474.62635658142,1774933.9648856332,19.94152545685415
2019-2021,m,57,0.01302000635122261,0.5,0.012935794289320082,87942.32248979989,1137.603793053102,87373.52059327334,1686459.3385290517,19.176879695491987
2019-2021,m,58,0.015368253124169104,0.5,0.015251062033299031,86804.71869674679,1323.8641496271593,86142.7866219332,1599085.8179357785,18.421646218590972
2019-2021,m,59,0.016121012273952528,0.5,0.015992107790960306,85480.85454711963,1367.0190399809362,84797.34502712917,1512943.0313138454,17.699203398579336
2019-2021,m,60,0.018118320510463987,0.5,0.017955657333194548,84113.83550713869,1510.3192073468817,83358.67590346525,1428145.6862867163,16.978725053686446
2019-2021,m,61,0.018940491557124416,0.5,0.01876280319933195,82603.51629979181,1549.8735199057992,81828.57953983892,1344787.0103832511,16.280021367403222
2019-2021,m,62,0.02315112540192926,0.5,0.02288620470438652,81053.64277988601,1855.0102606966975,80126.13764953766,1262958.4308434122,15.581760270456636
2019-2021,m,63,0.024570427930392907,0.5,0.024272238289591044,79198.63251918931,1922.3280807155097,78237.46847883155,1182832.2931938744,14.935009047123154
2019-2021,m,64,0.024727937307894663,0.5,0.024425935803279585,77276.3044384738,1887.5460513288417,76332.53141280939,1104594.824715043,14.294094842417111
2019-2021,m,65,0.029439371960064853,0.5,0.029012319724172727,75388.75838714496,2187.2027619362634,74295.15700617683,1028262.2933022336,13.63946449445133
2019-2021,m,66,0.031183701938446336,0.5,0.03070495485827932,73201.5556252087,2247.65046102785,72077.73039469478,953967.1362960567,13.032060973954703
2019-2021,m,67,0.033092640958672606,0.5,0.03255399217132407,70953.90516418085,2309.8328732396185,69798.98872756104,881889.405901362,12.429046771432109
2019-2021,m,68,0.035883125410374264,0.5,0.035250673245932305,68644.07229094123,2419.749762598134,67434.19740964216,812090.4171738009,11.830452216352121
2019-2021,m,69,0.03707869117492004,0.5,0.03640378875450734,66224.3225283431,2410.8162477321603,65018.914404477015,744656.2197641587,11.244452058312204
2019-2021,m,70,0.0404672659121511,0.5,0.03966470483324416,63813.506280610934,2531.1438909948047,62547.93433511353,679637.3053596817,10.65036768816733
2019-2021,m,71,0.04550179004503984,0.5,0.04448961156278229,61282.36238961613,2726.4284983636826,59919.14814043429,617089.3710245682,10.06960807256885
2019-2021,m,72,0.05313020099859173,0.5,0.05175531583213818,58555.93389125245,3030.580852387575,57040.64346505866,557170.2228841339,9.51517951910538
2019-2021,m,73,0.05388471177944862,0.5,0.05247101891397193,55525.35303886487,2913.4718495072448,54068.61711411125,500129.5794190752,9.0072291673501
2019-2021,m,74,0.0598726813741631,0.5,0.05813240975089916,52611.88118935763,3058.4554350653634,51082.653471824946,446060.96230496396,8.478331362064916
2019-2021,m,75,0.07012458369310473,0.5,0.06774914345300165,49553.425754292264,3357.2021500152114,47874.82467928466,394978.308833139,7.970756871414212
2019-2021,m,76,0.07276598409418247,0.5,0.07021148036253776,46196.22360427705,3243.5052464151013,44574.470981069506,347103.48415385437,7.513676596753635
2019-2021,m,77,0.07847069046186753,0.5,0.07550810393619758,42952.71835786195,3243.2783221076606,41331.07919680812,302529.0131727849,7.043303072281821
2019-2021,m,78,0.08830980817951502,0.5,0.08457538994800692,39709.44003575429,3358.4413756409194,38030.21934793383,261197.93397597675,6.577728966734226
2019-2021,m,79,0.09894948246562645,0.5,0.09428476796820373,36350.99866011337,3427.345474081274,34637.325923072734,223167.71462804292,6.139245766387066
2019-2021,m,80,0.11271334640478849,0.5,0.10670008460598136,32923.6531860321,3512.956580487611,31167.174895788292,188530.3887049702,5.726290082078572
2019-2021,m,81,0.12498307756191392,0.5,0.11763206858598842,29410.696605544486,3459.6410802651044,27680.876065411932,157363.2138091819,5.3505435767038545
2019-2021,m,82,0.13838015775702148,0.5,0.129425216797906,25951.055525279382,3358.72098749378,24271.695031532494,129682.33774376998,4.997189328867341
2019-2021,m,83,0.15296224990302337,0.5,0.1420946882927588,22592.334537785602,3210.2507339523727,20987.209170809416,105410.64271223749,4.665770265394156
2019-2021,m,84,0.16877995668714654,0.5,0.1556450723981802,19382.08380383323,3016.7258368752173,17873.72088539562,84423.43354142806,4.355745976329516
2019-2021,m,85,0.18587442200538923,0.5,0.17006871038351987,16365.357966958012,2783.235324405212,14973.740304755407,66549.71265603244,4.0664990518629445
2019-2021,m,86,0.2042747689101185,0.5,0.1853441973671187,13582.1226425528,2517.3676197257173,12323.438832689943,51575.972351277036,3.7973425589376935
2019-2021,m,87,0.22399546489613917,0.5,0.20143518134970637,11064.755022827083,2228.8309346132482,9950.339555520459,39252.53351858709,3.5475284755611276
2019-2021,m,88,0.24503373480100907,0.5,0.2182895793525596,8835.924088213835,1928.7901524073468,7871.529012010162,29302.19396306663,3.3162568703088544
2019-2021,m,89,0.2673671688771798,0.5,0.23583932284737313,6907.133935806488,1628.9737902367142,6092.647040688131,21430.664951056468,3.1026855929288115
2019-2021,m,90,0.29095169483584304,0.5,0.2540007242332458,5278.160145569774,1340.6564995937765,4607.831895772885,15338.017910368337,2.905940230563544
2019-2021,m,91,0.3157200935138933,0.5,0.27267552274404366,3937.503645975997,1073.6608649730824,3400.673213489456,10730.186014595452,2.7251240835196073
2019-2021,m,92,0.34158123403261326,0.5,0.2917526234563731,2863.8427810029148,835.5336445241958,2446.075958740817,7329.512801105997,2.559327924607373
2019-2021,m,93,0.3684201825587667,0.5,0.31111049067377655,2028.309136478719,631.0282506879983,1712.79501113472,4883.4368423651795,2.407639326046302
2019-2021,m,94,0.39609929749582223,0.5,0.3306201023553473,1397.2808857907207,461.96914947929827,1166.2963110510716,3170.64183123046,2.2691513663955942
2019-2021,m,95,0.42446036415808813,0.5,0.35014832202091717,935.3117363114225,327.49783503591516,771.5628187934649,2004.3455201793884,2.1429705651763777
2019-2021,m,96,0.4533277477942961,0.5,0.36956150534869847,607.8139012755073,224.6246203272417,495.50159111188646,1232.7827013859235,2.0282239330145444
2019-2021,m,97,0.48251246227956607,0.5,0.38872913599515163,383.1892809482656,148.95683810562272,308.71086189545423,737.281110274037,1.924065068964122
2019-2021,m,98,0.511816972164549,0.5,0.4075272823110934,234.23244284264288,95.45611086075075,186.5043874122675,428.57024837858285,1.8296792842932348
2019-2021,m,99,0.5410404782054633,0.5,0.42584168402351275,138.77633198189213,59.09674691377501,109.22795852500462,242.06586096631537,1.744287786752432
2019-2021,m,100,0.5699843902677916,0.5,0.4435703130542356,79.67958506811712,35.34349849269631,62.007835821768964,132.83790244131075,1.667151031569118
2019-2021,m,101,0.5984576732376865,0.5,0.46062530046295214,44.33608657542081,20.42232320015467,34.124924975343475,70.83006661954178,1.5975714613208285
2019-2021,m,102,0.626281763970398,0.5,0.4769341755802993,23.91376337526614,11.405291020404913,18.211117865063684,36.70514164419831,1.5348960792244943
2019-2021,m,103,0.6532947985301844,0.5,0.4924404170181788,12.508472354861226,6.159677342688224,9.428633683517115,18.494023779134622,1.4785197787919484
2019-2021,m,104,0.679354953075721,0.5,0.5071033625431873,6.348795012173002,3.219495298770345,4.739047362787829,9.06539009561751,1.427891446839248
2019-2021,m,105,0.7043427798298966,0.5,0.5208975615688776,3.129299713402657,1.6300445901296314,2.3142774183378414,4.32634273282968,1.382527443536373
2019-2021,m,106,0.7281625015229066,0.5,0.5338116780920741,1.4992551232730256,0.8003198932425132,1.099095176651769,2.0120653144918386,1.3420433142154595
2019-2021,m,107,0.7507423039432042,0.5,0.5458470630760366,0.6989352300305124,0.38151174259252923,0.5081793587342478,0.9129701378400699,1.3062299603930592
2019-2021,m,108,0.7720337292117647,0.5,0.557016114974398,0.31742348743798315,0.17680999777432999,0.22901848855081816,0.4047907791058221,1.275238900476476
2019-2021,m,109,0.7920103174299433,0.5,0.5673405377376914,0.14061348966365317,0.07977573283895031,0.10072562324417803,0.17577229055500396,1.250038605651922
2019-2021,m,110,0.8106656698388344,0.5,1.0,0.06083775682470286,0.06083775682470286,0.07504666731082593,0.07504666731082593,1.2335541484059718
2019-2021,f,0,0.004885993485342019,0.06572801302931597,0.004863791024245445,100000.0,486.3791024245438,99545.58962955681,7664851.286201504,76.64851286201504
2019-2021,f,1,0.0003122831367106176,0.5,0.0003122343839442141,99513.62089757546,31.071574115019757,99498.08511051795,7565305.696571947,76.02281605609095
2019-2021,f,2,0.00026610784020224195,0.5,0.0002660724382213057,99482.54932346044,26.469564458966488,99469.31454123095,7465807.611461429,75.04640424107836
2019-2021,f,3,0.00019291984180572972,0.5,0.00019290123456790125,99456.07975900147,19.185200570806046,99446.48715871607,7366338.296920198,74.06624426349856
2019-2021,f,4,3.1421838177533385e-05,0.5,3.142134451933198e-05,99436.89455843066,3.1244409218488727,99435.33233796974,7266891.809761482,73.08043802083284
2019-2021,f,5,0.0001874355690231483,0.5,0.00018741800462297747,99433.77011750882,18.635678787555662,99424.45227811503,7167456.477423512,72.08271866744224
2019-2021,f,6,9.360082368724845e-05,0.5,9.359644333515326e-05,99415.13443872126,9.304902997158933,99410.48198722268,7068032.0251453975,71.09613707259109
2019-2021,f,7,0.00015711906482732615,0.5,0.0001571067225966599,99405.8295357241,15.617324085353175,99398.02087368142,6968621.5431581745,70.1027452384351
2019-2021,f,8,6.34981109311998e-05,0.5,6.34960949901581e-05,99390.21221163875,6.310890355685842,99387.05676646091,6869223.522284493,69.1136820158645
2019-2021,f,9,0.00019165655145978407,0.5,0.00019163818710275,99383.90132128306,19.045750676406897,99374.37844594487,6769836.465518032,68.11803899338646
2019-2021,f,10,9.523204875880896e-05,0.5,9.522751440316155e-05,99364.85557060665,9.46226821502205,99360.12443649914,6670462.087072087,67.13099967555624
2019-2021,f,11,6.476264490641798e-05,0.5,6.476054787423502e-05,99355.39330239163,6.434309704520274,99352.17614753937,6571101.962635588,66.13734538432361
2019-2021,f,12,6.643635397289396e-05,0.5,6.643414715163594e-05,99348.95899268711,6.600163361086743,99345.65891100657,6471749.786488049,65.14159637006787
2019-2021,f,13,0.000270956816257409,0.5,0.00027092011243184667,99342.35882932603,26.913843023285153,99328.90190781438,6372404.127577042,64.14589106470761
2019-2021,f,14,0.00023296834958564915,0.5,0.00023294121562037235,99315.44498630274,23.134660484982305,99303.87765606024,6273075.225669228,63.16313868939911
2019-2021,f,15,0.0002000733602320851,0.5,0.00020005334755934914,99292.31032581776,19.86375906757894,99282.37844628397,6173771.348013167,62.177738918095024
2019-2021,f,16,0.0002937049244525667,0.5,0.00029366179949424914,99272.44656675018,29.152525298981345,99257.87030410068,6074488.9695668835,61.19008022515527
2019-2021,f,17,0.00016087516087516087,0.5,0.00016086222150727902,99243.2940414512,15.964496749205864,99235.3117930766,5975231.099262782,60.20790781860881
2019-2021,f,18,0.0003769554564302318,0.5,0.0003768844221105528,99227.32954470199,37.39723475303617,99208.63092732547,5875995.787469706,59.21751411059152
2019-2021,f,19,0.0002235850261913888,0.5,0.00022356003385337654,99189.93230994896,22.17490462512069,99178.8448576364,5776787.15654238,58.23965217045477
2019-2021,f,20,0.000351022752656604,0.5,0.00035096115498125553,99167.75740532383,34.804030675877584,99150.3553899859,5677608.3116847435,57.252563335469155
2019-2021,f,21,0.00022587202736278276,0.5,0.00022584652115697948,99132.95337464796,22.38883265167533,99121.75895832211,5578457.956294757,56.27248827352479
2019-2021,f,22,0.00038290947381856475,0.5,0.0003828361780188228,99110.56454199628,37.94310973054962,99091.592987131,5479336.197336435,55.28508714138811
2019-2021,f,23,0.00040410320174075225,0.5,0.0004040215685360434,99072.62143226573,40.027475910042995,99052.60769431072,5380244.604349304,54.306068887333176
2019-2021,f,24,0.00012024289063909097,0.5,0.00012023566189731875,99032.59395635569,11.907249483760097,99026.6403316138,5281191.996654993,53.32781648618079
2019-2021,f,25,0.00041118421052631577,0.5,0.00041109969167523125,99020.68670687193,40.707373774654116,99000.3330199846,5182165.356323379,52.334169037465806
2019-2021,f,26,0.00034851301115241634,0.5,0.0003484522910738138,98979.97933309728,34.489800569062936,98962.73443281275,5083165.023303394,51.35548681210592
2019-2021,f,27,0.00036881525192918746,0.5,0.00036874725212384236,98945.48953252821,36.48587737517664,98927.24659384062,4984202.288870581,50.373213699973974
2019-2021,f,28,0.00025232701581249297,0.5,0.00025229518536687927,98909.00365515304,24.954265411623055,98896.52652244722,4885275.042276741,49.3916110944691
2019-2021,f,29,0.0004999027966784236,0.5,0.0004997778764993337,98884.04938974141,49.42006022366695,98859.33935962958,4786378.515754294,48.40394932542932
2019-2021,f,30,0.0004983940635729316,0.5,0.0004982698961937716,98834.62932951775,49.24632049635693,98810.00616926956,4687519.176394664,47.42790263083123
2019-2021,f,31,0.0004905434130920587,0.5,0.0004904231261749721,98785.38300902139,48.44663635567122,98761.15969084355,4588709.170225394,46.45129704873786
2019-2021,f,32,0.0005900021454623471,0.5,0.0005898281455266897,98736.93637266572,58.23782407566614,98707.81746062788,4489948.01053455,45.473843684880066
2019-2021,f,33,0.0007709895251767959,0.5,0.000770692427282512,98678.69854859005,76.05092570549459,98640.6730857373,4391240.193073922,44.50038617920813
2019-2021,f,34,0.000637551801083838,0.5,0.0006373486297004461,98602.64762288456,62.844262347280164,98571.22549171091,4292599.519988185,43.534323098560705
2019-2021,f,35,0.0009759185503653101,0.5,0.0009754425741138631,98539.80336053728,96.11991944267356,98491.74340081593,4194028.2944964743,42.56176845767969
2019-2021,f,36,0.001015730805292218,0.5,0.0010152152126094937,98443.6834410946,99.94152501471399,98393.71267858724,4095536.5510956584,41.602837357729406
2019-2021,f,37,0.0006168714337120238,0.5,0.0006166812271956422,98343.74191607989,60.6467394518113,98313.41854635399,3997142.8384170714,40.64460798967738
2019-2021,f,38,0.0007672830507174097,0.5,0.0007669888019634914,98283.09517662808,75.38203342277848,98245.40415991668,3898829.4198707175,39.66937969204156
2019-2021,f,39,0.0012845545164936799,0.5,0.001283730005905158,98207.7131432053,126.07218817326066,98144.67704911868,3800584.015710801,38.69944522757429
2019-2021,f,40,0.0010297070483447459,0.5,0.0010291771728503062,98081.64095503204,100.94338594662258,98031.16926205873,3702439.3386616823,37.748546033800125
2019-2021,f,41,0.001467620620069712,0.5,0.0014665444546287808,97980.69756908542,143.69304868060863,97908.85104474511,3604408.1693996238,36.78692088161736
2019-2021,f,42,0.0014633636458659977,0.5,0.0014622937121370379,97837.00452040481,143.06643652450293,97765.47130214256,3506499.3183548786,35.84021542302602
2019-2021,f,43,0.0016989022477783586,0.5,0.0016974603381863288,97693.9380838803,165.8315851786174,97611.022291291,3408733.847052736,34.89196887657438
2019-2021,f,44,0.0018503765002184473,0.5,0.0018486661360310169,97528.10649870169,180.29690779537486,97437.95804480399,3311122.824761445,33.9504471442345
2019-2021,f,45,0.001878731727403747,0.5,0.0018769685672044738,97347.80959090631,182.71877868832962,97256.45020156214,3213684.866716641,33.01240038396144
2019-2021,f,46,0.0026530718410237735,0.5,0.002649557108346105,97165.09081221798,257.4444570446067,97036.36858369567,3116428.416515079,32.07353989446593
2019-2021,f,47,0.0022916666666666667,0.5,0.0022890438039746123,96907.64635517338,221.82584744707856,96796.73343144983,3019392.0479313834,31.15741803144303
2019-2021,f,48,0.0028529550332408522,0.5,0.002848891154062284,96685.8205077263,275.4473787677125,96548.09681834244,2922595.3144999337,30.227755209114505
2019-2021,f,49,0.003972952350882732,0.5,0.0039650758222280575,96410.37312895858,382.27443950562156,96219.23590920577,2826047.2176815914,29.312688313128593
2019-2021,f,50,0.003249475890985325,0.5,0.0032442049081680712,96028.09868945296,311.5348290903785,95872.33127490777,2729827.9817723855,28.427387598294814
2019-2021,f,51,0.00349174561606203,0.5,0.003485660096880847,95716.56386036258,333.63540725861094,95549.74615673328,2633955.650497478,27.518284654890664
2019-2021,f,52,0.004427740307882407,0.5,0.0044179595191616156,95382.92845310397,421.3979167248908,95172.22949474154,2538405.9043407445,26.612790627295308
2019-2021,f,53,0.004656962540716613,0.5,0.004646144081244049,94961.53053637908,441.204953047476,94740.92805985535,2443233.674846003,25.728667819965448
2019-2021,f,54,0.004895069786123105,0.5,0.004883118183980869,94520.3255833316,461.55392061176826,94289.54862302572,2348492.7467861474,24.84643099029165
2019-2021,f,55,0.0055159963895296356,0.5,0.005500825123768566,94058.77166271984,517.4008542731026,93800.07123558328,2254203.1981631215,23.96590087574548
2019-2021,f,56,0.0066564900778258804,0.5,0.006634409138524468,93541.37080844674,620.5917253216612,93231.0749457859,2160403.1269275383,23.095696676838255
2019-2021,f,57,0.008199717971483783,0.5,0.00816623754908845,92920.77908312507,758.8131552391715,92541.37250550548,2067172.0519817525,22.246606974017098
2019-2021,f,58,0.007743706619703719,0.5,0.007713839763683036,92161.9659278859,710.9226374737191,91806.50460914904,1974630.679476247,21.425657098301688
2019-2021,f,59,0.008942903003898188,0.5,0.008903093254194727,91451.04329041218,814.1971666079335,91043.94470710822,1882824.174867098,20.588329089784096
2019-2021,f,60,0.009634991843393148,0.5,0.00958879784886228,90636.84612380425,869.0983951395901,90202.29692623446,1791780.2301599898,19.768783963560804
2019-2021,f,61,0.01006446352587459,0.5,0.010014070402717744,89767.74772866466,898.9405456482491,89318.27745584054,1701577.9332337554,18.955337259624784
2019-2021,f,62,0.01240656146179402,0.5,0.012330074547940259,88868.80718301641,1095.7590175531222,88320.92767423985,1612259.655777915,18.142019757929546
2019-2021,f,63,0.013488446046215815,0.5,0.013398086363696188,87773.04816546329,1175.9908797257376,87185.05272560043,1523938.728103675,17.36226278972171
2019-2021,f,64,0.014047269328348244,0.5,0.013949294579399597,86597.05728573755,1207.9678617878963,85993.0733548436,1436753.6753780744,16.59125287176134
2019-2021,f,65,0.017267634741937238,0.5,0.01711982529690091,85389.08942394966,1461.8462931994727,84658.16627734993,1350760.6020232309,15.818889873820037
2019-2021,f,66,0.01812459301063599,0.5,0.01796181769292821,83927.24313075018,1507.4858405846026,83173.50021045789,1266102.435745881,15.085714584636374
2019-2021,f,67,0.018834459459459458,0.5,0.018658745764130024,82419.75729016558,1537.849297218505,81650.83264155634,1182928.935535423,14.35249234441232
2019-2021,f,68,0.021527960094512997,0.5,0.0212987012987013,80881.90799294708,1722.6795988108206,80020.56819354167,1101278.1028938666,13.615876902779029
2019-2021,f,69,0.023666646255587533,0.5,0.023389866408460292,79159.22839413625,1851.5237771356478,78233.46650556843,1021257.534700325,12.901307344930803
2019-2021,f,70,0.025372019176888114,0.5,0.0250541815890192,77307.7046170006,1936.8812697045942,76339.26398214832,943024.0681947565,12.198319337855203
2019-2021,f,71,0.030654810024252223,0.5,0.030192044332622056,75370.82334729601,2275.599239887786,74233.02372735212,866684.8042126083,11.498943035544022
2019-2021,f,72,0.033234755668215744,0.5,0.03269150851918548,73095.22410740823,2389.5931416191015,71900.42753659867,792451.7804852561,10.841361937967447
2019-2021,f,73,0.03828338414030642,0.5,0.037564339127901324,70705.63096578913,2656.010299851143,69377.62581586355,720551.3529486575,10.190862355747816
2019-2021,f,74,0.043184945186631754,0.5,0.04227218420766808,68049.62066593798,2876.6061000524714,66611.31761591174,651173.727132794,9.569101499176128
2019-2021,f,75,0.04889878742885424,0.5,0.04773177448185902,65173.01456588551,3110.823633561762,63617.602749104626,584562.4095168823,8.969393443139403
2019-2021,f,76,0.05316405475104146,0.5,0.051787439613526574,62062.19093232375,3214.041965190874,60455.16994972831,520944.8067677776,8.393915827687204
2019-2021,f,77,0.0595872342626597,0.5,0.057863277914511034,58848.148967132875,3405.1467984397605,57145.575567912994,460489.6368180493,7.8250487891341525
2019-2021,f,78,0.06843868915772136,0.5,0.0661742497048244,55443.002168693114,3668.8990698962225,53608.552633745,403344.0612501363,7.274931830403148
2019-2021,f,79,0.07965290245362058,0.5,0.07660211216943397,51774.10309879689,3966.0056530458824,49791.10027227395,349735.5086163913,6.755027855316306
2019-2021,f,80,0.09285213705222067,0.5,0.08873262989615957,47808.09744575101,4242.1382166933545,45687.028337404336,299944.40834411734,6.273924802894979
2019-2021,f,81,0.10444778148465216,0.5,0.09926383767143514,43565.959229057655,4324.524304913539,41403.69707660089,254257.38000671298,5.836147866500509
2019-2021,f,82,0.11730426857630487,0.5,0.11080530117211858,39241.434924144116,4348.159015195881,37067.355416546176,212853.6829301121,5.424207431292208
2019-2021,f,83,0.13151087253613372,0.5,0.1233968582854642,34893.275908948235,4305.720622452089,32740.41559772219,175786.32751356592,5.0378281469549915
2019-2021,f,84,0.14715119759835263,0.5,0.13706645136397033,30587.555286496146,4192.527659019277,28491.29145698651,143045.91191584372,4.676604932169781
2019-2021,f,85,0.16429970898946622,0.5,0.15182713217309396,26395.02762747687,4007.4813483093967,24391.28695332217,114554.6204588572,4.3400075982344255
2019-2021,f,86,0.183017796038303,0.5,0.16767412191548786,22387.546279167473,3753.8121642017504,20510.640197066597,90163.33350553503,4.027387922786147
2019-2021,f,87,0.203349474823691,0.5,0.18458213474279905,18633.734114965722,3439.454421170094,16914.006904380676,69652.69330846843,3.7379890084686096
2019-2021,f,88,0.2253169026050594,0.5,0.20250320513118195,15194.279693795628,3076.890337653249,13655.834524969003,52738.686404087755,3.470956667042457
2019-2021,f,89,0.2489159453238705,0.5,0.2213652723139225,12117.38935614238,2682.369194556284,10776.204758864238,39082.85187911875,3.2253524856249185
2019-2021,f,90,0.2741121045541033,0.5,0.24107176071502406,9435.020161586095,2274.5169227353117,8297.76170021844,28306.647120254514,3.0001681645051157
2019-2021,f,91,0.30083716052249054,0.5,0.2615023485227215,7160.503238850783,1872.4884135640332,6224.259032068767,20008.885420036077,2.7943406702860982
2019-2021,f,92,0.32898691068612196,0.5,0.28251503619589,5288.01482528675,1493.9436997702892,4541.042975401606,13784.62638796731,2.60676772728598
2019-2021,f,93,0.35842036676308175,0.5,0.3039495179182256,3794.071125516461,1153.2060895481882,3217.468080742367,9243.583412565704,2.4363231754933
2019-2021,f,94,0.38896070829117885,0.5,0.32563173344897917,2640.865035968273,859.9494594671492,2210.890306234698,6026.115331823336,2.2818717540458717
2019-2021,f,95,0.4203981754119695,0.5,0.3473793524409798,1780.9155765011237,618.6532997170148,1471.5889266426163,3815.2250255886383,2.1422829222956326
2019-2021,f,96,0.45249492426769994,0.5,0.36900783752106003,1162.262276784109,428.88388938840774,947.8203320899052,2343.636098946022,2.0164434015966552
2019-2021,f,97,0.4849916816238656,0.5,0.3903366640703911,733.3783873957012,286.264473237361,590.2461507770207,1395.8157668561166,1.903268204852335
2019-2021,f,98,0.5176158458711645,0.5,0.4111952557972999,447.1139141583402,183.8511203028707,355.1883540069049,805.5696160790958,1.8017100129740373
2019-2021,f,99,0.5500905184197792,0.5,0.4314282292698027,263.2627938554695,113.57900098568629,206.47329336262635,450.3812620721909,1.7107668557200257
2019-2021,f,100,0.5821438399597652,0.5,0.4508996214314971,149.68379286978322,67.49236553941587,115.93761010007529,243.90796870956456,1.6294881632358906
2019-2021,f,101,0.6135179694308595,0.5,0.4694958876173054,82.19142733036735,38.588537129004074,62.89715876586531,127.97035860948928,1.556979392694011
2019-2021,f,102,0.6439770864384448,0.5,0.4871275849866843,43.60289020136327,21.24017060222965,32.982804900248446,65.07319984362397,1.4924056534580226
2019-2021,f,103,0.6733139125311505,0.5,0.5037297785157169,22.362719599133623,11.264767790680661,16.730335703793294,32.090394943375514,1.434995184781495
2019-2021,f,104,0.7013544130693685,0.5,0.5192613080876466,11.097951808452962,5.762736973150948,8.216583321877488,15.360059239582224,1.384044507012812
2019-2021,f,105,0.7279605317038156,0.5,0.5337031260119807,5.335214835302014,2.8474208355461794,3.911504417528924,7.143475917704735,1.3389293848933377
2019-2021,f,106,0.7530309948827494,0.5,0.5470559512642325,2.4877939997558345,1.3609625130858778,1.8073127432128957,3.2319715001758107,1.299131479733858
2019-2021,f,107,0.7765003800803967,0.5,0.5593374923708184,1.1268314866699567,0.630279098078455,0.8116919376307292,1.4246587569629152,1.2643050658560366
2019-2021,f,108,0.798336752887284,0.5,0.570579471583305,0.4965523885915018,0.28332259949596705,0.3548910888435183,0.612966819332186,1.2344454148552182
2019-2021,f,109,0.8185382388764155,0.5,0.5808246470359886,0.21322978909553478,0.12384911698897227,0.15130523060104864,0.25807573048866767,1.2103174307087095
2019-2021,f,110,0.8371289092084413,0.5,1.0,0.0893806721065625,0.0893806721065625,0.10677049988761901,0.10677049988761901,1.1945591521209842
