year,sex,age,mx,ax,qx,lx,dx,Lx,Tx,ex
2003,m,0,0.015138124094215766,0.08313072506887512,0.014930888131956775,100000.0,1493.0888131956744,98631.03274243751,7091823.653259349,70.9182365325935
2003,m,1,0.0005740283849796795,0.5,0.0005738636779595508,98506.91118680433,56.52953835809603,98478.64641762528,6993192.620516911,70.99189829691561
2003,m,2,0.0005446459907893545,0.5,0.0005444977115415619,98450.38164844623,53.60600750797312,98423.57864469224,6894713.974099286,70.03237426462633
2003,m,3,0.0005458348960471779,0.5,0.0005456859688251439,98396.77564093826,53.69373984489357,98369.92877101581,6796290.395454594,69.07025510932472
2003,m,4,0.0003898212872396886,0.5,0.00038974532172818277,98343.08190109336,38.328756095288554,98323.91752304572,6697920.466683578,68.10769336494742
2003,m,5,0.00015080338617408113,0.5,0.00015079201620075557,98304.75314499807,14.82357192884956,98297.34135903366,6599596.549160532,67.13405342085773
2003,m,6,0.00028913881876117456,0.5,0.00028909702417513584,98289.92957306922,28.415326145957806,98275.72190999624,6501299.2078014985,66.14410281948976
2003,m,7,6.869529249997206e-05,0.5,6.869293305940746e-05,98261.51424692327,6.749871620486374,98258.13931111302,6403023.485891502,65.16308582219912
2003,m,8,0.00019927018039572183,0.5,0.0001992503280713125,98254.76437530278,19.577294036353123,98244.9757282846,6304765.346580389,64.16752802437281
2003,m,9,0.000196092692223159,0.5,0.00019607346793605845,98235.18708126643,19.26131380436709,98225.55642436424,6206520.370852104,63.1802163283679
2003,m,10,0.0002563309735519203,0.5,0.00025629812497797276,98215.92576746206,25.17255761717388,98203.33948865347,6108294.81442774,62.192508665955636
2003,m,11,0.0004316803879152322,0.5,0.00043158723404292674,98190.75320984489,42.37787558643322,98169.56427205168,6010091.4749390865,61.2083243937933
2003,m,12,0.0003664643840252539,0.5,0.0003663972482543089,98148.37533425845,35.9612946431007,98130.3946869369,5911921.910667035,60.23453664447457
2003,m,13,0.0002456596976052052,0.5,0.00024562952696754634,98112.41403961535,24.09930585019174,98100.36438669026,5813791.515980097,59.256431236445096
2003,m,14,0.0003601524787131704,0.5,0.0003600876354859333,98088.31473376516,35.32038932127762,98070.65453910452,5715691.151593408,58.27086709672954
2003,m,15,0.00017544351145405948,0.5,0.00017542812259114187,98052.99434444388,17.201252712286077,98044.39371808774,5617620.497054303,57.29167716511069
2003,m,16,0.00041438353525077837,0.5,0.00041429769617878394,98035.7930917316,40.6160032209591,98015.48509012112,5519576.103336215,56.301641770486576
2003,m,17,0.0008357414755711312,0.5,0.000835392389536975,97995.17708851064,81.86442515107046,97954.24487593511,5421560.618246094,55.32476984402267
2003,m,18,0.0007672987704705954,0.5,0.0007670045096619908,97913.31266335957,75.0999523687351,97875.7626871752,5323606.373370159,54.37060833263301
2003,m,19,0.0005900557246177766,0.5,0.0005898816930828513,97838.21271099083,57.71297056216281,97809.35622570975,5225730.610682984,53.4119590483478
2003,m,20,0.0006452168688010512,0.5,0.0006450087835272228,97780.49974042867,63.069281190255424,97748.96509983354,5127921.254457274,52.44318926646952
2003,m,21,0.0007063168072497568,0.5,0.0007060674535949936,97717.43045923841,68.99509729621059,97682.93291059032,5030172.289357441,51.47671470399248
2003,m,22,0.0011336116509897559,0.5,0.0011329694772899202,97648.4353619422,110.63269677020435,97593.1190135571,4932489.35644685,50.512733134577736
2003,m,23,0.0009012465838886223,0.5,0.0009008406441120553,97537.802665172,87.86601697816513,97493.86965668292,4834896.237433293,49.56946030484751
2003,m,24,0.0010985210969792346,0.5,0.001097918053906749,97449.93664819383,106.99204479812761,97396.44062579477,4737402.36777661,48.61370392552651
2003,m,25,0.0008745221348485076,0.5,0.0008741399074994763,97342.9446033957,85.09135259134928,97300.39892710003,4640005.927150815,47.666586890869056
2003,m,26,0.0006903148479605675,0.5,0.0006900766628772598,97257.85325080436,67.11537480991683,97224.2955633994,4542705.528223715,46.70785315926295
2003,m,27,0.001000828976910162,0.5,0.0010003283980865463,97190.73787599444,97.22265512833837,97142.12654843027,4445481.232660315,45.739762140012765
2003,m,28,0.0010240117315583241,0.5,0.0010234876998524468,97093.5152208661,99.37401856399083,97043.8282115841,4348339.106111885,44.785062073614114
2003,m,29,0.0010467854095233837,0.5,0.0010462378162828954,96994.14120230211,101.47893848373496,96943.40173306025,4251295.277900301,43.83043372726309
2003,m,30,0.0009200294627591527,0.5,0.0009196064302541643,96892.66226381838,89.10311526224541,96848.11070618726,4154351.876167241,42.87581514538029
2003,m,31,0.0012610395300061228,0.5,0.0012602449206748924,96803.55914855613,121.99619372021698,96742.56105169602,4057503.7654610537,41.91482008667006
2003,m,32,0.0014235359291624166,0.5,0.001422523422561371,96681.56295483591,137.53178783309704,96612.79706091937,3960761.2044093576,40.967078762055166
2003,m,33,0.0015446639060223354,0.5,0.0015434718334068228,96544.03116700282,149.01299278982333,96469.5246706079,3864148.407348438,40.02472613417391
2003,m,34,0.000991347421831234,0.5,0.0009908562804217334,96395.018174213,95.51360915928672,96347.26136963334,3767678.8826778303,39.085825741207614
2003,m,35,0.001063339225301893,0.5,0.0010627741805649767,96299.5045650537,102.34462705293845,96248.33225152723,3671331.621308197,38.12409666996867
2003,m,36,0.0015778153681602625,0.5,0.0015765715987115364,96197.15993800077,151.66171023495554,96121.32908288328,3575083.2890566695,37.16412512969007
2003,m,37,0.0015584550419522323,0.5,0.0015572415964434747,96045.49822776581,149.56604499141395,95970.7152052701,3478961.959973786,36.222020023506445
2003,m,38,0.0014894580480667298,0.5,0.00148834963089869,95895.9321827744,142.72667526891746,95824.56884513993,3382991.2447685157,35.277734600052156
2003,m,39,0.0017037008601146109,0.5,0.0017022507970410861,95753.20550750548,162.9959703943896,95671.70752230828,3287166.675923376,34.32957318244261
2003,m,40,0.0018967624007035968,0.5,0.001894965251283959,95590.20953711109,181.140125435777,95499.6394743932,3191494.9684010674,33.38725779403203
2003,m,41,0.002867477492804294,0.5,0.0028633721651856983,95409.06941167531,273.1916736596613,95272.47357484548,3095995.328926674,32.44969632360562
2003,m,42,0.0027871911670370826,0.5,0.0027833123552312797,95135.87773801565,264.79286393399525,95003.48130604866,3000722.8553518285,31.541442899335966
2003,m,43,0.0032226439690412985,0.5,0.0032174596056444163,94871.08487408166,305.24388332602393,94718.46293241865,2905719.37404578,30.628082074769328
2003,m,44,0.0041435663801666954,0.5,0.004134999557592274,94565.84099075563,391.0297106601065,94370.32613542558,2811000.9111133614,29.725330855865312
2003,m,45,0.0036400449369981148,0.5,0.0036334320091037826,94174.81128009553,342.1777737564116,94003.72239321732,2716630.584977936,28.846679362044167
2003,m,46,0.004734210704981507,0.5,0.00472303079351021,93832.63350633912,443.1744174866035,93611.0462975958,2622626.8625847185,27.95005068687047
2003,m,47,0.0049626080671766664,0.5,0.004950324806267304,93389.45908885251,462.30815597143373,93158.3050108668,2529015.8162871227,27.08031335614621
2003,m,48,0.006962448153795025,0.5,0.0069382943962900566,92927.15093288108,644.75593058081,92604.77296759067,2435857.511276256,26.21254915084628
2003,m,49,0.00762659510382341,0.5,0.007597623106232068,92282.39500230027,701.1268565679056,91931.83157401631,2343252.7383086653,25.392196835054577
2003,m,50,0.008920193518118517,0.5,0.00888058524863254,91581.26814573236,813.2952589460474,91174.62051625934,2251320.906734649,24.582766239403284
2003,m,51,0.007103392261806961,0.5,0.007078252459931465,90767.97288678632,642.4786273688806,90446.73357310187,2160146.28621839,23.7985515982902
2003,m,52,0.009781548855595219,0.5,0.009733942339320414,90125.49425941744,877.2763644239312,89686.85607720548,2069699.5526452882,22.964640245831664
2003,m,53,0.009156849294689623,0.5,0.00911511642100428,89248.2178949935,813.5078964800196,88841.4639467535,1980012.6965680828,22.185459197602132
2003,m,54,0.008512018198492777,0.5,0.008475944501569391,88434.70999851348,749.5676939597906,88059.92615153358,1891171.2326213294,21.384943000922583
2003,m,55,0.01400578790954569,0.5,0.013908388936739964,87685.1423045537,1219.5590631451196,87075.36277298114,1803111.3064697958,20.563475853265007
2003,m,56,0.012004459061739947,0.5,0.011932835444448267,86465.58324140857,1031.7795764279726,85949.69345319459,1716035.9436968146,19.84646236532874
2003,m,57,0.013471128507875196,0.5,0.013380999923111148,85433.8036649806,1143.189720272203,84862.2088048445,1630086.25024362,19.080108578986213
2003,m,58,0.01300698062460291,0.5,0.012922936432706318,84290.6139447084,1089.2822458812589,83745.97282176776,1545224.0414387756,18.33210091994806
2003,m,59,0.014754901269730251,0.5,0.014646844894564078,83201.33169882714,1218.637000413888,82592.0131986202,1461478.068617008,17.56556101658659
2003,m,60,0.01557334332780068,0.5,0.01545301576779975,81982.69469841325,1266.8798738612968,81349.2547614826,1378886.0554183878,16.819233138052432
2003,m,61,0.01778496456509544,0.5,0.01762820605507756,80715.81482455196,1422.8750156306778,80004.37731673662,1297536.8006569052,16.075372632702745
2003,m,62,0.01967117241209487,0.5,0.01947957933033383,79292.93980892128,1544.5931113432744,78520.64325324964,1217532.4233401685,15.354865468150843
2003,m,63,0.022341314371812217,0.5,0.022094504239262864,77748.346697578,1717.811175705312,76889.44110972535,1139011.780086919,14.649980719427969
2003,m,64,0.0235591293261619,0.5,0.02328484400058723,76030.53552187269,1770.3591589079151,75145.35594241874,1062122.3389771937,13.969681150958607
2003,m,65,0.02730180204485306,0.5,0.02693412694381753,74260.17636296478,2000.13301703037,73260.10985444959,986976.9830347749,13.290797724620036
2003,m,66,0.029759772870896758,0.5,0.029323443363747884,72260.0433459344,2118.9132885164727,71200.58670167616,913716.8731803253,12.644842583418324
2003,m,67,0.03329869900102993,0.5,0.03275337658691244,70141.13005741793,2297.3588470022078,68992.45063391683,842516.2864786491,12.011729577053584
2003,m,68,0.038503803695955685,0.5,0.0377765335793296,67843.77121041573,2562.9025012786296,66562.31995977642,773523.8358447324,11.401545374676592
2003,m,69,0.03894667639201161,0.5,0.038202741487020284,65280.868709137096,2493.9081513432757,64033.91463346546,706961.5158849559,10.829535970712433
2003,m,70,0.04253127766192782,0.5,0.041645656178751975,62786.96055779382,2614.804171898737,61479.55847184445,642927.6012514904,10.239826797471613
2003,m,71,0.0484470992971166,0.5,0.04730129405220203,60172.15638589508,2846.2208629643137,58749.045954412926,581448.042779646,9.663074712674629
2003,m,72,0.05257856674305314,0.5,0.05123172149895596,57325.93552293077,2936.9063633778933,55857.48234124182,522698.9968252331,9.118019480312709
2003,m,73,0.05858065455492908,0.5,0.05691363554331504,54389.029159552876,3095.4773831415296,52841.29046798211,466841.51448399125,8.583376495184146
2003,m,74,0.060068386594574835,0.5,0.05831688596888934,51293.55177641135,2991.280209884302,49797.91167146919,414000.22401600913,8.071194325178272
2003,m,75,0.06920948071233965,0.5,0.0668946100986487,48302.271566527044,3231.161623321874,46686.69075486611,364202.3123445399,7.5400659333986315
2003,m,76,0.08020857486452593,0.5,0.07711589677467753,45071.10994320517,3475.6990619003554,43333.260412255,317515.6215896738,7.044770408134619
2003,m,77,0.0874591052588846,0.5,0.08379479630384233,41595.410881304815,3485.478981973567,39852.671390318035,274182.3611774188,6.591649303809399
2003,m,78,0.10216411752641524,0.5,0.0971989928613473,38109.93189933125,3704.2469986295255,36257.80840001648,234329.68978710074,6.148782695442517
2003,m,79,0.11273969622307552,0.5,0.10672369759949055,34405.68490070172,3671.9019110458466,32569.7339451788,198071.88138708426,5.756952142029426
2003,m,80,0.12221674542194955,0.5,0.11517838193068242,30733.782989655876,3539.8673953572943,28963.84929197723,165502.14744190546,5.385023623600414
2003,m,81,0.13582837181324114,0.5,0.12719034319965303,27193.91559429858,3458.803457381233,25464.513865607965,136538.29814992822,5.020913508261184
2003,m,82,0.15069570643676822,0.5,0.1401367064487593,23735.11213691735,3326.1604420595722,22072.031915887565,111073.78428432025,4.679724437094916
2003,m,83,0.16687612532904897,0.5,0.15402461024735148,20408.951694857777,3143.4808303574937,18837.21127967903,89001.75236843269,4.360917390522194
2003,m,84,0.18441662155769611,0.5,0.16884748059295537,17265.470864500283,2915.2312567219487,15807.855236139309,70164.54108875366,4.063864903506322
2003,m,85,0.20335080094448055,0.5,0.18458322738014565,14350.239607778334,2648.8135404821205,13025.832837537273,54356.68585261435,3.787859111645154
2003,m,86,0.22369577493904236,0.5,0.20119278676524396,11701.426067296214,2354.2425196067943,10524.304807492816,41330.853015077075,3.5321210233161926
2003,m,87,0.2454490987933725,0.5,0.21861916079528898,9347.18354768942,2043.4734229953929,8325.446836191722,30806.54820758426,3.295810770207834
2003,m,88,0.2685859390903217,0.5,0.2367870967216007,7303.7101246940265,1729.4243157224591,6438.997966832797,22481.10137139254,3.078038556785458
2003,m,89,0.2930566827834423,0.5,0.25560352256771385,5574.285808971567,1424.807088572351,4861.882264685391,16042.10340455974,2.877876010365432
2003,m,90,0.3187852141798955,0.5,0.2749588122525984,4149.478720399216,1140.9357404284,3579.0108501850164,11180.22113987435,2.6943676286159417
2003,m,91,0.34566808084567513,0.5,0.2947288950796932,3008.5429799708163,886.704548286566,2565.1907058275333,7601.210289689332,2.5265420305755666
2003,m,92,0.3735747396450484,0.5,0.3147781558384076,2121.8384316842503,667.9083885126274,1787.8842374279366,5036.019583861798,2.373422739762688
2003,m,93,0.4023490180795426,0.5,0.33496300083922337,1453.9300431716229,487.01277027106835,1210.4236580360887,3248.1353464338617,2.2340382618054546
2003,m,94,0.43181184557751134,0.5,0.355135901128867,966.9172729005545,343.38703702860505,795.223754386252,2037.711688397773,2.107431261709757
2003,m,95,0.46176521061312664,0.5,0.37514967603114313,623.5302358719495,233.9171659829841,506.5716528804574,1242.487934011521,1.9926666944611215
2003,m,96,0.49199719287588406,0.5,0.39486175528801115,389.61306988896536,153.84330065950743,312.6914195592116,735.9162811310637,1.8888387941934037
2003,m,97,0.5222878184486829,0.5,0.41413816030710776,235.76976922945792,97.64125848471903,186.94913998709842,423.2248615718521,1.7950768792582457
2003,m,98,0.5524154041151313,0.5,0.4328569740054849,138.1285107447389,59.78988918485177,108.233566152313,236.27572158475368,1.7105499821205672
2003,m,99,0.5821630066457391,0.5,0.4509111199776468,78.33862155988712,35.32375558507373,60.67674376735025,128.04215543244067,1.634470365738526
2003,m,100,0.6113245819714977,0.5,0.4682103375367913,43.01486597481339,20.140004917167218,32.94486351622978,67.36541166509042,1.566096049317812
2003,m,101,0.6397104892600967,0.5,0.4846823103236641,22.87486105764617,11.087040505752762,17.33134080476979,34.42054814886065,1.50473255606312
2003,m,102,0.667152041361109,0.5,0.5002729735801983,11.78782055189341,5.89712803952549,8.839256532130664,17.089207344090855,1.4497342633321573
2003,m,103,0.6935048957809492,0.5,0.5149460814919928,5.890692512367919,3.0333890265180825,4.373997999108878,8.249950811960192,1.4005061025743315
2003,m,104,0.7186511859180185,0.5,0.528682156534435,2.8573034858498367,1.51060536877245,2.102000801463612,3.875952812851313,1.3565072215976048
2003,m,105,0.7425003967439032,0.5,0.541476965783089,1.3466981170773866,0.7292060102608625,0.9820951119469554,1.7739520113877012,1.3172603339177038
2003,m,106,0.7649890803295119,0.5,0.5533396755681551,0.6174921068165241,0.341682882051752,0.4466506657906481,0.7918568994407458,1.2823757432676477
2003,m,107,0.7860795760840595,0.5,0.5642908284686715,0.2758092247647721,0.15563661594181527,0.19799091679386444,0.3452062336500976,1.2516123561295376
2003,m,108,0.8057579441946451,0.5,0.5743602692896782,0.12017260882295681,0.06902237196479663,0.0856614228405585,0.14721531685623315,1.2250322123997222
2003,m,109,0.8240313386135698,0.5,0.5835851233988925,0.05115023685816018,0.029850517288751984,0.03622497821378418,0.06155389401567465,1.203394114994303
2003,m,110,0.8409250414034087,0.5,1.0,0.021299719569408192,0.021299719569408192,0.025328915801890464,0.025328915801890464,1.189166632891694
2004,m,0,0.014067783573146985,0.08025793111032652,0.013888089302554757,100000.0,1388.8089302554872,98722.65400119436,7149921.333843932,71.49921333843932
2004,m,1,0.0005891112941731215,0.5,0.0005889378192126895,98611.19106974451,58.075859818578465,98582.15313983522,7051198.6798427375,71.50505539331385
2004,m,2,0.0002472141801233941,0.5,0.0002471836264746147,98553.11520992593,24.3607164179557,98540.93485171696,6952616.526702902,70.54689759824718
2004,m,3,0.0003923403582938345,0.5,0.0003922634079108319,98528.75449350798,38.64922501484398,98509.42988100056,6854075.591851185,69.56421632532458
2004,m,4,0.0002360523033523072,0.5,0.00023602444629520946,98490.10526849313,23.246072561552864,98478.48223221235,6755566.161970184,68.59131832130635
2004,m,5,0.00031535655028561176,0.5,0.00031530683324800446,98466.85919593158,31.047273552947445,98451.33555915511,6657087.679737972,67.60739333110594
2004,m,6,7.621997695107898e-05,0.5,7.621707231933123e-05,98435.81192237863,7.502489396094461,98432.0606776806,6558636.344178817,66.6285594245986
2004,m,7,0.0004387970364845564,0.5,0.0004387007861821163,98428.30943298254,43.18057673082512,98406.71914461712,6460204.283501137,65.63359993396752
2004,m,8,6.955781778081916e-05,0.5,6.955539871994425e-05,98385.12885625171,6.843216865701834,98381.70724781886,6361797.56435652,64.66218663647429
2004,m,9,0.00013449559361424678,0.5,0.00013448654969007993,98378.28563938601,13.230556200069259,98371.67036128597,6263415.857108701,63.66664977338379
2004,m,10,0.00013250029505344201,0.5,0.0001324915174708635,98365.05508318594,13.032535414080485,98358.53881547891,6165044.186747415,62.67514598079291
2004,m,11,0.00032517748439827074,0.5,0.00032512462279479256,98352.02254777186,31.976664231944596,98336.03421565589,6066685.647931936,61.683384751800155
2004,m,12,0.00025035939870002766,0.5,0.00025032806270839893,98320.04588353992,24.612266611424275,98307.7397502342,5968349.61371628,60.70328344624441
2004,m,13,0.00024804686070447224,0.5,0.0002480161008968564,98295.4336169285,24.378850181630696,98283.24419183767,5870041.873966046,59.71835779108974
2004,m,14,0.0003117981975892901,0.5,0.00031174959610820723,98271.05476674686,30.635961632666294,98255.73678593052,5771758.629774208,58.73304854083307
2004,m,15,0.00042651987832988505,0.5,0.00042642893812048333,98240.4188051142,41.89255747158313,98219.4725263784,5673502.892988278,57.75120833150323
2004,m,16,0.0005940441697879687,0.5,0.000593867777942413,98198.52624764261,58.316940579912625,98169.36777735266,5575283.4204619,56.775632318573024
2004,m,17,0.0004814105648828541,0.5,0.00048129471470261404,98140.2093070627,47.23436403929372,98116.59212504305,5477114.052684547,55.80907246231423
2004,m,18,0.0004849698697077561,0.5,0.000484852300329297,98092.97494302341,47.56060454726685,98069.19464074977,5378997.460559504,54.83570524478288
2004,m,19,0.0005992397876391065,0.5,0.0005990602972564509,98045.41433847614,58.7351150582399,98016.04678094701,5280928.265918754,53.86206281598985
2004,m,20,0.0006589663883438474,0.5,0.0006587493415066491,97986.6792234179,64.54866041484638,97954.40489321048,5182912.219137807,52.89404907089799
2004,m,21,0.0004758853365870411,0.5,0.0004757721300969062,97922.13056300305,46.58862064158893,97898.83625268226,5084957.814244597,51.9285863676438
2004,m,22,0.0005373201311580808,0.5,0.0005371758134688068,97875.54194236147,52.57637386159331,97849.25375543066,4987058.977991915,50.953066302598614
2004,m,23,0.0005442717367483007,0.5,0.0005441236611832618,97822.96556849987,53.22779017293942,97796.3516734134,4889209.724236485,49.98018303598503
2004,m,24,0.0007921083454697865,0.5,0.0007917947518543651,97769.73777832693,77.41356526305026,97731.03099569542,4791413.372563072,49.00712103193557
2004,m,25,0.0006181627595513289,0.5,0.0006179717559883256,97692.32421306388,60.37109714052349,97662.13866449363,4693682.341567376,48.04555915089708
2004,m,26,0.001265415531316838,0.5,0.0012646153993331086,97631.95311592336,123.46687137735717,97570.21968023467,4596020.202902882,47.074959131932914
2004,m,27,0.0012074910147784781,0.5,0.0012067624373784248,97508.486244546,117.66957852554333,97449.65145528322,4498449.983222648,46.13393312189032
2004,m,28,0.0012032102160428747,0.5,0.0012024867938453688,97390.81666602046,117.1111708827084,97332.2610805791,4401000.331767364,45.18906897412709
2004,m,29,0.0007771920835268065,0.5,0.0007768901870752243,97273.70549513775,75.57098725961987,97235.92000150794,4303668.0706867855,44.242871686448765
2004,m,30,0.001058180207609611,0.5,0.001057620631000169,97198.13450787813,102.79875235025247,97146.735131703,4206432.150685278,43.276881516119396
2004,m,31,0.0011296941883744986,0.5,0.0011290564441228624,97095.33575552788,109.62611452904821,97040.52269826335,4109285.4155535745,42.322171127768335
2004,m,32,0.0005365755545157358,0.5,0.0005364316364643379,96985.70964099883,52.02620293638029,96959.69653953065,4012244.8928553113,41.36944409343387
2004,m,33,0.0009580867267622252,0.5,0.0009576279814331317,96933.68343806245,92.82640760367212,96887.27023426062,3915285.1963157807,40.391379523068714
2004,m,34,0.0013558023549823264,0.5,0.0013548838776063334,96840.85703045878,131.20811588414654,96775.2529725167,3818397.92608152,39.4296172418274
2004,m,35,0.0015347310041116061,0.5,0.001533554207517225,96709.64891457463,148.3094890004577,96635.49417007441,3721622.6731090033,38.482433913046044
2004,m,36,0.0014762756762011892,0.5,0.0014751867850169023,96561.33942557417,142.44601186414366,96490.1164196421,3624987.178938929,37.54077149823436
2004,m,37,0.0014582758932563202,0.5,0.0014572133836819434,96418.89341371003,140.50290192227112,96348.6419627489,3528497.0625192868,36.59549428118163
2004,m,38,0.0019622918541279547,0.5,0.001960368446611018,96278.39051178776,188.74111884980812,96184.01995236285,3432148.420556538,35.648169878123646
2004,m,39,0.001827886665154793,0.5,0.0018262176057501822,96089.64939293795,175.48060945174075,96001.90908821208,3335964.400604175,34.71720858260671
2004,m,40,0.0020450860847249733,0.5,0.0020429970323240032,95914.16878348621,195.95236218249192,95816.19260239496,3239962.491515963,33.77981097693457
2004,m,41,0.0026598573752459574,0.5,0.0026563246528864435,95718.21642130372,254.2586580102361,95591.0870922986,3144146.298913568,32.84794072086141
2004,m,42,0.002889084105023404,0.5,0.002884916721501201,95463.95776329348,275.4055680520105,95326.25497926748,3048555.2118212692,31.93409621021871
2004,m,43,0.00280404865883003,0.5,0.0028001228185131244,95188.55219524147,266.5396370631206,95055.28237670992,2953228.956842002,31.025043334881563
2004,m,44,0.0021176204869139147,0.5,0.0021153807001597744,94922.01255817835,200.7961933859042,94821.6144614854,2858173.674465292,30.110757214650267
2004,m,45,0.0034926590230517653,0.5,0.0034865703224037413,94721.21636479245,330.252181879463,94556.09027385272,2763352.060003807,29.173528023136065
2004,m,46,0.004610040424968168,0.5,0.004599438625969229,94390.96418291298,434.1454466053692,94173.8914596103,2668795.969729954,28.273850074868392
2004,m,47,0.003534427589203638,0.5,0.0035281925187145543,93956.81873630761,331.49774494765734,93791.06986383378,2574622.0782703436,27.402184459821814
2004,m,48,0.005609348297578387,0.5,0.005593659904247824,93625.32099135996,523.7082040517125,93363.4668893341,2480831.0084065096,26.497436613706764
2004,m,49,0.006873100024089326,0.5,0.006849561164586666,93101.61278730824,637.7051913083269,92782.76019165409,2387467.5415171757,25.64367544278072
2004,m,50,0.007610142686013224,0.5,0.007581295316461685,92463.90759599992,700.9961895993038,92113.40950120027,2294684.7813255214,24.817086374411367
2004,m,51,0.008129100356574867,0.5,0.008096192973979031,91762.91140640061,742.9302386003546,91391.44628710044,2202571.3718243213,24.002849714189523
2004,m,52,0.006694903842066201,0.5,0.006672567742358819,91019.98116780026,607.3369902503764,90716.31267267506,2111179.9255372207,23.194686468294762
2004,m,53,0.009770554429950049,0.5,0.009723054612790227,90412.64417754988,879.0870770250913,89973.10063903734,2020463.6128645455,22.347135527823013
2004,m,54,0.008648691975173883,0.5,0.008611453072631952,89533.55710052479,771.0140253969876,89148.0500878263,1930490.5122255082,21.561642078601086
2004,m,55,0.009677737563860835,0.5,0.009631133771320197,88762.5430751278,854.8839262391266,88335.10111200824,1841342.462137682,20.744588858604317
2004,m,56,0.012848030903746279,0.5,0.012766021782556189,87907.65914888868,1122.2310915482376,87346.54360311455,1753007.3610256736,19.941463326382237
2004,m,57,0.013768554441609366,0.5,0.013674415971230815,86785.42805734044,1186.740043497397,86192.05803559173,1665660.817422559,19.19286284238907
2004,m,58,0.01397145316633691,0.5,0.013874529496802143,85598.68801384304,1187.6415217356262,85004.86725297524,1579468.7593869674,18.45202065633921
2004,m,59,0.015668607828862802,0.5,0.01554680939913028,84411.04649210742,1312.3224509939173,83754.88526661045,1494463.8921339922,17.70460092890481
2004,m,60,0.019378404571600682,0.5,0.019192445088776412,83098.7240411135,1594.867698106449,82301.29019206027,1410709.0068673817,16.976301659811607
2004,m,61,0.015466432243974251,0.5,0.015347744816324504,81503.85634300705,1250.9003886988503,80878.40614865762,1328407.7166753216,16.298709978638914
2004,m,62,0.01914247378191103,0.5,0.0189609936202834,80252.9559543082,1521.6757858585188,79492.11806137895,1247529.310526664,15.544963991568626
2004,m,63,0.022896112269764037,0.5,0.02263696304608916,78731.28016844968,1782.2370797444892,77840.16162857744,1168037.1924652848,14.835744953799917
2004,m,64,0.024340744422232073,0.5,0.024048070453849584,76949.04308870519,1850.4760095534875,76023.80508392846,1090197.0308367074,14.16777892325382
2004,m,65,0.026149419840438903,0.5,0.025811936261342653,75098.5670791517,1938.4394267652387,74129.34736576909,1014173.225752779,13.504561607465426
2004,m,66,0.029025395061400155,0.5,0.028610184113069533,73160.12765238647,2093.1247218704375,72113.56529145125,940043.87838701,12.849128460430535
2004,m,67,0.031139086256295655,0.5,0.030661697632622317,71067.00293051603,2179.0349555121647,69977.48545275995,867930.3130955587,12.212845305213667
2004,m,68,0.03342941570071333,0.5,0.03287983880098799,68887.96797500386,2265.025282345756,67755.45533383099,797952.8276427987,11.583341055035001
2004,m,69,0.03686682377656861,0.5,0.03619954269588777,66622.9426926581,2411.720058528561,65417.08266339383,730197.3723089676,10.960148903621393
2004,m,70,0.04190863298617005,0.5,0.041048489936477875,64211.222634129546,2635.77372610601,62893.33577107654,664780.2896455738,10.35302338710227
2004,m,71,0.046529571343756154,0.5,0.04547168239861271,61575.448908023536,2799.93925629765,60175.47927987471,601886.9538744973,9.774787915449025
2004,m,72,0.04906344358887063,0.5,0.04788865248890248,58775.509651725886,2814.6799565696347,57368.169673441065,541711.4745946226,9.216618925204262
2004,m,73,0.061574414568751526,0.5,0.0597353305644627,55960.82969515625,3342.8386605017586,54289.41036490537,484343.3049211816,8.655041527432973
2004,m,74,0.06259442942010507,0.5,0.06069484967794021,52617.99103465449,3193.64105620356,51021.17050655271,430053.8945562762,8.173134057380496
2004,m,75,0.0762558575666681,0.5,0.07345516429370945,49424.34997845093,3630.4737477769086,47609.11310456248,379032.7240497235,7.668947071938875
2004,m,76,0.07671781882584805,0.5,0.07388371990685129,45793.876230674025,3383.4219248761365,44102.165268235956,331423.61094516097,7.237291057776064
2004,m,77,0.0869122652587146,0.5,0.08329268719683344,42410.45430579789,3532.4807043684195,40644.21395361368,287321.445676925,6.77477877518623
2004,m,78,0.0917245718392769,0.5,0.08770234195663959,38877.97360142947,3409.689335373776,37173.128933742584,246677.2317233113,6.344909697511638
2004,m,79,0.10974967134069828,0.5,0.10404046776881812,35468.28426605569,3690.1368859978465,33623.21582305677,209504.10278956871,5.906801164049285
2004,m,80,0.12171650045041743,0.5,0.11473399054452219,31778.147380057846,3646.0336610259874,29955.130549544854,175880.88696651193,5.534648853598204
2004,m,81,0.13395145336599434,0.5,0.12554311219658315,28132.11371903186,3531.7931089554513,26366.21716455413,145925.75641696708,5.1871593394792015
2004,m,82,0.1472101267581333,0.5,0.1371175786883902,24600.320610076407,3373.136397011782,22913.752411570516,119559.53925241296,4.860080530960268
2004,m,83,0.16153637658192266,0.5,0.14946440719851598,21227.184213064626,3172.7085048994013,19640.829960614923,96645.78684084244,4.55292543140791
2004,m,84,0.1769675134360455,0.5,0.16258167597248752,18054.475708165224,2935.3269194380664,16586.812248446193,77004.95688022752,4.2651450047592165
2004,m,85,0.19353249772173958,0.5,0.17645737906572848,15119.148788727158,2667.885368963578,13785.206104245368,60418.144631781324,3.9961340070169236
2004,m,86,0.2112500552444358,0.5,0.19106844541928913,12451.26341976358,2379.0435451202884,11261.741647203435,46632.93852753595,3.74523748758834
2004,m,87,0.23012678037297382,0.5,0.20637999812233696,10072.219874643291,2078.704718816648,9032.867515234968,35371.196880332514,3.5117578171003925
2004,m,88,0.25015531101440835,0.5,0.22234492862773467,7993.515155826643,1777.317556806991,7104.856377423148,26338.329365097543,3.2949620850970645
2004,m,89,0.27131267469107456,0.5,0.23890385301352338,6216.197599019652,1485.0735574992077,5473.660820270048,19233.472987674395,3.0940897037616177
2004,m,90,0.2935589157649242,0.5,0.25598550248448226,4731.124041520445,1211.0991650850256,4125.5744589779315,13759.812167404345,2.9083600528432445
2004,m,91,0.3168361180444729,0.5,0.27350757835379286,3520.024876435419,962.7534796989603,3038.648136585939,9634.237708426414,2.7369800062841034
2004,m,92,0.34106793249973316,0.5,0.29137807388233233,2557.271396736459,745.1328139754512,2184.704989748733,6595.5895718404745,2.57915119226596
2004,m,93,0.3661597050188379,0.5,0.30949703373122295,1812.1385827610077,560.8515160744341,1531.7128247237906,4410.884582091741,2.434076854856893
2004,m,94,0.39199927344463337,0.5,0.3277586893913468,1251.2870666865736,410.12020902953407,1046.2269621718065,2879.1717573679507,2.300968206274232
2004,m,95,0.41845846721737334,0.5,0.3460538792703293,841.1668576570395,291.0890542058514,695.6223305541138,1832.9447951961442,2.1790501831010944
2004,m,96,0.44539529901193864,0.5,0.3642726386133976,550.0778034511881,200.37829290582619,449.888656998275,1137.3224646420304,2.067566546962029
2004,m,97,0.47265678944551653,0.5,0.3823068300162336,349.6995105453619,133.69251133482572,282.853254877949,687.4338076437555,1.9657843002745177
2004,m,98,0.500082318022456,0.5,0.4000526817997072,216.00699921053615,86.41417932168221,172.79990954969503,404.58055276580643,1.8729974225116324
2004,m,99,0.5275073512779891,0.5,0.41741310941094945,129.59281988885394,54.09374190713966,102.54594893528412,231.7806432161114,1.7885299773158687
2004,m,100,0.5547673676154922,0.5,0.43429971327157485,75.49907798171428,32.789227919726784,59.10446402185089,129.23469428082728,1.7117387090757274
2004,m,101,0.5817017815435898,0.5,0.4506343728017978,42.709850061987495,19.24652649514256,33.086586814416215,70.13023025897641,1.642015370159155
2004,m,102,0.6081576700710302,0.5,0.46635038751661645,23.463323566844934,10.942130037825892,17.99225854793199,37.04364344456019,1.578789268239264
2004,m,103,0.6339931209021201,0.5,0.48139314857814275,12.521193529019042,6.027616776890743,9.507385140573671,19.051384896628196,1.5215310627117793
2004,m,104,0.6590800536201582,0.5,0.4957203546563896,6.493576752128299,3.2189981705535264,4.884077666851536,9.543999756054525,1.4697600598817033
2004,m,105,0.6833064073012304,0.5,0.509301811706606,3.2745785815747728,1.66774880417168,2.440704179488933,4.65992208920299,1.423060089448821
2004,m,106,0.7065776359280104,0.5,0.5221188755487108,1.6068297774030929,0.8389561565758882,1.1873516991151487,2.2192179097140565,1.3811157478676341
2004,m,107,0.7288175012728338,0.5,0.5341636081803808,0.7678736208272047,0.4101701439275932,0.5627885488634081,1.031866210598908,1.3437969251858306
2004,m,108,0.749968196818416,0.5,0.5454377237424738,0.35770347689961146,0.19510497021489262,0.26015099179216516,0.4690776617354999,1.3113589663741103
2004,m,109,0.7699898721404663,0.5,0.5559513988731437,0.16259850668471884,0.09039686724605364,0.11740007306169202,0.20892666994333475,1.2849236699845403
2004,m,110,0.7888596528070685,0.5,1.0,0.0722016394386652,0.0722016394386652,0.09152659688164273,0.09152659688164273,1.2676526127830374
2005,m,0,0.013406668958404951,0.0784834994843589,0.01324305803935323,100000.0,1324.30580393532,98779.63034994497,7164785.565921324,71.64785565921325
2005,m,1,0.0007559848803023939,0.5,0.0007556992317057811,98675.69419606468,74.56914629200764,98638.40962291867,7066005.935571379,71.60837319807962
2005,m,2,0.0004236211132762857,0.5,0.0004235314048536699,98601.12504977267,41.760673012482584,98580.24471326644,6967367.52594846,70.66215038044867
2005,m,3,0.00024927295388450354,0.5,0.0002492418892535205,98559.36437676019,24.565122180894832,98547.08181566975,6868787.281235194,69.69187884550541
2005,m,4,0.00039663652229097253,0.5,0.0003965578776222389,98534.7992545793,39.074750864339876,98515.26187914712,6770240.1994195245,68.70912865948611
2005,m,5,0.0001595405232929164,0.5,0.0001595277977187525,98495.72450371496,15.712806014795206,98487.86810070756,6671724.9375403775,67.73618825747853
2005,m,6,0.0,0.5,0.0,98480.01169770016,0.0,98480.01169770016,6573237.06943967,66.74691600989297
2005,m,7,0.0001547628259692022,0.5,0.00015475085112968121,98480.01169770016,15.239865629482665,98472.39176488543,6474757.05774197,65.74691600989297
2005,m,8,0.00022298201278430206,0.5,0.00022295715506670134,98464.77183207068,21.95342540196725,98453.7951193697,6376284.665977084,64.75701458844271
2005,m,9,0.00014141271300289896,0.5,0.00014140271493212668,98442.81840666871,13.920081788266543,98435.85836577458,6277830.870857715,63.771344344530085
2005,m,10,0.0002737101409607226,0.5,0.0002736726874657909,98428.89832488044,26.937301128869876,98415.42967431601,6179395.0124919405,62.78029234967003
2005,m,11,0.0003376325207644,0.5,0.0003375755325254026,98401.96102375157,33.21809439413482,98385.3519765545,6080979.582817624,61.79734143052129
2005,m,12,0.0003318070210365651,0.5,0.0003317519822180937,98368.74292935744,32.63402545511781,98352.42591662987,5982594.2308410695,60.8180409008318
2005,m,13,0.00025550942190993294,0.5,0.0002554767835472951,98336.10890390232,25.122592809333582,98323.54760749766,5884241.80492444,59.8380581712333
2005,m,14,0.0003164757263117919,0.5,0.0003164256557921716,98310.98631109299,31.10811831506726,98295.43225193545,5785918.257316942,58.85322154136586
2005,m,15,0.0005091325653917138,0.5,0.0005090029903925686,98279.87819277792,50.024751895543886,98254.86581683015,5687622.8250650065,57.87169184223674
2005,m,16,0.0004978839930296241,0.5,0.0004977600796416127,98229.85344088238,48.894899671926396,98205.40599104641,5589367.959248177,56.900909076607995
2005,m,17,0.0004249635745507528,0.5,0.0004248732967133016,98180.95854121045,41.714467529876856,98160.10130744551,5491162.55325713,55.92899717873778
2005,m,18,0.0006144770800049158,0.5,0.0006142883469500583,98139.24407368057,60.28579401294701,98109.1011766741,5393002.451949685,54.95255748964959
2005,m,19,0.0004331683168316832,0.5,0.00043307451975129147,98078.95827966763,42.47549775466905,98057.72053079029,5294893.35077301,53.98602762148907
2005,m,20,0.0004282917278511992,0.5,0.00042820003058571647,98036.48278191296,41.979224925729795,98015.49316945008,5196835.63024222,53.00920109305471
2005,m,21,0.0006722072842825715,0.5,0.0006719814288768748,97994.50355698723,65.85048652230762,97961.57831372607,5098820.13707277,52.03169516653174
2005,m,22,0.00042421671413853703,0.5,0.00042412675330970345,97928.65307046492,41.534161682764534,97907.88598962354,5000858.558759044,51.06634679393229
2005,m,23,0.0006690183675951831,0.5,0.0006687946496428029,97887.11890878215,65.4663813951338,97854.38571808458,4902950.672769421,50.08780243433584
2005,m,24,0.0009243852837862821,0.5,0.0009239582370876837,97821.65252738702,90.38312161821523,97776.46096657791,4805096.287051336,49.12098868607907
2005,m,25,0.0008674639073052853,0.5,0.0008670878236095627,97731.2694057688,84.74159368764958,97688.89860892498,4707319.826084758,48.165953995138615
2005,m,26,0.0010068592284941161,0.5,0.0010063526007925026,97646.52781208116,98.26683722205053,97597.39439347014,4609630.927475833,47.20732043178205
2005,m,27,0.0006432109088570142,0.5,0.0006430041152263374,97548.2609748591,62.72393324000586,97516.8990082391,4512033.533082363,46.25437181545696
2005,m,28,0.0012269146325713548,0.5,0.0012261624342551063,97485.5370416191,119.53310340362077,97425.77048991728,4414516.6340741245,45.28381099433707
2005,m,29,0.0007722504665679902,0.5,0.0007719523962688968,97366.00393821548,75.16192005523772,97328.42297818785,4317090.863584207,44.33879063501115
2005,m,30,0.0012489318346151318,0.5,0.001248152405977993,97290.84201816024,121.43379854458908,97230.12511888795,4219762.440606019,43.37265823866918
2005,m,31,0.0007384037054440491,0.5,0.0007381311860426103,97169.40821961565,71.72377053620585,97133.54633434754,4122532.3154871315,42.42623672431621
2005,m,32,0.0008763651071861939,0.5,0.0008759812674775109,97097.68444907945,85.055752692846,97055.15657273302,4025398.769152784,41.457206647021614
2005,m,33,0.0009517982187776192,0.5,0.0009513454743136724,97012.6286963866,92.29252526158234,96966.48243375581,3928343.6125800507,40.49311584860053
2005,m,34,0.0006927126627874758,0.5,0.0006924728204417977,96920.33617112502,67.11469854658935,96886.77882185172,3831377.130146295,39.53119934893248
2005,m,35,0.0010979961570134504,0.5,0.0010973936899862824,96853.22147257843,106.28611409885343,96800.078415529,3734490.3513244432,38.55824612278664
2005,m,36,0.0012843044477490874,0.5,0.0012834802580470833,96746.93535847958,124.17278155915847,96684.8489677,3637690.2729089144,37.600056884800146
2005,m,37,0.0013568521031207597,0.5,0.0013559322033898304,96622.76257692042,131.01391535853327,96557.25561924116,3541005.4239412146,36.6477352696499
2005,m,38,0.0010702341137123746,0.5,0.0010696617194812142,96491.74866156188,103.21352978907817,96440.14189666734,3444448.168321973,35.69681569771459
2005,m,39,0.0019162151447072817,0.5,0.0019143809618114005,96388.5351317728,184.52437659315183,96296.27294347623,3348008.0264253058,34.73450469859556
2005,m,40,0.0015809235228245835,0.5,0.0015796748502599882,96204.01075517965,151.97105628410645,96128.02522703761,3251711.7534818295,33.80016828775256
2005,m,41,0.0017964071856287425,0.5,0.0017947950942267424,96052.03969889555,172.39372964204813,95965.84283407452,3155583.728254792,32.85285495390762
2005,m,42,0.0019270474879559533,0.5,0.0019251925192519251,95879.6459692535,184.5867771685298,95787.35258066923,3059617.8854207173,31.911026104558935
2005,m,43,0.0025630368523136605,0.5,0.002559756477221627,95695.05919208497,244.9560476050392,95572.58116828246,2963830.532840048,30.971615022368773
2005,m,44,0.003024600080656002,0.5,0.003020032884802523,95450.10314447993,288.2624503541301,95305.97191930286,2868257.9516717657,30.049815109473172
2005,m,45,0.003662759722962174,0.5,0.0036560640808322533,95161.8406941258,347.9177876276808,94987.88180031197,2772951.979752463,29.13932685124735
2005,m,46,0.0043257857384251435,0.5,0.004316449720105213,94813.92290649812,409.2595309918397,94609.2931410022,2677964.0979521507,28.244418286468928
2005,m,47,0.0036135542374036954,0.5,0.0036070371252594686,94404.66337550628,340.52112559307716,94234.40281270974,2583354.8048111484,27.36469484071495
2005,m,48,0.005329324952172725,0.5,0.005315161839863714,94064.1422499132,499.96613938624796,93814.15918022007,2489120.401998439,26.461947586629226
2005,m,49,0.00502408809359945,0.5,0.005011498987402602,93564.17611052695,468.89677383506205,93329.72772360942,2395306.2428182187,25.600676908528044
2005,m,50,0.00643198008161007,0.5,0.006411361207817724,93095.27933669189,596.867462570226,92796.84560540678,2301976.5150946095,24.72710250719797
2005,m,51,0.007308074357882787,0.5,0.007281467604538547,92498.41187412167,673.5241895326762,92161.64977935533,2209179.6694892026,23.883433506897497
2005,m,52,0.010796319107311065,0.5,0.010738351771107347,91824.88768458899,986.0479452995496,91331.86371193922,2117018.0197098474,23.0549480984026
2005,m,53,0.010236525785188057,0.5,0.010184399351901859,90838.83973928944,925.139020568342,90376.27022900527,2025686.1559979082,22.29978015804359
2005,m,54,0.01065820519079001,0.5,0.01060170760328572,89913.7007187211,953.2387645492272,89437.08133644648,1935309.885768903,21.524082206594667
2005,m,55,0.012012506170807964,0.5,0.011940786783348327,88960.46195417187,1062.25790834293,88429.3330000004,1845872.8044324564,20.749361726374136
2005,m,56,0.011889704022261574,0.5,0.011819439205331322,87898.20404582894,1038.9074789774895,87378.7503063402,1757443.471432456,19.994077131725565
2005,m,57,0.012175754367390153,0.5,0.012102078400420943,86859.29656685145,1051.1780168574478,86333.70755842273,1670064.7211261159,19.227242070061514
2005,m,58,0.014234141309953584,0.5,0.01413355182302335,85808.118549994,1212.773490362466,85201.73180481276,1583731.013567693,18.456657019521653
2005,m,59,0.01782449725776965,0.5,0.01766704416761042,84595.34505963154,1494.5496975427523,83848.07021086017,1498529.2817628803,17.714086758633847
2005,m,60,0.015208690680388794,0.5,0.015093911365828747,83100.79536208879,1254.3160396252351,82473.63734227617,1414681.2115520202,17.023678358166574
2005,m,61,0.01688878676470588,0.5,0.01674736542295642,81846.47932246355,1370.7128977957473,81161.12287356568,1332207.574209744,16.276907513162964
2005,m,62,0.02093470634830825,0.5,0.020717845344084218,80475.7664246678,1667.28448273291,79642.12418330135,1251046.4513361785,15.545629534417232
2005,m,63,0.020808561236623068,0.5,0.02059429243895263,78808.4819419349,1623.0049237821222,77996.97948004384,1171404.327152877,14.863937209397756
2005,m,64,0.022265246853823813,0.5,0.022020105313547148,77185.47701815277,1699.6323326160928,76335.66085184473,1093407.3476728334,14.165972536720629
2005,m,65,0.02594142259414226,0.5,0.02560925237505163,75485.84468553668,1933.1360472958622,74519.27666188875,1017071.6868209885,13.47367431679363
2005,m,66,0.03016393442622951,0.5,0.029715762273901807,73552.70863824082,2185.674804495531,72459.87123599305,942552.4101590998,12.814652615920892
2005,m,67,0.0348040559057276,0.5,0.03420875420875421,71367.03383374528,2441.3773190264474,70146.34517423206,870092.5389231069,12.191799100829256
2005,m,68,0.03134962805526036,0.5,0.03086581218938007,68925.65651471884,2127.446369013036,67861.93333021231,799946.1937488748,11.605927809741631
2005,m,69,0.03554313099041533,0.5,0.034922503433392184,66798.2101457058,2332.760723157866,65631.82978412686,732084.2604186625,10.959638870888599
2005,m,70,0.043645876359631006,0.5,0.042713737115138456,64465.449422547936,2753.560259643971,63088.66929272595,666452.4306345356,10.338133629786377
2005,m,71,0.04708070978820836,0.5,0.04599790283117791,61711.889162903964,2838.617481243673,60292.58042228213,603363.7613418096,9.777107288825336
2005,m,72,0.04900579301706592,0.5,0.04783372812714908,58873.27168166029,2816.1280715763205,57465.20764587213,543071.1809195275,9.22440974328764
2005,m,73,0.060014461315979754,0.5,0.05826605826605826,56057.14361008397,3266.2287958139495,54424.029212176996,485605.97327365546,8.662695635214297
2005,m,74,0.06365740740740741,0.5,0.06169377453729669,52790.91481427002,3256.8707961692126,51162.479416185415,431181.9440614785,8.167730102394907
2005,m,75,0.07124518613607189,0.5,0.06879454601797334,49534.04401810081,3407.6720706595515,47830.20798277103,380019.4646452931,7.671884502432827
2005,m,76,0.08598409542743539,0.5,0.08243983797950917,46126.37194744126,3802.6506299296307,44225.04663247644,332189.25666252204,7.201720894958646
2005,m,77,0.08517520215633423,0.5,0.08169596690796277,42323.72131751163,3457.677336177265,40594.882649422994,287964.2100300456,6.80384902522499
2005,m,78,0.09359165424739195,0.5,0.08940774487471527,38866.04398133436,3474.9253445726063,37128.58130904806,247369.3273806226,6.3646644227393745
2005,m,79,0.1045774647887324,0.5,0.09938096034800067,35391.118636761756,3517.2033579114104,33632.51695780605,210240.74607157454,5.940494513027105
2005,m,80,0.11787282143125356,0.5,0.11131246431652624,31873.915278850345,3547.9640571050077,30099.933250297843,176608.2291137685,5.5408388824750165
2005,m,81,0.1308148463839527,0.5,0.12278386984767713,28325.951221745338,3477.969908122428,26586.966267684125,146508.29586347064,5.172228629377812
2005,m,82,0.1449443745122258,0.5,0.13514977473034664,24847.98131362291,3358.199077039997,23168.881775102913,119921.32959578653,4.8262000877326665
2005,m,83,0.1603185619459258,0.5,0.1484212233972729,21489.782236582912,3189.5397700946196,19895.012351535603,96752.44782068362,4.502253524746196
2005,m,84,0.1769859411669264,0.5,0.16259722933447784,18300.242466488293,2975.5687212001467,16812.458105888218,76857.43546914803,4.199804216249628
2005,m,85,0.19498375147415725,0.5,0.17766304770429905,15324.673745288146,2722.6282426619473,13963.359623957173,60044.97736325981,3.9181896046381897
2005,m,86,0.21433513446450753,0.5,0.19358870401190664,12602.045502626199,2439.6136567524827,11382.238674249958,46081.61773930264,3.656677618700827
2005,m,87,0.23504631075937155,0.5,0.21032791099484022,10162.431845873716,2137.443060770056,9093.710315488688,34699.37906505268,3.4144759434860834
2005,m,88,0.2571038865153143,0.5,0.22781750370582232,8024.98878510366,1828.2329122895353,7110.8723289588925,25605.66874956399,3.1907419979320553
2005,m,89,0.28047246599870135,0.5,0.24597750701267274,6196.755872814125,1524.2625611609574,5434.624592233646,18494.796420605097,2.984593358235053
2005,m,90,0.30509276486709,0.5,0.26471191920528325,4672.493311653167,1236.8646720015595,4054.0609756523877,13060.17182837145,2.795118357002132
2005,m,91,0.3308804227317987,0.5,0.2839102508261714,3435.628639651608,975.4101888290661,2947.923545237075,9006.110852719063,2.621386592478846
2005,m,92,0.3577256986181495,0.5,0.30344980234792424,2460.218450822542,746.5528026348165,2086.9420495051336,6058.187307481989,2.4624590980758287
2005,m,93,0.3854941962529707,0.5,0.32319860334054723,1713.6656481877253,553.8543440869462,1436.7384761442522,3971.2452579768556,2.317397948763586
2005,m,94,0.414028707494268,0.5,0.34301887646069024,1159.8113041007791,397.8371704390572,960.8927188812505,2534.5067818326033,2.185275115763463
2005,m,95,0.4431521848706387,0.5,0.3627708397494714,761.9741336617219,276.42199633583874,623.7631354938026,1573.614062951353,2.065180422056109
2005,m,96,0.4726717649101557,0.5,0.38231662739702954,485.55213732588317,185.63465556785098,392.7348095419577,949.8509274575503,1.9562284962614598
2005,m,97,0.5023836725467449,0.5,0.40152409725040694,299.9174817580322,120.42409611250926,239.70543370177757,557.1161179155926,1.8575646696215709
2005,m,98,0.5320787549334457,0.5,0.4202703047026127,179.49338564552292,75.43573987734747,141.77551570684918,317.410684213815,1.7683698096856981
2005,m,99,0.5615483317617913,0.5,0.438444455487254,104.05764576817545,45.623497838113245,81.24589684911882,175.63516850696578,1.6878641373287853
2005,m,100,0.5905900176055212,0.5,0.45595019944638154,58.4341479300622,26.643061403191222,45.11261722846659,94.38927165784696,1.6153101397288825
2005,m,101,0.6190131746189144,0.5,0.4727071865218741,31.79108652687098,15.027875068590642,24.27714899257566,49.27665442938038,1.5500147938551883
2005,m,102,0.6466436906990616,0.5,0.4886518672472022,16.763211458280338,8.191374580148382,12.667524168206146,24.999505436804718,1.491331508823507
2005,m,103,0.6733278434612697,0.5,0.5037375757022632,8.571836878131956,4.317956328305447,6.412858713979232,12.331981268598572,1.4386626161843221
2005,m,104,0.6989350946398902,0.5,0.517933977758844,4.253880549826508,2.203229274082622,3.1522659127851975,5.91912255461934,1.3914642137426136
2005,m,105,0.7233597513344854,0.5,0.5312259983133177,2.0506512757438866,1.0893592711495248,1.505971640169124,2.766856641834142,1.3492575137283873
2005,m,106,0.7465215184899465,0.5,0.5436123572775707,0.9612920045943618,0.5225702126496223,0.7000068982695506,1.260885001665018,1.3116565992838731
2005,m,107,0.7683650417094464,0.5,0.5551038465902505,0.4387217919447394,0.24353615429149242,0.3169537147989932,0.5608781033954672,1.2784368447011503
2005,m,108,0.7888585947193975,0.5,0.5657214720122938,0.195185637653247,0.1104207062488531,0.13997528452882047,0.243924388596474,1.2497045967583578
2005,m,109,0.8079920989159615,0.5,0.5754945672588543,0.08476493140439391,0.04878175751729814,0.060374052645744844,0.10394910406765354,1.226322045513567
2005,m,110,0.8257746741063884,0.5,1.0,0.03598317388709577,0.03598317388709577,0.0435750514219087,0.0435750514219087,1.210984099363606
2006,m,0,0.013133539003966506,0.0777504186866461,0.012976364080677321,100000.0,1297.6364080677304,98803.25536596257,7169567.28889366,71.6956728889366
2006,m,1,0.00078064012490242,0.5,0.0007803355442840423,98702.36359193227,77.02096261562838,98663.85311062445,7070764.033527697,71.63723112812718
2006,m,2,0.00016957775139901646,0.5,0.00016956337431114882,98625.34262931664,16.723245888817473,98616.98100637223,6972100.180417073,70.69278538906285
2006,m,3,0.0005119890775663453,0.5,0.0005118580447022692,98608.61938342782,50.47361510839255,98583.38257587363,6873483.199410701,69.70468953311256
2006,m,4,8.375910880308233e-05,0.5,8.37556011558273e-05,98558.14576831943,8.254796747627552,98554.01836994561,6774899.816834828,68.74013065100252
2006,m,5,0.00016038492381716118,0.5,0.0001603720631865929,98549.8909715718,15.804649341924232,98541.98864690083,6676345.798464882,67.7458466229128
2006,m,6,8.078849571820973e-05,0.5,8.07852324595064e-05,98534.08632222988,7.960099068717682,98530.10627269553,6577803.809817981,66.75663270786313
2006,m,7,8.10898475510866e-05,0.5,8.108655990269614e-05,98526.12622316116,7.989144635968842,98522.13165084318,6479273.703545285,65.76198569778096
2006,m,8,0.000156998194520763,0.5,0.00015698587127158556,98518.1370785252,15.46595558532863,98510.40410073253,6380751.571894443,64.76727799682793
2006,m,9,0.00015093200513168818,0.5,0.00015092061575611228,98502.67112293986,14.866083779503242,98495.2380810501,6282241.16779371,63.777368635546225
2006,m,10,0.00021559468199784405,0.5,0.00021557144396938885,98487.80503916036,21.231158345675794,98477.18945998752,6183745.92971266,62.78691993647235
2006,m,11,0.00027837706173011343,0.5,0.0002783383202282374,98466.57388081469,27.407020772618125,98452.87037042837,6085268.740252672,61.80035011290599
2006,m,12,0.0001375894331315355,0.5,0.00013757996835660725,98439.16686004207,13.54325746165705,98432.39523131124,5986815.869882244,60.81741709978228
2006,m,13,0.00020301820396562224,0.5,0.0002029975978617586,98425.62360258041,19.980165159373428,98415.63352000073,5888383.4746509325,59.82571670997833
2006,m,14,0.0001954524724737768,0.5,0.000195433373505749,98405.64343742104,19.231746868987102,98396.02756398654,5789967.841130932,58.83776213315386
2006,m,15,0.0001937108542648673,0.5,0.00019369209413435775,98386.41169055205,19.056670114703593,98376.8833554947,5691571.8135669455,57.84916550741022
2006,m,16,0.0005195142541723489,0.5,0.0005193793416866844,98367.35502043735,51.08997209397785,98341.81003439036,5593194.930211451,56.8602757393383
2006,m,17,0.00044475506703094223,0.5,0.00044465618548515163,98316.26504834337,43.71693538755062,98294.4065806496,5494853.12017706,55.88956331361012
2006,m,18,0.0003098853424233034,0.5,0.00030983733539891554,98272.54811295582,30.448504450178007,98257.32386073073,5396558.713596411,54.914203581996595
2006,m,19,0.0007530120481927711,0.5,0.0007527286413248024,98242.09960850564,73.94964215920481,98205.12478742603,5298301.38973568,53.93106835917992
2006,m,20,0.00037895534642834586,0.5,0.0003788835564536499,98168.14996634643,37.19429778972699,98149.55281745156,5200096.264948254,52.97131775154088
2006,m,21,0.0010616374195965778,0.5,0.0010610741815685173,98130.95566855671,104.12422347255051,98078.89355682043,5101946.712130803,51.991205806279304
2006,m,22,0.00043621860783947156,0.5,0.0004361234852496807,98026.83144508416,42.75180337781785,98005.45554339525,5003867.818573982,51.045899829754376
2006,m,23,0.0009878372538124345,0.5,0.0009873495834618947,97984.07964170634,96.74454022014106,97935.70737159628,4905862.363030587,50.067953701964825
2006,m,24,0.000867571419718659,0.5,0.000867195242814668,97887.3351014862,84.88743133180833,97844.89138582029,4807926.655658991,49.116942969938854
2006,m,25,0.0006897416603962879,0.5,0.000689503870624001,97802.44767015439,67.43516622508469,97768.73008704185,4710081.76427317,48.15913994461827
2006,m,26,0.0008198789101917255,0.5,0.0008195429472025216,97735.0125039293,80.09804019234434,97694.96348383313,4612313.0341861285,47.192023779612214
2006,m,27,0.0007039098995328598,0.5,0.0007036622421237806,97654.91446373696,68.7160760659608,97620.55642570398,4514618.070702296,46.230321284841715
2006,m,28,0.0005880815473078934,0.5,0.0005879086781853219,97586.198387671,57.37177290323598,97557.51250121937,4416997.514276592,45.262522644130726
2006,m,29,0.0007872982548222018,0.5,0.0007869884575026234,97528.82661476776,76.75406081959954,97490.44958435796,4319440.001775373,44.288854400318655
2006,m,30,0.0003920543648719289,0.5,0.00039197752662180704,97452.07255394816,38.199022363856784,97432.97304276624,4221949.552191014,43.32334286532284
2006,m,31,0.0008006405124099279,0.5,0.0008003201280512203,97413.87353158431,77.96228373875783,97374.89238971492,4124516.579148248,42.34013523557262
2006,m,32,0.0006810597289382278,0.5,0.0006808278867102396,97335.91124784555,66.2690027558856,97302.7767464676,4027141.686758533,41.37364755854865
2006,m,33,0.0010937927262783702,0.5,0.0010931948619841486,97269.64224508966,106.33467312937137,97216.47490852498,3929838.9100120654,40.40149443656919
2006,m,34,0.0012400110223201985,0.5,0.0012392426850258177,97163.3075719603,120.40891816146905,97103.10311287956,3832622.4351035403,39.4451622827378
2006,m,35,0.001051156271899089,0.5,0.00105060409735598,97042.89865379882,101.95366694498807,96991.92182032633,3735519.3319906606,38.49348467338296
2006,m,36,0.0009029031809973607,0.5,0.0009024957478565725,96940.94498685384,87.488790643838,96897.20059153192,3638527.4101703344,37.53344276418757
2006,m,37,0.0012993229843397387,0.5,0.0012984794122672134,96853.45619621,125.76221887770225,96790.57508677115,3541630.2095788023,36.56689547974428
2006,m,38,0.0016451878256100905,0.5,0.0016438356164383563,96727.6939773323,159.0044284558826,96648.19176310435,3444839.6344920313,35.613788490598296
2006,m,39,0.0017565193892717201,0.5,0.0017549780627742152,96568.68954887641,169.4759317091375,96483.95158302184,3348191.442728927,34.671604827300705
2006,m,40,0.0020690115464192752,0.5,0.0020668733540020667,96399.21361716728,199.24496597207326,96299.59113418125,3251707.491145905,33.731680675938875
2006,m,41,0.0019950788056128216,0.5,0.0019930906191868193,96199.9686511952,191.73525508477178,96104.10102365282,3155407.900011724,32.80050860985931
2006,m,42,0.002214467856663535,0.5,0.002212018634581225,96008.23339611043,212.3720013454149,95902.04739543772,3059303.7989880713,31.865015017680896
2006,m,43,0.0029838317951564777,0.5,0.002979386800623593,95795.86139476502,285.41292499392875,95653.15493226805,2963401.7515926333,30.934548825452445
2006,m,44,0.002653260717776847,0.5,0.002649745484973154,95510.44846977109,253.07837960054167,95383.90927997082,2867748.5966603654,30.025496085572286
2006,m,45,0.003995936335929563,0.5,0.003987968501808104,95257.37009017055,379.8833914846764,95067.4283944282,2772364.6873803944,29.103938989246462
2006,m,46,0.004225635522167818,0.5,0.004216726347846458,94877.48669868587,400.0723979797913,94677.45049969597,2677297.2589859664,28.218467332388233
2006,m,47,0.003946383615703885,0.5,0.003938611978812984,94477.41430070608,372.1098756920401,94291.35936286006,2582619.8084862703,27.335843466949846
2006,m,48,0.005970354103760637,0.5,0.005952584584858541,94105.30442501404,560.1697844737646,93825.21953277715,2488328.44912341,26.441957383031323
2006,m,49,0.006740027510316369,0.5,0.006717389814243608,93545.13464054027,628.3791346064099,93230.94507323706,2394503.229590633,25.5973037912857
2006,m,50,0.0074192206351407575,0.5,0.007391799937825982,92916.75550593386,686.8220675717603,92573.34447214799,2301272.284517396,24.767032296671527
2006,m,51,0.007382129674768438,0.5,0.007354981959478212,92229.9334383621,678.349496563038,91890.75869008058,2208698.940045248,23.947745137660068
2006,m,52,0.008509116910976045,0.5,0.008473067748940865,91551.58394179906,775.722773261703,91163.7225551682,2116808.181355167,23.12148070208003
2006,m,53,0.012002341920374707,0.5,0.011930743489014987,90775.86116853736,1083.0235145962652,90234.34941123924,2025644.4587999987,22.31479198020631
2006,m,54,0.011591478696741854,0.5,0.011524684628562529,89692.8376539411,1033.6816674025322,89175.99682023983,1935410.1093887596,21.578201337057575
2006,m,55,0.012246239829045779,0.5,0.012171710983131152,88659.15598653856,1079.133622676498,88119.58917520032,1846234.1125685198,20.823953172403762
2006,m,56,0.010213401976251764,0.5,0.010161510182163658,87580.02236386207,889.9452890045068,87135.04971935981,1758114.5233933195,20.074378561916948
2006,m,57,0.013553831727900435,0.5,0.013462596841793321,86690.07707485756,1167.0735578427993,86106.54029593617,1670979.4736739597,19.275325735736235
2006,m,58,0.015372240593439985,0.5,0.015254988913525499,85523.00351701476,1304.652470503468,84870.67728176303,1584872.9333780236,18.531539681750232
2006,m,59,0.015350877192982455,0.5,0.015233949945593035,84218.35104651129,1282.9781443429383,83576.86197433982,1500002.2560962606,17.810871828490846
2006,m,60,0.01715544221629767,0.5,0.01700953913343294,82935.37290216835,1410.6924709252926,82230.0266667057,1416425.394121921,17.078664320865293
2006,m,61,0.017882025081281932,0.5,0.017723558522269534,81524.68043124306,1444.907444632452,80802.22670892684,1334195.3674552152,16.365539372833968
2006,m,62,0.02106002106002106,0.5,0.020840569642236885,80079.77298661061,1668.9080858619855,79245.31894367962,1253393.1407462885,15.65180686708311
2006,m,63,0.01913324112494237,0.5,0.01895193515241466,78410.86490074862,1486.0376268437394,77667.84608732676,1174147.821802609,14.974300095896517
2006,m,64,0.024806389157792836,0.5,0.024502480129086235,76924.82727390488,1884.8490517122555,75982.40274804876,1096479.9757152821,14.253915342715885
2006,m,65,0.02601585728444004,0.5,0.02568179038767274,75039.97822219263,1927.1609913978755,74076.39772649368,1020497.5729672334,13.599385249627208
2006,m,66,0.029101178781925342,0.5,0.02868381240544629,73112.81723079475,2097.154333881801,72064.24006385385,946421.1752407397,12.944668405447683
2006,m,67,0.02957860615883306,0.5,0.029147534438011574,71015.66289691295,2069.9314799259882,69980.69715694996,874356.9351768859,12.31217029468712
2006,m,68,0.03552724699221514,0.5,0.034907169181559,68945.73141698696,2406.700310919099,67742.38126152742,804376.2380199359,11.66680259224507
2006,m,69,0.03177646897685248,0.5,0.031279493056491844,66539.03110606787,2081.307161467943,65498.3775253339,736633.8567584085,11.070703082288087
2006,m,70,0.04421110804089527,0.5,0.04325493376588267,64457.72394459992,2788.114579923218,63063.66665463831,671135.4792330746,10.41202571486858
2006,m,71,0.045284646348476135,0.5,0.04428199901595557,61669.609364676704,2730.8535812009723,60304.182574076214,608071.8125784362,9.860153466882982
2006,m,72,0.05135906292236071,0.5,0.05007320644216691,58938.75578347573,2951.2524857904427,57463.129540580514,547767.63000436,9.293844478439668
2006,m,73,0.05628703094140882,0.5,0.0547462782135425,55987.50329768529,3065.10743201671,54454.949581676934,490304.50046377943,8.757391767531278
2006,m,74,0.06116970278044104,0.5,0.05935435854498093,52922.39586566858,3141.174859270308,51351.808436033425,435849.5508821025,8.235635287344268
2006,m,75,0.0699401691768104,0.5,0.0675769959134855,49781.22100639827,3364.065368517695,48099.188322139424,384497.7424460691,7.7237507371836145
2006,m,76,0.07510335323840148,0.5,0.07238516878804649,46417.155637880576,3359.9136455090047,44737.198815126074,336398.55412392964,7.2472892727058476
2006,m,77,0.08948364422816978,0.5,0.08565144261870876,43057.24199237157,3687.914891829467,41213.28454645684,291661.35530880356,6.773804865636239
2006,m,78,0.10182998819362456,0.5,0.0968965033000983,39369.327100542105,3814.7501333203327,37461.95203388194,250448.07076234673,6.361502448917856
2006,m,79,0.10891740704179007,0.5,0.1032922452800749,35554.57696722177,3672.51208492757,33718.32092475799,212986.1187284648,5.990399461785735
2006,m,80,0.11967156923867144,0.5,0.11291519967091336,31882.064882294202,3599.969722105263,30082.08002124157,179267.7978037068,5.622841508714942
2006,m,81,0.13150677264104874,0.5,0.12339324869055418,28282.09516018894,3489.8196015911126,26537.185359393385,149185.71778246525,5.274917467658666
2006,m,82,0.14432056023812523,0.5,0.13460726247207977,24792.275558597827,3337.220343396304,23123.665386899673,122648.53242307185,4.947046193205852
2006,m,83,0.15815553499599944,0.5,0.14656546521452876,21455.055215201523,3144.5701488194136,19882.770140791814,99524.86703617219,4.638760704081338
2006,m,84,0.17304855288978926,0.5,0.15926800407626768,18310.48506638211,2916.274410190985,16852.347861286617,79642.09689538038,4.349535067293361
2006,m,85,0.18902909650195251,0.5,0.17270587842255658,15394.210656191124,2658.6706739993697,14064.87531919144,62789.749034093766,4.078789776002024
2006,m,86,0.20611756552731636,0.5,0.1868600012511565,12735.539982191754,2379.763017006506,11545.658473688502,48724.87371490232,3.8258977462310075
2006,m,87,0.22432353962592447,0.5,0.2017004591550113,10355.776965185249,2088.764968784755,9311.394480792871,37179.21524121382,3.590190805210021
2006,m,88,0.24364408411220456,0.5,0.21718603751593957,8267.011996400493,1795.4795775949597,7369.272207603013,27867.820760420946,3.3709665321103635
2006,m,89,0.2640621826509514,0.5,0.23326407258105034,6471.532418805534,1509.5760078508738,5716.744414880097,20498.54855281793,3.167495305014851
2006,m,90,0.2855453917095027,0.5,0.2498706809720593,4961.95641095466,1239.8474273589163,4342.032697275202,14781.804137937834,2.979027406468868
2006,m,91,0.30804481708139053,0.5,0.2669313999464922,3722.1089835957437,993.5477617446268,3225.3351027234303,10439.771440662633,2.8048000439195335
2006,m,92,0.33149451149265075,0.5,0.2843622490712397,2728.561221851117,775.8998057741533,2340.61131896404,7214.436337939202,2.6440441505082912
2006,m,93,0.3558113826190804,0.5,0.3020711974177712,1952.6614160769636,589.8427721058492,1657.740030024039,4873.825018975162,2.495990845544039
2006,m,94,0.3808956819508184,0.5,0.3199599922317693,1362.8186439711144,436.0474427383082,1144.7949226019603,3216.084988951123,2.3598774519108274
2006,m,95,0.40663211699513646,0.5,0.3379262780743138,926.7712012328062,313.18034265906306,770.1810299032747,2071.2900663491623,2.23495298903753
2006,m,96,0.43289159366157937,0.5,0.355865912636135,613.5908585737432,218.35607087153477,504.4128231379758,1301.1090364458876,2.1204830845593774
2006,m,97,0.4595335549184552,0.5,0.37367536946141877,395.2347877022084,147.68950531862814,321.39003504289434,796.6962133079118,2.0157542759322755
2006,m,98,0.48640883960447234,0.5,0.3912541106327858,247.54528238358026,96.85310930032952,199.11872773341548,475.3061782650174,1.9200777073526027
2006,m,99,0.5133629459447062,0.5,0.4085068149612166,150.69217308325074,61.558779665823124,119.91278325033917,276.18745053160194,1.8327922736837874
2006,m,100,0.540239552252983,0.5,0.4253453590814576,89.13339341742761,37.912475229284574,70.17715580278532,156.27466728126274,1.7532673366243394
2006,m,101,0.5668841263049846,0.5,0.4416904686079548,51.22091818814304,22.623791357050614,39.90902250961773,86.09751147847743,1.6809052731586498
2006,m,102,0.5931474475199277,0.5,0.45747298179068885,28.597126831092424,13.082412882066365,22.055920390059242,46.1884889688597,1.615144389912659
2006,m,103,0.6188888733129896,0.5,0.47263469604960573,15.51471394902606,7.332792111594509,11.848317893228806,24.132568578800463,1.5554633271414837
2006,m,104,0.6439792018715674,0.5,0.4871287954275285,8.18192183743155,3.9856497289502224,6.18909697295644,12.284250685571656,1.5013893959940223
2006,m,105,0.6683030155964167,0.5,0.5009198818051317,4.196272108481328,2.1019961286026376,3.1452740441800096,6.095153712615216,1.4525163180662066
2006,m,106,0.6917604287398633,0.5,0.5139836527455811,2.0942759798786907,1.0764236179953806,1.5560641708810006,2.949879668435207,1.408543905758818
2006,m,107,0.7142682049728966,0.5,0.5263062829710514,1.0178523618833102,0.5357020931961105,0.7500013152852549,1.393815497554206,1.3693690261476226
2006,m,108,0.7357602513970061,0.5,0.5378835744260065,0.4821502686871997,0.2593407099319304,0.35247991372123444,0.6438141822689512,1.335297777644987
2006,m,109,0.7561875312192144,0.5,0.5487199420604815,0.22280955875526925,0.12226004817071279,0.16167953466991286,0.2913342685477167,1.307548339376741
2006,m,110,0.7755174653269639,0.5,1.0,0.10054951058455647,0.10054951058455647,0.12965473387780385,0.12965473387780385,1.2894616107432122
2007,m,0,0.011142061281337047,0.07240529247910864,0.011028082551433832,100000.0,1102.8082551433909,98977.04089911864,7173384.791280212,71.73384791280212
2007,m,1,0.0005330964015992892,0.5,0.0005329543435779002,98897.19174485661,52.70768790808506,98870.83790090257,7074407.7503810935,71.53294876797162
2007,m,2,0.00017508535411012868,0.5,0.00017507002801120448,98844.48405694852,17.304706592607545,98835.83170365222,6975536.912480191,70.57082627353577
2007,m,3,0.0002566735112936345,0.5,0.00025664057487488775,98827.17935035592,25.36306412173144,98814.49781829506,6876701.080776539,69.58309572306713
2007,m,4,0.00017183606839075522,0.5,0.00017182130584192438,98801.81628623419,16.97625709384738,98793.32815768727,6777886.582958244,68.60082979975127
2007,m,5,0.00025316455696202533,0.5,0.00025313251487153526,98784.84002914034,25.005654987762682,98772.33720164646,6679093.254800556,67.61253298411279
2007,m,6,0.00016210082671421625,0.5,0.00016208768943998706,98759.83437415258,16.007753363184747,98751.83049747098,6580320.91759891,66.62952564976264
2007,m,7,8.179290037624735e-05,0.5,8.178955547376601e-05,98743.82662078939,8.076213685097173,98739.78851394684,6481569.087101439,65.64024616944324
2007,m,8,8.218952905399852e-05,0.5,8.218615163344976e-05,98735.7504071043,8.11471135460306,98731.69305142699,6382829.298587492,64.64557439701426
2007,m,9,0.0001592356687898089,0.5,0.0001592229918000159,98727.63569574969,15.719709528828389,98719.77584098527,6284097.605536065,63.650846708229246
2007,m,10,0.00030648992414374375,0.5,0.00030644296330345516,98711.91598622086,30.249572048182017,98696.79120019678,6185377.8296950795,62.6609033762296
2007,m,11,7.30246823426318e-05,0.5,7.302201613786556e-05,98681.66641417268,7.205934237412293,98678.06344705398,6086681.038494883,61.67995798681317
2007,m,12,0.00028302554305526076,0.5,0.00028298549699327913,98674.46047993527,27.923441239458043,98660.49875931554,5988002.97504783,60.684425796941106
2007,m,13,7.007217433956976e-05,0.5,7.006971937077392e-05,98646.53703869581,6.9121351671929006,98643.08097111221,5889342.476288514,59.70146193756723
2007,m,14,0.0005520287054926856,0.5,0.0005518763796909492,98639.62490352862,54.43687908582797,98612.40646398571,5790699.395317402,58.7056104580772
2007,m,15,0.0007973951757591866,0.5,0.0007970773829292594,98585.18802444279,78.58002366610162,98545.89801260974,5692086.988853416,57.73775049698282
2007,m,16,0.00026345254561022194,0.5,0.00026341784655910434,98506.60800077669,25.9483985514089,98493.63380150098,5593541.090840806,56.78340980735732
2007,m,17,0.0005300119252683185,0.5,0.0005298715061597563,98480.65960222528,52.18209543103876,98454.56855450975,5495047.457039305,55.798239768442194
2007,m,18,0.00038900414937759333,0.5,0.0003889285019770532,98428.47750679424,38.28164030860353,98409.33668663993,5396592.888484796,54.827556264011946
2007,m,19,0.0005062650297430705,0.5,0.0005061369100341643,98390.19586648564,49.7989097135287,98365.29641162886,5298183.5517981555,53.848694020161616
2007,m,20,0.0007045862157314885,0.5,0.0007043380822794942,98340.3969567721,69.26488660313771,98305.76451347054,5199818.255386527,52.87570943680685
2007,m,21,0.0010957138253303255,0.5,0.0010951138596321706,98271.13207016897,107.61807873178623,98217.32303080308,5101512.490873056,51.91262564504092
2007,m,22,0.0007648183556405354,0.5,0.0007645259938837922,98163.51399143718,75.04855809742003,98125.98971238847,5003295.167842253,50.96899004938527
2007,m,23,0.0008896797153024911,0.5,0.0008892841262783458,98088.46543333976,87.22851528086176,98044.85117569932,4905169.178129865,50.00760442585763
2007,m,24,0.0012583364791745313,0.5,0.0012575452716297787,98001.2369180589,123.24099210018176,97939.61642200881,4807124.3269541655,49.05166993936529
2007,m,25,0.0008836710219024174,0.5,0.0008832807570977918,97877.99592595872,86.4537503446918,97834.76905078637,4709184.710532157,48.11280273959114
2007,m,26,0.0010209290454313426,0.5,0.0010204081632653062,97791.54217561403,99.78728793430491,97741.64853164688,4611349.9414813705,47.154895391672106
2007,m,27,0.0012832028743744385,0.5,0.0012823800974608873,97691.75488767972,125.2779621539812,97629.11590660273,4513608.292949724,46.20255105601499
2007,m,28,0.0007806909114566391,0.5,0.000780386291214151,97566.47692552574,76.13954107473546,97528.40715498838,4415979.177043121,45.261234352183465
2007,m,29,0.0009958175662218682,0.5,0.0009953219866626853,97490.337384451,97.03427628590725,97441.82024630805,4318450.769888133,44.29619268685487
2007,m,30,0.0011325028312570782,0.5,0.0011318619128466328,97393.3031081651,110.23577035445487,97338.18522298787,4221008.949641825,43.339827430988436
2007,m,31,0.0012604484542921587,0.5,0.0012596545894520503,97283.06733781064,122.54306224804895,97221.79580668663,4123670.7644188367,42.38837114479125
2007,m,32,0.000948252506095909,0.5,0.0009478031277503217,97160.5242755626,92.08904880224145,97114.47975116147,4026448.96861215,41.44120257309959
2007,m,33,0.0016580310880829016,0.5,0.0016566576931041626,97068.43522676035,160.80916997599707,96988.03064177235,3929334.4888609885,40.480043586586305
2007,m,34,0.0010402219140083217,0.5,0.0010396811644429042,96907.62605678436,100.7530335021147,96857.2495400333,3832346.458219216,39.54638674126224
2007,m,35,0.0008372871895060006,0.5,0.000836936811270749,96806.87302328224,81.02123561719782,96766.36240547364,3735489.208679183,38.587024784705015
2007,m,36,0.0009218550560204226,0.5,0.000921430343410001,96725.85178766504,89.12613482933375,96681.28872025038,3638722.846273709,37.61892791868633
2007,m,37,0.0013353011455478248,0.5,0.0013344102257962565,96636.72565283571,128.95303489861544,96572.2491353864,3542041.5575534585,36.65316196947864
2007,m,38,0.001383508577753182,0.5,0.001382552191345223,96507.7726179371,133.42703251476632,96441.05910167971,3445469.3084180723,35.70146958067595
2007,m,39,0.0015935702903069355,0.5,0.001592301568070892,96374.34558542233,153.45702159746725,96297.61707462359,3349028.2493163925,34.7502048286071
2007,m,40,0.0020475020475020475,0.5,0.0020454080589077522,96220.88856382486,196.81098090371233,96122.483073373,3252730.6322417688,33.80482846075756
2007,m,41,0.0020895119978430843,0.5,0.002087331246002087,96024.07758292115,200.43405750735838,95923.86055416748,3156608.149168396,32.87309004809259
2007,m,42,0.0027529711945209158,0.5,0.002749186978241191,95823.64352541379,263.4371129876963,95691.92496891995,3060684.2886142284,31.94080475350002
2007,m,43,0.002437703141928494,0.5,0.002434735560665494,95560.2064124261,232.66383273687097,95443.87449605766,2964992.363645308,31.027479690120863
2007,m,44,0.003291086058399272,0.5,0.003285679331678842,95327.54257968922,313.2157363938313,95170.9347114923,2869548.4891492506,30.10198743716116
2007,m,45,0.002815315315315315,0.5,0.0028113578858588698,95014.32684329539,267.1192770404741,94880.76720477515,2774377.5544377584,29.19957070277902
2007,m,46,0.0042997542997543,0.5,0.00429053018694453,94747.20756625492,406.5157541917142,94543.94968915905,2679496.7872329834,28.28048294045249
2007,m,47,0.003986217147490034,0.5,0.003978287987593135,94340.6918120632,375.31444097716303,94153.03459157463,2584952.837543824,27.400189545920735
2007,m,48,0.0047286184210526315,0.5,0.004717464875397395,93965.37737108604,443.27836725155066,93743.73818746026,2490799.8029522495,26.507633690605388
2007,m,49,0.005739178536855207,0.5,0.005722756575998897,93522.09900383449,535.2042070754105,93254.49690029678,2397056.0647647893,25.630905318608256
2007,m,50,0.005682605682605682,0.5,0.005666505424642389,92986.89479675908,526.9107437864877,92723.43942486584,2303801.5678644925,24.775551145136077
2007,m,51,0.006843097549053837,0.5,0.006819763395963814,92459.98405297259,630.5552148358547,92144.70644555466,2211078.1284396267,23.91389259999056
2007,m,52,0.007367904006736369,0.5,0.007340860628517495,91829.42883813674,674.107038697126,91492.37531878817,2118933.421994072,23.074666245926593
2007,m,53,0.007795582503248159,0.5,0.007765314926660914,91155.32179943961,707.8497810137633,90801.39690893273,2027441.046675284,22.2416092297504
2007,m,54,0.00996972158629348,0.5,0.009920270419223281,90447.47201842585,897.2633811579144,89998.84032784689,1936639.649766351,21.411760954157142
2007,m,55,0.011626987265680613,0.5,0.011559784531907365,89550.20863726793,1035.181116634165,89032.61807895085,1846640.8094385043,20.621289861182873
2007,m,56,0.012121212121212121,0.5,0.012048192771084336,88515.02752063377,1066.4461147064285,87981.80446328055,1757608.1913595535,19.856607861866582
2007,m,57,0.013768785156577952,0.5,0.013674643542066206,87448.58140592734,1195.8281789854082,86850.66731643464,1669626.386896273,19.09266405530398
2007,m,58,0.013651287368239156,0.5,0.013558740238565174,86252.75322694193,1169.4786758651753,85668.01388900934,1582775.7195798382,18.350437062749226
2007,m,59,0.016299918500407497,0.5,0.016168148746968473,85083.27455107676,1375.6390388209693,84395.45503166626,1497107.7056908289,17.595793222463396
2007,m,60,0.015878056525881232,0.5,0.015752993068683052,83707.63551225579,1318.6458020204154,83048.31261124558,1412712.2506591626,16.87674298782845
2007,m,61,0.01825247291568535,0.5,0.01808740299900811,82388.98971023537,1490.2028595701559,81643.8882804503,1329663.938047917,16.13885475139805
2007,m,62,0.019276253547776727,0.5,0.01909224011713031,80898.78685066522,1544.5390637374367,80126.5173187965,1248020.0497674667,15.42693158144935
2007,m,63,0.02181948253249076,0.5,0.021584006604941915,79354.24778692778,1712.782608363239,78497.85648274617,1167893.5324486701,14.717467117633747
2007,m,64,0.024209660359619228,0.5,0.02392011147236414,77641.46517856454,1857.1925019489427,76712.86892759007,1089395.675965924,14.031106618872608
2007,m,65,0.023933531746031748,0.5,0.023650511610808164,75784.2726766156,1792.336820854951,74888.10426618812,1012682.807038334,13.362704044935867
2007,m,66,0.02922119171642739,0.5,0.028800400701227146,73991.93585576065,2130.9974013054016,72926.43715510794,937794.7027721459,12.674282567768955
2007,m,67,0.03133291219204043,0.5,0.030849608160218932,71860.93845445524,2216.8817933455575,70752.49755778247,864868.2656170379,12.035304356137555
2007,m,68,0.033973823447507656,0.5,0.033406352683461114,69644.05666110969,2326.553919127982,68480.77970154569,794115.7680592554,11.402491556794995
2007,m,69,0.04197133664814273,0.5,0.04110864427415312,67317.5027419817,2767.3312736444495,65933.83710515947,725634.9883577097,10.779291548276294
2007,m,70,0.042616875712656786,0.5,0.04172772311771684,64550.171468337256,2693.531682231922,63203.40562722129,659701.1512525503,10.219975195203668
2007,m,71,0.04727587200922456,0.5,0.04618417347226133,61856.639786105334,2856.7977822926696,60428.240894959,596497.745625329,9.643229048457275
2007,m,72,0.05780871670702179,0.5,0.05618473304897779,58999.842003812664,3314.890372916081,57342.39681735462,536069.50473037,9.085948140263296
2007,m,73,0.06175771971496437,0.5,0.05990783410138248,55684.95163089658,3335.9648442472608,54016.96920877295,478727.1079130154,8.597064267671833
2007,m,74,0.06549074397485155,0.5,0.06341422169611904,52348.98678664932,3319.670253655786,50689.15165982143,424710.1387042425,8.113053657278373
2007,m,75,0.07985182136242025,0.5,0.07678606768256481,49029.31653299354,3764.7684177323317,47146.93232412737,374020.987044421,7.628517252381629
2007,m,76,0.07481186365648516,0.5,0.07211435886494559,45264.548115261205,3264.223866643544,43632.43618193943,326874.0547202937,7.221414292879822
2007,m,77,0.08932570291117194,0.5,0.08550672859354531,42000.32424861766,3591.3103263674493,40204.66908543394,283241.61853835423,6.743795996948201
2007,m,78,0.09144717372003551,0.5,0.08744870524975237,38409.01392225021,3358.8185374204913,36729.604653539966,243036.9494529203,6.327601899514786
2007,m,79,0.10795825179386823,0.5,0.10242921244004331,35050.19538482972,3590.163909137751,33255.11343026084,206307.34479938034,5.886054058593734
2007,m,80,0.11446117310654204,0.5,0.10826509804233199,31460.03147569197,3406.0233921306426,29757.019779626648,173052.23136911952,5.50070115164477
2007,m,81,0.12846113509083046,0.5,0.1207079922418677,28054.008083561326,3386.3429901038144,26360.836588509417,143295.21158949286,5.107833831182892
2007,m,82,0.14389520942544934,0.5,0.1342371668100442,24667.665093457512,3311.3174739647584,23012.006356475133,116934.37500098345,4.740390894637101
2007,m,83,0.16084140781771714,0.5,0.14886923883984113,21356.347619492753,3179.30321451294,19766.696012236283,93922.36864450831,4.397866635153559
2007,m,84,0.17936519168741058,0.5,0.16460315358944871,18177.044404979813,2991.9988319951226,16681.044988982252,74155.67263227204,4.079633133973982
2007,m,85,0.19951510637370387,0.5,0.18141735493932604,15185.04557298469,2754.830802484006,13807.630171742687,57474.62764328979,3.784949302064747
2007,m,86,0.221318180154604,0.5,0.1992674279010315,12430.214770500685,2476.9369255750807,11191.746307713143,43666.9974715471,3.512972082765406
2007,m,87,0.24477532589139617,0.5,0.21808447648915272,9953.277844925604,2170.655388161683,8867.950150844763,32475.251163833964,3.2627694785382233
2007,m,88,0.2698570529242206,0.5,0.23777449119676328,7782.622456763921,1850.5090948335455,6857.367909347148,23607.301012989203,3.033334990119168
2007,m,89,0.29649985329347667,0.5,0.25821891768750405,5932.1133619303755,1531.7838919172427,5166.221415971754,16749.933103642055,2.823603003127951
2007,m,90,0.32460365633752897,0.5,0.27927656007299767,4400.329470013133,1228.9088775731043,3785.8750312265806,11583.711687670302,2.6324646294350615
2007,m,91,0.35403073612161823,0.5,0.30078684249034177,3171.4205924400285,953.921586208885,2694.459799335586,7797.836656443722,2.458783510150642
2007,m,92,0.38460639685553333,0.5,0.32257432284229,2217.4990062311435,715.3082403384619,1859.8448860619126,5103.376857108136,2.3014111134966524
2007,m,93,0.41612164866154205,0.5,0.3444542197550862,1502.1907658926816,517.4359481888589,1243.4727917982523,3243.531971046224,2.1592011112641507
2007,m,94,0.44833792517266796,0.5,0.366238598490075,984.7548177038227,360.6552242921973,804.427205557724,2000.0591792479718,2.0310224873147202
2007,m,95,0.4809937013899466,0.5,0.3877427831602117,624.0995934116254,241.99011331858014,503.1045367523353,1195.6319736902478,1.915771114597839
2007,m,96,0.5138126702098498,0.5,0.4087915351042903,382.10948009304525,156.20312094513824,304.0079196204761,692.5274369379125,1.8123796268265293
2007,m,97,0.5465129595268386,0.5,0.42922456568089473,225.906359147907,96.9645588898126,177.4240797030007,388.5195173174364,1.7198255010743728
2007,m,98,0.5788167483959682,0.5,0.4489010308747172,128.94180025809442,57.88210705870047,100.00074672874419,211.0954376144357,1.6371373533788087
2007,m,99,0.6104595922988701,0.5,0.46770277088355633,71.05969319939395,33.23481540749196,54.442285495647965,111.0946908856915,1.5633995290967426
2007,m,100,0.6411988029275345,0.5,0.4855361907758118,37.82487779190199,18.365347079640692,28.642204252081644,56.65240539004355,1.4977551468037362
2007,m,101,0.6708203406206007,0.5,0.5023328079527256,19.459530712261298,9.77516070413252,14.571950360195038,28.010201137961904,1.439407843495059
2007,m,102,0.6991438475376831,0.5,0.5180486013559322,9.684370008128777,5.016974337724451,7.175882839266551,13.438250777766866,1.3876226090584303
2007,m,103,0.7260256480400853,0.5,0.5326623750308964,4.667395670404326,2.4861460630064913,3.42432263890108,6.262367938500315,1.3417263889174025
2007,m,104,0.7513597387774801,0.5,0.5461733906968734,2.1812496073978345,1.1913404940286991,1.585579360383485,2.8380452995992353,1.3011098271256256
2007,m,105,0.7750769582846148,0.5,0.5585985325349108,0.9899091133691352,0.5529617780709335,0.7134282243336685,1.2524659392157504,1.265233264650942
2007,m,106,0.7971426469297108,0.5,0.5699692490153808,0.4369473352982017,0.24904654455918782,0.31242406301860776,0.5390377148820819,1.2336445867422603
2007,m,107,0.8175531757810587,0.5,0.5803284799084037,0.18790079073901386,0.10904418026315899,0.13337870060743437,0.2266136518634741,1.2060281969660827
2007,m,108,0.8363317398726547,0.5,0.5897277304453845,0.07885661047585488,0.04650392992654163,0.05560464551258407,0.09323495125603973,1.1823352626167891
2007,m,109,0.8535237868051935,0.5,0.5982244064352441,0.03235268054931325,0.019354163118201984,0.022675598990212258,0.037630305743455654,1.1631279110272807
2007,m,110,0.8691923984595771,0.5,1.0,0.012998517431111264,0.012998517431111264,0.014954706753243398,0.014954706753243398,1.1504932645203136
2008,m,0,0.010901540058833708,0.07175973351790968,0.010792329792318702,100000.0,1079.2329792318633,98998.21249176156,7236353.481714263,72.36353481714262
2008,m,1,0.0007910001757778168,0.5,0.0007906874588183615,98920.76702076814,78.21540990001813,98881.65931581813,7137355.269222501,72.15224349932541
2008,m,2,8.961376467425397e-05,0.5,8.960974954075004e-05,98842.55161086812,8.857256293820683,98838.12298272121,7038473.609906683,71.20894286113082
2008,m,3,0.00035335689045936394,0.5,0.00035329447094152973,98833.6943545743,34.917397758195875,98816.2356556952,6939635.486923962,70.21527963962805
2008,m,4,0.00034548281223009154,0.5,0.0003454231433506045,98798.7769568161,34.12738409562735,98781.71326476829,6840819.251268267,69.23991836719108
2008,m,5,0.0,0.5,0.0,98764.64957272047,0.0,98764.64957272047,6742037.538003499,68.26367093055225
2008,m,6,0.00025523226135783564,0.5,0.0002551996937603675,98764.64957272047,25.204708325312822,98752.04721855783,6643272.888430778,67.26367093055225
2008,m,7,8.192692118630181e-05,0.5,8.192356531356245e-05,98739.44486439516,8.089087360378471,98735.40032071498,6544520.8412122205,66.2807133481478
2008,m,8,8.280887711162637e-05,0.5,8.28054485985178e-05,98731.35577703478,8.175494205861469,98727.26802993185,6445785.440891505,65.28610278023565
2008,m,9,8.336112037345781e-05,0.5,8.33576459800775e-05,98723.18028282892,8.229331912050839,98719.06561687289,6347058.172861573,64.29146786679772
2008,m,10,8.082114281095935e-05,0.5,8.081787691437345e-05,98714.95095091687,7.977932755558868,98710.96198453908,6248339.1072447,63.29678581668449
2008,m,11,0.0,0.5,0.0,98706.97301816131,0.0,98706.97301816131,6149628.145260161,62.30186132978343
2008,m,12,0.00037102997922232116,0.5,0.0003709611603665097,98706.97301816131,36.61645324708661,98688.66479153777,6050921.172242,61.301861329783435
2008,m,13,0.00014394702749388226,0.5,0.0001439366678661389,98670.35656491423,14.202282341124373,98663.25542374366,5952232.507450462,60.32442482899663
2008,m,14,7.139797229758674e-05,0.5,7.139542355335023e-05,98656.1542825731,7.043597921147011,98652.63248361253,5853569.252026719,59.33303699697029
2008,m,15,0.00028149190710767064,0.5,0.00028145229383619476,98649.11068465195,27.76501848710177,98635.22817540841,5754916.619543106,58.337237706477055
2008,m,16,0.000407221392697163,0.5,0.000407138494944697,98621.34566616485,40.152546243945835,98601.26939304288,5656281.391367698,57.353520712588114
2008,m,17,0.0006046761623219565,0.5,0.0006044934009470398,98581.1931199209,59.5916806984751,98551.39727957167,5557680.121974655,56.37667739742116
2008,m,18,0.0005406866720735334,0.5,0.0005405405405405405,98521.60143922243,53.25491969687573,98494.97397937399,5459128.724695084,55.4104749105484
2008,m,19,0.0003973246804847361,0.5,0.00039724576271186443,98468.34651952556,39.11613341611519,98448.7884528175,5360633.750715709,54.44017230098136
2008,m,20,0.0004522840343735866,0.5,0.0004521817770743839,98429.23038610944,44.507904312049504,98406.97643395342,5262184.962262892,53.461608321236085
2008,m,21,0.0007848780168748774,0.5,0.0007845701209545604,98384.72248179739,77.1897136176267,98346.12762498859,5163777.985828939,52.48556742927555
2008,m,22,0.0011852242049120959,0.5,0.0011845222426954463,98307.53276817976,116.44745918842091,98249.30903858555,5065431.85820395,51.526385777057484
2008,m,23,0.0005203590477429426,0.5,0.0005202236961893614,98191.08530899134,51.08132933228626,98165.5446443252,4967182.549165364,50.586899345642735
2008,m,24,0.0009724473257698541,0.5,0.000971974728657055,98140.00397965906,95.38960373852751,98092.3091777898,4869017.004521039,49.61296929975888
2008,m,25,0.0009623404118816963,0.5,0.0009618775850460098,98044.61437592053,94.30691690267122,97997.4609174692,4770924.6953432495,48.66075230864465
2008,m,26,0.0007077140835102619,0.5,0.0007074637424831977,97950.30745901786,69.29629109233792,97915.6593134717,4672927.23442578,47.70712165840746
2008,m,27,0.0010392309690828788,0.5,0.001038691249026227,97881.01116792552,101.66814974596491,97830.17709305254,4575011.575112308,46.74054262949305
2008,m,28,0.00084867476171824,0.5,0.0008483147900420894,97779.34301817956,82.94766284292564,97737.8691867581,4477181.398019256,45.78862221631863
2008,m,29,0.0007279465290185957,0.5,0.0007276816723447888,97696.39535533663,71.09187635422859,97660.84941715951,4379443.528832498,44.827073843449355
2008,m,30,0.0007419398354242547,0.5,0.0007416647001314769,97625.3034789824,72.40524142998038,97589.10085826741,4281782.679415339,43.859353331866025
2008,m,31,0.0012861301022134976,0.5,0.0012853035684085913,97552.89823755242,125.38508821332653,97490.20569344575,4184193.5785570713,42.89153530188394
2008,m,32,0.0008084074373484236,0.5,0.0008080808080808081,97427.5131493391,78.72930355502467,97388.14849756157,4086703.3728636256,41.94609141464418
2008,m,33,0.0006876633200385092,0.5,0.000687426960885406,97348.78384578407,66.92017862500506,97315.32375647157,3989315.224366064,40.97961029164753
2008,m,34,0.0014019346698443853,0.5,0.0014009526478005047,97281.86366715906,136.28728448748006,97213.72002491532,3891999.9006095924,40.0074562091626
2008,m,35,0.0011257299655245197,0.5,0.0011250966879966246,97145.57638267158,109.29816624167142,97090.92729955075,3794786.180584677,39.062881933361766
2008,m,36,0.0015571913929784825,0.5,0.0015559799137138412,97036.27821642991,150.98649980631308,96960.78496652676,3697695.2532851263,38.10631777362462
2008,m,37,0.0017230239069567091,0.5,0.0017215407789972028,96885.2917166236,166.79198057520262,96801.89572633599,3600734.4683185997,37.164923638257314
2008,m,38,0.0008530603540200469,0.5,0.0008526966531656362,96718.4997360484,82.47154102413333,96677.26396553633,3503932.5725922636,36.22815265078287
2008,m,39,0.0018904915277972274,0.5,0.001888706236228184,96636.02819502426,182.51706909626955,96544.76966047613,3407255.308626727,35.25864392678098
2008,m,40,0.00224011200560028,0.5,0.0022376057618348367,96453.511125928,215.8249322445772,96345.5986598057,3310710.538966251,34.32441702038038
2008,m,41,0.002275234418091561,0.5,0.002272649013463724,96237.68619368342,218.71448258610326,96128.32895239037,3214364.9403064456,33.40027246537668
2008,m,42,0.001566650773108099,0.5,0.0015654245363280585,96018.97171109731,150.31045426953642,95943.81648396255,3118236.6113540553,32.47521355192421
2008,m,43,0.002169344451223646,0.5,0.0021669939730480123,95868.66125682778,207.74681114772102,95764.78785125392,3022292.794870093,31.525346815613794
2008,m,44,0.002665937521361679,0.5,0.0026623886404751338,95660.91444568006,254.68653195764637,95533.57117970123,2926528.007018839,30.592724562346035
2008,m,45,0.003249735075944896,0.5,0.0032444632529270703,95406.22791372241,309.54200056644913,95251.45691343918,2830994.435839138,29.673056966461957
2008,m,46,0.0032644950677737563,0.5,0.003259175286949129,95096.68591315596,309.93676859891275,94941.7175288565,2735742.978925699,28.768015968758675
2008,m,47,0.004266446462978255,0.5,0.004257364554006729,94786.74914455705,403.5417459975579,94584.97827155827,2640801.2613968425,27.860447638829964
2008,m,48,0.005448848930663397,0.5,0.005434044287460942,94383.20739855949,512.8825289963861,94126.7661340613,2546216.283125284,26.977429071393747
2008,m,49,0.0054546709935786785,0.5,0.005439834739197796,93870.3248695631,510.6390542052395,93615.00534246048,2452089.5169912227,26.122094713089655
2008,m,50,0.006481287894626803,0.5,0.006460352193393769,93359.68581535787,603.136451031809,93058.11758984196,2358474.511648762,25.262237025017793
2008,m,51,0.007464248343215905,0.5,0.007436494422629183,92756.54936432606,689.7835620101396,92411.65758332098,2265416.39405892,24.423249997807634
2008,m,52,0.007040270346381301,0.5,0.007015574575557738,92066.76580231592,645.9012614165549,91743.81517160764,2173004.736475599,23.602488015506434
2008,m,53,0.008990513945915334,0.5,0.008950280136720815,91420.86454089936,818.242347982261,91011.74336690822,2081260.9213039912,22.76571034146027
2008,m,54,0.008289100559877844,0.5,0.008254887762490948,90602.6221929171,747.9144771899009,90228.66495432216,1990249.177937083,21.966794445521817
2008,m,55,0.00967982129560685,0.5,0.00963319748054835,89854.7077157272,865.5881439825462,89421.91364373593,1900020.5129827608,21.145475415643713
2008,m,56,0.010869565217391304,0.5,0.010810810810810811,88989.11957174465,962.0445359107543,88508.09730378928,1810598.5993390249,20.34629186188641
2008,m,57,0.011760752688172043,0.5,0.011691999331885753,88027.0750358339,1029.212502506838,87512.46878458047,1722090.5020352355,19.56319122649719
2008,m,58,0.011378109875180436,0.5,0.011313745356298546,86997.86253332706,984.2716632443335,86505.7267017049,1634578.033250655,18.78871486784497
2008,m,59,0.013987236646560014,0.5,0.013890094626269642,86013.59087008273,1194.7369163306867,85416.22241191738,1548072.30654895,17.997996489731495
2008,m,60,0.016539557107415236,0.5,0.01640390048300374,84818.85395375204,1391.3600393397792,84123.17393408215,1462656.0841370327,17.244468841026244
2008,m,61,0.017498658078368222,0.5,0.017346884478263182,83427.49391441226,1447.2070992443187,82703.8903647901,1378532.9102029507,16.523724320631985
2008,m,62,0.017942583732057416,0.5,0.01778304682868998,81980.28681516794,1457.859279463577,81251.35717543616,1295829.0198381606,15.80659290397124
2008,m,63,0.022294528802120992,0.5,0.022048745605148683,80522.42753570437,1775.4185202437657,79634.71827558248,1214577.6626627245,15.083718907060643
2008,m,64,0.021559074299634592,0.5,0.02132915587154305,78747.0090154606,1679.607229708563,77907.20540060633,1134942.944387142,14.412521295435054
2008,m,65,0.026331609955512807,0.5,0.025989438082240555,77067.40178575204,2002.9384668699495,76065.93255231707,1057035.7389865357,13.715730834226163
2008,m,66,0.028353464717101082,0.5,0.02795712405190247,75064.46331888209,2098.586512895461,74015.17006243436,980969.8064342185,13.068365016705055
2008,m,67,0.027788649706457925,0.5,0.027407836325033776,72965.87680598663,1999.8368088110583,71965.9584015811,906954.6363717841,12.429846334655041
2008,m,68,0.03760282021151586,0.5,0.03690888119953864,70966.03999717557,2619.277139457452,69656.40142744684,834988.6779702031,11.766031724518312
2008,m,69,0.03498416354736539,0.5,0.034382737884683406,68346.76285771812,2349.9488326035353,67171.78844141634,765332.2765427562,11.197783838511825
2008,m,70,0.047401310775796374,0.5,0.04630387850815157,65996.81402511458,3055.9084585439778,64468.859795842596,698160.4881013399,10.578699872325053
2008,m,71,0.039732142857142855,0.5,0.03895819654191289,62940.905566570604,2452.0641695884406,61714.87348177638,633691.6283054973,10.068041166571106
2008,m,72,0.04984141368373358,0.5,0.04862953138815208,60488.84139698216,2941.544011347498,59018.06939130841,571976.754823721,9.455905281271553
2008,m,73,0.0568545803971813,0.5,0.05528303355913727,57547.297385634665,3181.389172607691,55956.60279933082,512958.68543241255,8.91368854379008
2008,m,74,0.05734406438631791,0.5,0.055745721271393635,54365.908213026974,3030.666765909569,52850.57483007219,457002.0826330817,8.406041536956728
2008,m,75,0.07016234372084344,0.5,0.06778438795745448,51335.241447117405,3479.727922140999,49595.377486046906,404151.50780300953,7.872788681033925
2008,m,76,0.07217179543945096,0.5,0.06965811965811965,47855.513524976406,3333.5250874235717,46188.75098126462,354556.1303169626,7.408887799979729
2008,m,77,0.08654076021993784,0.5,0.08295142071494041,44521.988437552835,3693.1621939491597,42675.407340578255,308367.379335698,6.926181649955244
2008,m,78,0.09888313810950694,0.5,0.09422452952628163,40828.826243603675,3847.076943913853,38905.28777164675,265691.9719951197,6.507460449876232
2008,m,79,0.10205412455167917,0.5,0.0970994260896541,36981.74929968982,3590.906632791346,35186.29598329415,226786.68422347296,6.132394722208965
2008,m,80,0.10776729698350747,0.5,0.10225730054521356,33390.842666898476,3414.457434046977,31683.613949874987,191600.3882401788,5.7381117976432225
2008,m,81,0.12084859166256193,0.5,0.11396248854127496,29976.3852328515,3416.183458607684,28268.293503547655,159916.77429030382,5.33475844562636
2008,m,82,0.13527700791579267,0.5,0.1267067527204203,26560.201774243815,3365.3569184135813,24877.523315037026,131648.48078675615,4.95660695297953
2008,m,83,0.15113193493108282,0.5,0.14051386851446165,23194.844855830233,3259.1973802854664,21565.246165687502,106770.95747171913,4.6032192987435
2008,m,84,0.16848305086126172,0.5,0.15539254576543257,19935.647475544767,3097.8510127071204,18386.721969191207,85205.71130603163,4.274037821473028
2008,m,85,0.18738646855481536,0.5,0.17133366348253928,16837.796462837647,2884.8813529513154,15395.35578636199,66818.98933684043,3.968392745708457
2008,m,86,0.20788057341132496,0.5,0.18830780606048397,13952.915109886331,2627.4428324908713,12639.193693640897,51423.633550478444,3.6855118192500327
2008,m,87,0.22998172985193996,0.5,0.20626333101590896,11325.47227739546,2336.0296372639204,10157.4574587635,38784.43985683755,3.4245317905415313
2008,m,88,0.2536800969587036,0.5,0.2251252050377867,8989.44264013154,2023.7501175350362,7977.567581364021,28626.982398074048,3.1845113811922783
2008,m,89,0.2789358522123196,0.5,0.24479482556872972,6965.692522596503,1705.165486034416,6113.109779579296,20649.41481671003,2.9644453512301796
2008,m,90,0.3056761645616186,0.5,0.2651509949748188,5260.527036562087,1394.833977836372,4563.110047643901,14536.305037130733,2.763279218241723
2008,m,91,0.33379327275850446,0.5,0.2860521337984374,3865.693058725715,1105.7897480582992,3312.798184696566,9973.19498948683,2.5799241786605758
2008,m,92,0.3631440013441014,0.5,0.307339714496919,2759.903310667416,848.2278955396253,2335.7893628976035,6660.396804790265,2.413271790735165
2008,m,93,0.39355097778302245,0.5,0.32884277914777565,1911.6754151277908,628.6406563391006,1597.3550869582405,4324.607441892662,2.262208012757005
2008,m,94,0.42480569924103634,0.5,0.3503832899881425,1283.0347587886902,449.55393995352404,1058.257788811928,2727.252354934422,2.1256262437575844
2008,m,95,0.45667344398917153,0.5,0.37178196809716846,833.4808188351661,309.8731391977776,678.5442492362773,1668.9945661224938,2.002439082467432
2008,m,96,0.4888998468309969,0.5,0.39286421866552074,523.6076796373885,205.70672194800892,420.7543186633841,990.4503168862163,1.8915885984944454
2008,m,97,0.5212187838045457,0.5,0.4134657310604524,317.9009576893796,131.44115187585726,252.18038175145097,569.6959982228323,1.7920549921069477
2008,m,98,0.553361065308175,0.5,0.43343738010776606,186.45980581352234,80.81864972721591,146.05048094991437,317.51561647138124,1.7028636015470662
2008,m,99,0.5850633429634894,0.5,0.4526491349281824,105.64115608630642,47.81837791527969,81.73196712866658,171.46513552146686,1.6230902980783715
2008,m,100,0.616076610281316,0.5,0.4709927896301685,57.822778171026734,27.23411159493829,44.20572237355759,89.73316839280028,1.55186539338165
2008,m,101,0.646173725023075,0.5,0.4883834488360663,30.588666576088443,14.938998477726582,23.11916733722515,45.527446019242696,1.4883762881913947
2008,m,102,0.6751554935871623,0.5,0.5047598131814272,15.649668098361861,7.899323545680473,11.700006325521624,22.408278682017546,1.431869260177035
2008,m,103,0.7028550154711874,0.5,0.520083401771855,7.750344552681388,4.030825559862501,5.734931772750137,10.70827235649592,1.3816511361151262
2008,m,104,0.7291401632736386,0.5,0.5343369117392824,3.719518992818886,1.9874762917784499,2.725780846929661,4.973340583745783,1.3370924018260413
2008,m,105,0.7539142446258501,0.5,0.5475219470592322,1.7320427010404362,0.9483313920633912,1.2578770050087407,2.2475597368161218,1.2976352924012873
2008,m,106,0.7771150352576944,0.5,0.5596563522876065,0.783711308977045,0.4386090124286383,0.5644068027627258,0.9896827318073812,1.2628154276594332
2008,m,107,0.7987124733519058,0.5,0.5707713678749713,0.3451022965484067,0.19697450985772808,0.24661504161954265,0.4252759290446554,1.2323184554206608
2008,m,108,0.8187053595944929,0.5,0.5809087897801948,0.1481277866906786,0.08604873329930096,0.10510342004102813,0.17866088742511277,1.2061267599859138
2008,m,109,0.837117417906942,0.5,0.5901182747131544,0.062079053391377655,0.03663398388314558,0.043762061449804865,0.07355746738408465,1.1848999520070207
2008,m,110,0.8539930472622754,0.5,1.0,0.02544506950823208,0.02544506950823208,0.029795405934279786,0.029795405934279786,1.1709697206620038
2009,m,0,0.013766145479265806,0.07944833446634943,0.013593877768106763,100000.0,1359.3877768106759,98748.61331795085,7219427.487086582,72.19427487086583
2009,m,1,0.0007886435331230284,0.5,0.0007883326763894362,98640.61222318932,77.76161783460702,98601.73141427201,7120678.873768631,72.18810501355179
2009,m,2,0.0005330490405117271,0.5,0.0005329070077271516,98562.85060535472,52.52483378915349,98536.58818846014,7022077.142354359,71.24466367628438
2009,m,3,0.00018109380659181456,0.5,0.00018107741059302852,98510.32577156556,17.837994707384496,98501.40677421188,6923540.554165899,70.28238410479746
2009,m,4,0.0003572066440435792,0.5,0.0003571428571428572,98492.48777685818,35.17588849173626,98474.89983261231,6825039.147391687,69.29502240672714
2009,m,5,8.722197993894462e-05,0.5,8.721817626793424e-05,98457.31188836644,8.587267183145741,98453.01825477487,6726564.247559075,68.319600835597
2009,m,6,0.0004361479413817167,0.5,0.00043605284960537214,98448.7246211833,42.92884691107611,98427.26019772777,6628111.229304301,67.32551645344651
2009,m,7,0.0005149330587023687,0.5,0.0005148005148005149,98405.79577427222,50.65935432394326,98380.46609711024,6529683.969106573,66.35466862220864
2009,m,8,0.0003316749585406302,0.5,0.000331619963521804,98355.13641994828,32.61652675176447,98338.82815657239,6431303.503009463,65.38858810128266
2009,m,9,8.402655239055541e-05,0.5,8.402302230811242e-05,98322.51989319651,8.261355282375007,98318.38921555533,6332964.67485289,64.41011359078382
2009,m,10,0.00016947716295229217,0.5,0.0001694628029147602,98314.25853791414,16.66060981832561,98305.92823300498,6234646.285637335,63.41548396291868
2009,m,11,0.00016429803663846218,0.5,0.00016428454082470842,98297.59792809581,16.14877573978447,98289.52354022593,6136340.35740433,62.42614760426833
2009,m,12,7.918910357934748e-05,0.5,7.918596824642673e-05,98281.44915235603,7.782511711789994,98277.55789650013,6038050.833864104,61.43632278461737
2009,m,13,0.00030245746691871453,0.5,0.0003024117335752627,98273.66664064424,29.7191098935873,98258.80708569745,5939773.275967604,60.44114846846489
2009,m,14,7.338372349012989e-05,0.5,7.33810310034856e-05,98243.94753075065,7.209242159660789,98240.34290967081,5841514.468881906,59.45928085853324
2009,m,15,0.00021878646441073513,0.5,0.00021876253327013527,98236.73828859099,21.490517728205305,98225.99302972689,5743274.125972236,58.46360766885567
2009,m,16,0.00028830906732016723,0.5,0.0002882675122513693,98215.24777086278,28.312265140062664,98201.09163829275,5645048.132942509,57.47629070908079
2009,m,17,0.0006249132064990974,0.5,0.000624718009231944,98186.93550572272,61.33914688171353,98156.26593228187,5546847.041304216,56.49271985865089
2009,m,18,0.00034376074252320387,0.5,0.00034370166695308474,98125.59635884101,33.7259310392983,98108.73339332137,5448690.775371934,55.52772138521646
2009,m,19,0.0013846579894765993,0.5,0.0013837000138370002,98091.87042780171,135.7297224682552,98024.00556656759,5350582.041978613,54.5466410074909
2009,m,20,0.0010176390773405698,0.5,0.0010171215460247499,97956.14070533346,99.63330127683003,97906.32405469504,5252558.036412045,53.621528967872635
2009,m,21,0.001059251903343264,0.5,0.0010586911930126383,97856.50740405663,103.59982256764488,97804.70749277281,5154651.712357351,52.67561503164444
2009,m,22,0.0008047749983233854,0.5,0.0008044512971777168,97752.90758148898,78.63745330683014,97713.58885483557,5056847.004864578,51.730911437586435
2009,m,23,0.0003371316836356281,0.5,0.00033707486432736714,97674.27012818215,32.92354135173082,97657.80835750629,4959133.416009743,50.77215739110882
2009,m,24,0.0005994804502764271,0.5,0.0005993008157149992,97641.34658683042,58.51653865700064,97612.08831750191,4861475.607652237,49.789108585562445
2009,m,25,0.0008626982546950694,0.5,0.0008623262910019569,97582.83004817342,84.148239900911,97540.75592822296,4763863.519334734,48.81866530190785
2009,m,26,0.0005902800550928051,0.5,0.000590105891223814,97498.68180827251,57.53454652160872,97469.9145350117,4666322.763406511,47.86036771843398
2009,m,27,0.0007230657989877079,0.5,0.0007228044813877845,97441.1472617509,70.4308979123598,97405.93181279472,4568852.848871499,46.88833185223524
2009,m,28,0.0005965796102346547,0.5,0.0005964017096849011,97370.71636383854,58.07206171263533,97341.68033298221,4471446.917058704,45.92188579932546
2009,m,29,0.0009324630345011322,0.5,0.0009320284934425137,97312.6443021259,90.69815726182424,97267.29522349499,4374105.236725722,44.94899165565235
2009,m,30,0.0008098258874342017,0.5,0.0008094981111710739,97221.94614486408,78.70098176863394,97182.59565397976,4276837.941502227,43.990458030222825
2009,m,31,0.0006875687568756876,0.5,0.0006873324627122141,97143.24516309545,66.76970593380975,97109.86031012854,4179655.3458482474,43.02569199568074
2009,m,32,0.0008956252152945229,0.5,0.0008952243225562097,97076.47545716164,86.90522197728569,97033.022846173,4082545.485538119,42.05494138834577
2009,m,33,0.0010973936899862826,0.5,0.0010967918837400605,96989.57023518435,106.3773734413844,96936.38154846366,3985512.462691946,41.09217571567447
2009,m,34,0.001539645881447267,0.5,0.0015384615384615385,96883.19286174297,149.0510659411375,96808.6673287724,3888576.081143482,40.13674576861509
2009,m,35,0.0010695187165775401,0.5,0.0010689470871191877,96734.14179580183,103.40367909759516,96682.43995625303,3791767.4138147095,39.19781933682559
2009,m,36,0.0016466208476517755,0.5,0.0016452662827712006,96630.73811670423,158.98329530270712,96551.24646905289,3695084.9738584566,38.23922952338185
2009,m,37,0.0011503343159105614,0.5,0.0011496730617230725,96471.75482140153,110.9109777353151,96416.29933253388,3598533.7273894036,37.301422929969306
2009,m,38,0.0010909884355225835,0.5,0.0010903936321011885,96360.84384366621,105.07125051102776,96308.3082184107,3502117.4280568697,36.343781232744604
2009,m,39,0.001658613975625586,0.5,0.0016572396152321938,96255.77259315518,159.51887953616097,96176.0131533871,3405809.119838459,35.38290772683121
2009,m,40,0.0017730496453900709,0.5,0.001771479185119575,96096.25371361902,170.23251322165015,96011.1374570082,3309633.1066850717,34.44081302636693
2009,m,41,0.0022693425998156157,0.5,0.0022667705603173476,95926.02120039737,217.44228082543123,95817.30005998466,3213621.9692280637,33.50104517015818
2009,m,42,0.0023718172305545867,0.5,0.0023690078037904125,95708.57891957194,226.73437035015377,95595.21173439687,3117804.6691680793,32.57602092063352
2009,m,43,0.002204464039680353,0.5,0.002202036884117809,95481.84454922179,210.25454346099286,95376.71727749129,3022209.4574336824,31.652189708962997
2009,m,44,0.003015764222069911,0.5,0.0030112236517930466,95271.5900057608,286.8840651692735,95128.14797317615,2926832.740156191,30.720939369010363
2009,m,45,0.0034542314335060447,0.5,0.003448275862068965,94984.70594059152,327.53346876066644,94820.93920621119,2831704.592183015,29.812216231464813
2009,m,46,0.0037132247929163096,0.5,0.0037063435495367073,94657.17247183085,350.83200060835225,94481.75647152668,2736883.6529768035,28.913642585206908
2009,m,47,0.004443170417084707,0.5,0.004433321415802645,94306.3404712225,418.0903188570519,94097.29531179398,2642401.8965052767,28.01934507586585
2009,m,48,0.005418548106981591,0.5,0.005403907440764861,93888.25015236545,507.3634135987668,93634.56844556607,2548304.6011934825,27.14189046081907
2009,m,49,0.00584272752268353,0.5,0.00582570850896131,93380.88673876668,544.0098264483968,93108.88182554248,2454670.0327479164,26.286643000241188
2009,m,50,0.005784375217785211,0.5,0.005767693964768424,92836.87691231829,535.4546946751216,92569.14956498073,2361561.150922374,25.43774876391845
2009,m,51,0.00646385161244994,0.5,0.006443028223264934,92301.42221764316,594.7006683957734,92004.07188344529,2268992.0013573933,24.582416465991155
2009,m,52,0.008515130190007037,0.5,0.008479030167127992,91706.72154924739,777.5840585444821,91317.92951997515,2176987.929473948,23.73858636201366
2009,m,53,0.0071058054430469695,0.5,0.007080648587410606,90929.13749070291,643.8372689280077,90607.2188562389,2085669.9999539729,22.937312037818714
2009,m,54,0.009923609623759549,0.5,0.009874613717898625,90285.3002217749,891.5324640945328,89839.53398972764,1995062.7810977339,22.097315689232953
2009,m,55,0.010269953051643193,0.5,0.010217486498321415,89393.76775768037,913.3796150981798,88937.07795013128,1905223.2471080062,21.312707752429606
2009,m,56,0.01233268160625658,0.5,0.01225710014947683,88480.38814258219,1084.5129787282058,87938.1316532181,1816286.1691578748,20.527556527340394
2009,m,57,0.012047218628719275,0.5,0.01197508539280691,87395.87516385398,1046.5730680662382,86872.58862982086,1728348.0375046567,19.776082501196615
2009,m,58,0.012903225806451613,0.5,0.012820512820512822,86349.30209578775,1107.0423345613817,85795.78092850705,1641475.4488748359,19.00971298012274
2009,m,59,0.015191829027551283,0.5,0.015077303121938754,85242.25976122636,1285.2233892190561,84599.64806661684,1555679.6679463289,18.250098862981474
2009,m,60,0.012669442721715248,0.5,0.012589690540124137,83957.03637200731,1056.9931065895216,83428.53981871254,1471080.019879712,17.521819295305605
2009,m,61,0.019126702743049076,0.5,0.018945520077630423,82900.04326541779,1570.584434121396,82114.75104835708,1387651.4800609995,16.738851095869887
2009,m,62,0.020032661948829612,0.5,0.01983399805971758,81329.45883129639,1613.0883286578028,80522.9146669675,1305536.7290126425,16.052445789916643
2009,m,63,0.020090101059296237,0.5,0.019890301970948106,79716.37050263859,1585.582681325468,78923.57916197585,1225013.814345675,15.367154909607024
2009,m,64,0.020641356431994103,0.5,0.020430499817584824,78130.78782131312,1596.25104633109,77332.66229814757,1146090.2351836993,14.668868280258911
2009,m,65,0.024411508282476024,0.5,0.024117140396210164,76534.53677498203,1845.794168561144,75611.63969070146,1068757.5728855517,13.96438285146729
2009,m,66,0.025878003696857672,0.5,0.025547445255474456,74688.74260642088,1908.1065629377554,73734.689324952,993145.9331948503,13.297130177011054
2009,m,67,0.029844910725922064,0.5,0.02940609951845907,72780.63604348313,2140.1946265114093,71710.53873022742,919411.2438698984,12.632635462550668
2009,m,68,0.03612346677449791,0.5,0.03548258969945717,70640.44141697172,2506.505798986953,69387.18851747824,847700.705139671,12.000218120607704
2009,m,69,0.038861152341114556,0.5,0.03812045003309066,68133.93561798477,2597.296288283207,66835.28747384317,778313.5166221927,11.423287229231295
2009,m,70,0.04495729057395474,0.5,0.04396892862377253,65536.63932970156,2881.575816929573,64095.85142123677,711478.2291483495,10.856190314688652
2009,m,71,0.04444090474673463,0.5,0.043474873393065834,62655.06351277199,2723.9209536522612,61293.10303594585,647382.3777271127,10.332482985914561
2009,m,72,0.04852713178294574,0.5,0.047377582683720575,59931.142559119726,2839.3926619245394,58511.44622815745,586089.2746911668,9.779377626799167
2009,m,73,0.04322262831717782,0.5,0.042308290558407215,57091.749897195186,2415.454343138452,55884.02272562596,527577.8284630093,9.240876823937187
2009,m,74,0.061265822784810124,0.5,0.0594448538442643,54676.295554056735,3250.2243979567065,53051.18335507838,471693.8057373834,8.627025678267367
2009,m,75,0.06625111308993767,0.5,0.06412687467677987,51426.07115610003,3297.793220146392,49777.17454602683,418642.622382305,8.140668983083431
2009,m,76,0.07135718568858684,0.5,0.06889896748045932,48128.277935953636,3315.988656399779,46470.28360775375,368865.4478362782,7.664214546116594
2009,m,77,0.07879076410378481,0.5,0.07580442001603115,44812.28927955386,3396.9695984271893,43113.80448034026,322395.16422852443,7.1943471179817875
2009,m,78,0.09050599895670318,0.5,0.08658764815970056,41415.31968112667,3586.0551289709183,39622.29211664121,279281.35974818416,6.743431220584183
2009,m,79,0.09838516746411484,0.5,0.09377226735071968,37829.26455215575,3547.33590926585,36055.596597522825,239659.06763154294,6.335282233708814
2009,m,80,0.09852793724924494,0.5,0.09390195431793542,34281.9286428899,3219.140097355372,32672.358594212215,203603.47103402013,5.939090334004521
2009,m,81,0.1115794482385485,0.5,0.10568340048168834,31062.788545534528,3282.8211219357254,29421.377984566665,170931.1124398079,5.502761356703126
2009,m,82,0.12611795596477507,0.5,0.11863683819700975,27779.967423598802,3295.7275003516916,26132.103673422956,141509.73445524124,5.09394889840764
2009,m,83,0.14224748657172592,0.5,0.13280210383102556,24484.23992324711,3251.558572510803,22858.46063699171,115377.6307818183,4.712322340554685
2009,m,84,0.1600620270173624,0.5,0.14820132479100873,21232.681350736308,3146.7115050444663,19659.325598214076,92519.17014482658,4.357394556840472
2009,m,85,0.17964034652602073,0.5,0.16483485159589487,18085.96984569184,2981.1981554824433,16595.37076795062,72859.8445466125,4.028528476396196
2009,m,86,0.2010402392959805,0.5,0.1826774774097585,15104.771690209398,2759.3015892177864,13725.120895600505,56264.47377866187,3.7249469858012714
2009,m,87,0.22429242751891526,0.5,0.20167530558839517,12345.470100991612,2489.7764552498793,11100.581873366671,42539.352883061365,3.4457458918186132
2009,m,88,0.2493944765487509,0.5,0.22174365514704847,9855.693645741732,2185.437533016311,8762.974879233578,31438.77100969469,3.189909522327551
2009,m,89,0.2763051830243586,0.5,0.24276637867796996,7670.256112725421,1862.0803000189135,6739.215962715964,22675.796130461113,2.9563284194435946
2009,m,90,0.30493998241636183,0.5,0.2645968960082691,5808.175812706508,1536.8252915124476,5039.763166950284,15936.580167745147,2.7438184864998054
2009,m,91,0.3351679617823574,0.5,0.2870611170312003,4271.35052119406,1226.1386518457666,3658.281195271177,10896.817000794863,2.551140897176626
2009,m,92,0.3668110340295415,0.5,0.30996224772962855,3045.2118693482935,943.900715836141,2573.261511430223,7238.535805523687,2.377022064830191
2009,m,93,0.3996457158069429,0.5,0.3330872663196881,2101.3111535121525,699.9199878104334,1751.3511596069357,4665.274294093464,2.220173003077568
2009,m,94,0.43340774944394955,0.5,0.3562146537447218,1401.391165701719,499.19606885134976,1151.7931312760443,2913.9231344865284,2.079307480882712
2009,m,95,0.4677995353078553,0.5,0.37912280038540314,902.1950968503693,342.042731611892,731.1737310444232,1762.1300032104843,1.9531584790941696
2009,m,96,0.5025000288841759,0.5,0.4015984200473576,560.1523652384773,224.95630486556286,447.67421280569584,1030.9562721660611,1.8404925804912837
2009,m,97,0.5371764557981804,0.5,0.42344430129845895,335.1960603729144,141.93686158260482,264.227629581612,583.2820593603653,1.7401220608364214
2009,m,98,0.571496961731823,0.5,0.4444858152559804,193.2591987903096,85.90097253002834,150.30871252529542,319.0544297787534,1.6509145840190216
2009,m,99,0.6051431884096374,0.5,0.4645757600595148,107.35822626028126,49.87602956351153,82.42021147852549,168.74571725345794,1.5718005329591394
2009,m,100,0.6378217768751949,0.5,0.48359732447941844,57.482196696769726,27.798236527757506,43.58307843289097,86.32550577493245,1.5017781284580518
2009,m,101,0.6692739431072592,0.5,0.5014651604684441,29.68396016901222,14.885471849492617,22.24122424426591,42.74242734204148,1.439916611485731
2009,m,102,0.6992825197684955,0.5,0.5181247347376366,14.798488319519603,7.6674628350691085,10.964756901985048,20.501203097775573,1.3853579267778275
2009,m,103,0.7276761638832654,0.5,0.5335502604878922,7.131025484450494,3.804760504774359,5.2286452320633146,9.536446195790527,1.3373176433859555
2009,m,104,0.7543307395966642,0.5,0.5477415829205218,3.326264979676135,1.8219336451809034,2.415298157085683,4.307800963727212,1.2950865279971306
2009,m,105,0.779168150485861,0.5,0.5607204086227348,1.5043313344952316,0.8435092805821501,1.0825766942041566,1.8925028066415286,1.2580358882682885
2009,m,106,0.8021530854815424,0.5,0.5725262403668389,0.6608220539130815,0.378337966078349,0.47165307087390695,0.8099261124373719,1.22563420461131
2009,m,107,0.8232882438982015,0.5,0.5832123203697133,0.28248408783473244,0.1647482003336162,0.20010998766792434,0.33827304156346494,1.1974941461530104
2009,m,108,0.8426086234514143,0.5,0.59284181191876,0.11773588750111624,0.06979875687402504,0.08283650906410372,0.13816305389554057,1.173499914325024
2009,m,109,0.8601754077006168,0.5,0.6014843742692959,0.04793713062709121,0.028833435019501454,0.03352041311734048,0.055326544831436834,1.1541480290472281
2009,m,110,0.876069898965178,0.5,1.0,0.019103695607589753,0.019103695607589753,0.02180613171409635,0.02180613171409635,1.1414614303963753
2010,m,0,0.00858015015262767,0.06552912300965268,0.008511902565322365,100000.0,851.190256532238,99204.58749449268,7281748.545338682,72.81748545338682
2010,m,1,0.00017205781142463867,0.5,0.00017204301075268816,99148.80974346776,17.05785974081664,99140.28081359735,7182543.957844189,72.44205932908234
2010,m,2,0.0001772735330615139,0.5,0.00017725782150137376,99131.75188372695,17.571878380520502,99122.96594453669,7083403.677030592,71.45443858733394
2010,m,3,8.979078746520607e-05,0.5,8.978675645342312e-05,99114.18000534642,8.899140741224983,99109.73043497582,6984280.711086055,70.46701804635127
2010,m,4,9.141603437242893e-05,0.5,9.141185611773847e-05,99105.2808646052,9.059397674907814,99100.75116576775,6885170.98065108,69.47330072206145
2010,m,5,9.020386072523904e-05,0.5,9.019979254047716e-05,99096.22146693029,8.938458617863944,99091.75223762136,6786070.229485312,68.47960627590541
2010,m,6,0.0,0.5,0.0,99087.28300831243,0.0,99087.28300831243,6686978.47724769,67.48573857542061
2010,m,7,0.0001757932671178694,0.5,0.00017577781683951487,99087.28300831243,17.417346283764346,99078.57433517055,6587891.194239377,66.48573857542061
2010,m,8,0.0005196154845414394,0.5,0.0005194805194805196,99069.86566202866,51.464865278976504,99044.13322938918,6488812.619904206,65.49733944366524
2010,m,9,0.00016786973308712439,0.5,0.0001678556441460344,99018.40079674969,16.620797448049416,99010.09039802567,6389768.486674817,64.53112184462348
2010,m,10,0.00017047391749062393,0.5,0.00017045938805079687,99001.77999930164,16.8757828346279,98993.34210788432,6290758.396276792,63.541871634238966
2010,m,11,0.00017219113215669393,0.5,0.00017217630853994488,98984.90421646701,17.04285540917772,98976.38278876242,6191765.054168907,62.55261954518164
2010,m,12,0.00033400133600534405,0.5,0.00033394556687259985,98967.86136105783,33.049878564386745,98951.33642177563,6092788.671380145,61.563305375997075
2010,m,13,0.0001611733419292449,0.5,0.00016116035455278002,98934.81148249345,15.944369296135847,98926.83929784538,5993837.334958369,60.583704008158755
2010,m,14,7.701193685021179e-05,0.5,7.700897154518502e-05,98918.86711319731,7.617640222801128,98915.05829308591,5894910.495660524,59.593388679984706
2010,m,15,0.0005236777137727238,0.5,0.000523540630492502,98911.24947297451,51.784057911878335,98885.35744401856,5795995.437367438,58.59793975154541
2010,m,16,0.0005961696102541173,0.5,0.0005959919541086196,98859.46541506263,58.91944597485417,98830.00569207521,5697110.07992342,57.62837231623736
2010,m,17,0.00036862282512533176,0.5,0.00036855489625179673,98800.54596908778,36.4134249692579,98782.33925660315,5598280.074231345,56.66244067095446
2010,m,18,0.0005683836589698046,0.5,0.0005682221748703743,98764.13254411852,56.119970193409245,98736.07255902182,5499497.734974742,55.68314724495843
2010,m,19,0.000633356790992259,0.5,0.0006331562840761194,98708.01257392511,62.4975984498451,98676.76377470019,5400761.6624157205,54.71452136037025
2010,m,20,0.000921462999716473,0.5,0.0009210386481986611,98645.51497547526,90.85633176387637,98600.08680959333,5302084.89864102,53.74886937291773
2010,m,21,0.0005558257486278052,0.5,0.0005556713204139751,98554.65864371139,54.76399730150297,98527.27664506063,5203484.811831427,52.79795885289135
2010,m,22,0.0005425935973955507,0.5,0.0005424464334147003,98499.89464640988,53.430916542667546,98473.17918813854,5104957.535186366,51.82703548579309
2010,m,23,0.00041200302135548995,0.5,0.00041191816559110257,98446.46372986722,40.55188674853707,98426.18778649296,5006484.355998227,50.85489276421143
2010,m,24,0.0005520287054926856,0.5,0.0005518763796909492,98405.91184311868,54.30789836816257,98378.7578939346,4908058.168211735,49.87564340683405
2010,m,25,0.0007500852369587453,0.5,0.000749804028492553,98351.60394475052,73.74442884647578,98314.73173032727,4809679.4103178,48.90290770468431
2010,m,26,0.000814276989889394,0.5,0.000813945601302313,98277.85951590404,79.99283145838126,98237.86310017484,4711364.678587473,47.93922763270038
2010,m,27,0.000871313672922252,0.5,0.0008709342444645429,98197.86668444566,85.52388482884271,98155.10474203124,4613126.815487298,46.97787203780475
2010,m,28,0.0006038242200603824,0.5,0.0006036419732385392,98112.34279961682,59.224728206623695,98082.73043551351,4514971.710745267,46.01838649359925
2010,m,29,0.0005407597674733,0.5,0.0005406135964319503,98053.1180714102,53.00884880195372,98026.61364700922,4416888.980309753,45.04587989841402
2010,m,30,0.0007468766974470396,0.5,0.0007465978891641497,98000.10922260824,73.16667468346714,97963.52588526651,4318862.3666627435,44.06997503290944
2010,m,31,0.000825593395252838,0.5,0.0008252527336496802,97926.94254792477,80.81447703563026,97886.53530940696,4220898.840777477,43.102528588716005
2010,m,32,0.0007697152053740117,0.5,0.000769419088588116,97846.12807088914,75.28467868217558,97808.48573154805,4123012.3054680703,42.13771547997243
2010,m,33,0.0009117688315331743,0.5,0.0009113533597392128,97770.84339220697,89.10378661002323,97726.29149890196,4025203.819736522,41.169777001814836
2010,m,34,0.000767834706128717,0.5,0.0007675400341904196,97681.73960559694,74.97464575666527,97644.2522827186,3927477.5282376204,40.20687534942902
2010,m,35,0.001636195489791563,0.5,0.001634858016135338,97606.76495984028,159.57320212363265,97526.97835877846,3829833.2759549017,39.237375375883666
2010,m,36,0.0010871140745035513,0.5,0.0010865234870160443,97447.19175771665,105.87866258851136,97394.25242642239,3732306.297596123,38.30080918982018
2010,m,37,0.001891872225860438,0.5,0.0018900843268391972,97341.31309512813,183.9832902350463,97249.32145001061,3634912.045169701,37.34192533048566
2010,m,38,0.0018242848803269119,0.5,0.0018226223890934277,97157.32980489309,177.08112456693198,97068.78924260962,3537662.7237196905,36.41169154014281
2010,m,39,0.0011061131185015854,0.5,0.0011055017135276559,96980.24868032616,107.21183109443518,96926.64276477894,3440593.934477081,35.477264507933306
2010,m,40,0.0022654194679918153,0.5,0.0022628563086244022,96873.03684923172,219.20976256989525,96763.43196794677,3343667.2917123022,34.515974727995946
2010,m,41,0.002084081925979159,0.5,0.0020819124878854226,96653.82708666183,201.22480961364636,96553.214681855,3246903.8597443555,33.59312256547394
2010,m,42,0.002512562814070352,0.5,0.0025094102885821834,96452.60227704818,242.03915251455328,96331.5827007909,3150350.6450625006,32.66216328734716
2010,m,43,0.0026118876182408585,0.5,0.002608481088512108,96210.56312453363,250.96343442544458,96085.0814073209,3054019.06236171,31.743074389956845
2010,m,44,0.0025076623014767345,0.5,0.002504522053708084,95959.59969010818,240.33293368887098,95839.43322326374,2957933.980954389,30.824784497921392
2010,m,45,0.003604602800499099,0.5,0.0035981179075560477,95719.26675641931,344.4092078144022,95547.06215251211,2862094.5477311253,29.900924283241878
2010,m,46,0.0038421236465246244,0.5,0.0038347568415548192,95374.85754860491,365.73938749682566,95191.9878548565,2766547.4855786134,29.00709428759803
2010,m,47,0.003897228637413395,0.5,0.003889649211265577,95009.11816110808,369.5521415183903,94824.34209034889,2671355.497723757,28.11683288328082
2010,m,48,0.005356884320254814,0.5,0.0053425745433542705,94639.56601958969,505.6189362103614,94386.75655148452,2576531.155633408,27.224672132373104
2010,m,49,0.005470612989199046,0.5,0.005455690004896131,94133.94708337933,513.5656342242146,93877.16426626722,2482144.3990819235,26.36821758768236
2010,m,50,0.006178410274210343,0.5,0.0061593826776013,93620.38144915512,576.643755768353,93332.05957127095,2388267.234815656,25.51012074344853
2010,m,51,0.006894610946953708,0.5,0.006870924770384912,93043.73769338676,639.2965220466867,92724.08943236343,2294935.1752443854,24.665122362206024
2010,m,52,0.007227891156462585,0.5,0.007201864011861893,92404.44117134008,665.4842194080848,92071.69906163603,2202211.085812022,23.832307818718284
2010,m,53,0.007879605309860154,0.5,0.007848683047551706,91738.95695193199,720.0299962287099,91378.94195381764,2110139.386750386,23.00156287863645
2010,m,54,0.009683666881859263,0.5,0.009637006103437198,91018.92695570328,877.1499546004197,90580.35197840308,2018760.4447965682,22.179567616513985
2010,m,55,0.010240876965238713,0.5,0.010188706321303006,90141.77700110286,918.4280931446265,89682.56295453056,1928180.0928181652,21.390526756473577
2010,m,56,0.010743128102541305,0.5,0.010685729024650871,89223.34890795824,953.4165291023237,88746.64064340707,1838497.5298636346,20.60556516165076
2010,m,57,0.012094933820173437,0.5,0.012022229783373028,88269.93237885591,1061.2014100214,87739.33167384521,1749750.8892202275,19.822728329622706
2010,m,58,0.012751348700343305,0.5,0.012670565302144249,87208.73096883451,1104.9839206577453,86656.23900850564,1662011.5575463823,19.057857385177748
2010,m,59,0.014700825309491058,0.5,0.014593556646042245,86103.74704817677,1256.559909984062,85475.46709318474,1575355.3185378767,18.296013501670654
2010,m,60,0.01879077859939104,0.5,0.018615875204688447,84847.1871381927,1579.5046472334361,84057.43481457599,1489879.851444692,17.559566812958547
2010,m,61,0.015216999819917162,0.5,0.015102095527456325,83267.68249095927,1257.5164953283675,82638.92424329509,1405822.4166301158,16.88316973133907
2010,m,62,0.01847290640394089,0.5,0.018303843807199516,82010.1659956309,1501.101268986531,81259.61536113764,1323183.4923868207,16.134383784289785
2010,m,63,0.019245658666076762,0.5,0.01906222611744084,80509.06472664437,1534.6819963229646,79741.72372848289,1241923.8770256832,15.425888764730242
2010,m,64,0.02007683727847317,0.5,0.01987730061349693,78974.3827303214,1569.7975462959585,78189.48395717342,1162182.1532972003,14.715938423548987
2010,m,65,0.027536778574122973,0.5,0.027162790697674417,77404.58518402545,2102.5245463939937,76353.32291082846,1083992.669340027,14.004243634442195
2010,m,66,0.026389597144314124,0.5,0.026045926391947152,75302.06063763145,1961.3119285296852,74321.4046733666,1007639.3464291985,13.381298438540217
2010,m,67,0.028734177215189873,0.5,0.028327197853622015,73340.74870910177,2077.5378994155035,72301.97975939402,933317.9417558319,12.725776027426958
2010,m,68,0.03261744966442953,0.5,0.03209403684870898,71263.21080968626,2287.124113683385,70119.64875284457,861015.9619964379,12.082194335810176
2010,m,69,0.033277638540796434,0.5,0.03273300006847908,68976.08669600288,2257.7942505436804,67847.18957073105,790896.3132435933,11.46623925954653
2010,m,70,0.04005602240896359,0.5,0.039269531786351786,66718.2924454592,2619.9961059180787,65408.29439250016,723049.1236728623,10.837344559798796
2010,m,71,0.04073033707865169,0.5,0.03991741225051618,64098.29633954112,2558.6381195412105,62818.977279770515,657640.8292803621,10.25988000986346
2010,m,72,0.04927584484767771,0.5,0.04809098294069862,61539.65821999991,2959.5026536344376,60059.90689318269,594821.8520005916,9.66566713572158
2010,m,73,0.052845528455284556,0.5,0.05148514851485149,58580.15556636547,3016.008009357436,57072.151561686755,534761.9451074089,9.128721833139842
2010,m,74,0.04809619238476954,0.5,0.046966731898238745,55564.14755700804,2609.6664214641714,54259.31434627595,477689.79354572215,8.597086692558706
2010,m,75,0.06510463244500089,0.5,0.0630521392690109,52954.481135543865,3338.8933194765195,51285.0344758056,423430.4791994462,7.9961217657032835
2010,m,76,0.06742640075973409,0.5,0.06522737712448323,49615.587816067346,3236.294657731538,47997.44048720157,372145.4447236406,7.500575143909235
2010,m,77,0.07649333906317146,0.5,0.07367549668874172,46379.29315833581,3417.017459513154,44670.78442857923,324148.00423643907,6.989067365253271
2010,m,78,0.09257822601499871,0.5,0.08848245180425111,42962.275698822654,3801.407488922021,41061.57195436164,279477.21980785986,6.505177280809608
2010,m,79,0.10245433789954338,0.5,0.09746165331885435,39160.86820990063,3816.6829611386784,37252.52672933129,238415.6478534982,6.088109348740692
2010,m,80,0.11207522444096346,0.5,0.10612806129632829,35344.185248761954,3751.0098585493906,33468.68031948726,201163.1211241669,5.69154783759553
2010,m,81,0.12476361300212274,0.5,0.11743764081675104,31593.175390212564,3710.2279837364003,29738.06139834436,167694.44080467965,5.307932448494262
2010,m,82,0.13866416185099992,0.5,0.1296736199394551,27882.947406476163,3615.6827247792025,26075.106044086562,137956.3794063353,4.947697149631075
2010,m,83,0.1538412195132992,0.5,0.14285288824406706,24267.26468169696,3466.6488495636513,22533.940256915135,111881.27336224873,4.610378418406285
2010,m,84,0.17035089924460758,0.5,0.15698005267618093,20800.61583213331,3265.2817690252887,19167.974947620663,89347.3331053336,4.295417685052748
2010,m,85,0.18823818869154832,0.5,0.17204542875115883,17535.33406310802,3016.8740671822197,16026.897029516911,70179.35815771294,4.002168302305734
2010,m,86,0.20753386197327067,0.5,0.18802326482798346,14518.459995925801,2729.808248708441,13153.555871571582,54152.46112819603,3.72990393908117
2010,m,87,0.22825131458206824,0.5,0.20487035110299412,11788.65174721736,2415.1452224833465,10581.079135975688,40998.90525662445,3.477828180504356
2010,m,88,0.25038348082649964,0.5,0.22252516778566214,9373.506524734014,2085.841112156435,8330.585968655796,30417.82612064876,3.2450850746606705
2010,m,89,0.2739000292523309,0.5,0.2409077142607633,7287.6654125775785,1755.6548168412874,6409.838004156934,22087.240151992963,3.030770336117958
2010,m,90,0.2987450578755075,0.5,0.25992013063998204,5532.010595736291,1437.880916745542,4813.07013736352,15677.402147836028,2.8339428995163414
2010,m,91,0.32483552185003023,0.5,0.27944817497586794,4094.129678990749,1144.097066908501,3522.0811455364988,10864.332010472508,2.6536365143056955
2010,m,92,0.35206061545122574,0.5,0.29936355648188556,2950.0326120822483,883.1322544904883,2508.466484837004,7342.25086493601,2.4888710839550896
2010,m,93,0.38028229371339717,0.5,0.3195270533396539,2066.90035759176,660.4305808079721,1736.685067187774,4833.784380099006,2.3386634785486557
2010,m,94,0.40933705546730187,0.5,0.33979227152002534,1406.469776783788,477.9075602776263,1167.5159966449746,3097.099312911232,2.202037586611674
2010,m,95,0.4390390217501132,0.5,0.3600098381657578,928.5622165061616,334.2915332912206,761.4164498605512,1929.5833162662577,2.078033417649246
2010,m,96,0.46918423907921136,0.5,0.3800317786364746,594.270683214941,225.841744733687,481.3498108480975,1168.1668664057065,1.9657151183801436
2010,m,97,0.4995560274765027,0.5,0.3997158071154289,368.42893848125397,147.26687050971515,294.79550322639636,686.8170555576091,1.86417782052849
2010,m,98,0.5299310925536055,0.5,0.4189292697444304,221.16206797153882,92.65126363048486,174.83643615629637,392.0215523312128,1.7725532950870297
2010,m,99,0.5600860437226053,0.5,0.43755251515545757,128.51080434105396,56.23022566407906,100.39569150901443,217.18511617491637,1.6900144488904627
2010,m,100,0.5898039183583155,0.5,0.4554815244330883,72.2805786769749,32.9224681626943,55.81934459562775,116.78942466590195,1.6157787721628385
2010,m,101,0.6188803111131247,0.5,0.4726297024624824,39.3581105142806,18.601812061849937,30.057204483355626,60.97008007027421,1.5491109525735993
2010,m,102,0.6471287486734127,0.5,0.48892880559565993,20.75629845243066,10.148352210933968,15.682122346963675,30.91287558691858,1.4893250671724918
2010,m,103,0.6743850266160186,0.5,0.5043290475413248,10.607946241496691,5.349895424343602,7.93299852932489,15.230753239954907,1.4357871819122245
2010,m,104,0.7005103251150104,0.5,0.5187984793838378,5.258050817153089,2.7278687684619687,3.8941164329221047,7.297754710630018,1.387920156043928
2010,m,105,0.7253930297977816,0.5,0.5323217766148057,2.5301820486911204,1.3468710033181461,1.8567465470320474,3.4036382777079135,1.3452147759362365
2010,m,106,0.7489492888617889,0.5,0.544898584994919,1.1833110453729743,0.6447845142325921,0.8609187882566782,1.546891730675866,1.3072570705095488
2010,m,107,0.7711224259519903,0.5,0.5565415794916236,0.5385265311403822,0.29971240623901335,0.38867032802087553,0.6859729424191878,1.2737960021515997
2010,m,108,0.7918813926613175,0.5,0.5672743797375066,0.23881412490136883,0.13547313457597943,0.17107755761337912,0.2973026143983123,1.2449121865011101
2010,m,109,0.8112184818479575,0.5,0.5771294455311793,0.10334099032538939,0.05964112844713494,0.07352042610182191,0.1262250567849332,1.2214422988156861
2010,m,110,0.8291465344098817,0.5,1.0,0.04369986187825445,0.04369986187825445,0.05270463068311129,0.05270463068311129,1.2060594340079074
2011,m,0,0.008008092388097446,0.06399371996965356,0.007948513314839293,100000.0,794.851331483922,99256.01416204056,7303968.4398289295,73.0396843982893
2011,m,1,0.0004158004158004158,0.5,0.0004157139887757223,99205.14866851608,41.240968060083105,99184.52818448603,7204712.425666889,72.6243801089468
2011,m,2,0.0004333882291756956,0.5,0.0004332943368430175,99163.907700456,42.96715962582675,99142.42412064309,7105527.897482404,71.65437569227346
2011,m,3,0.00035714285714285714,0.5,0.00035707909301910376,99120.94054083017,35.394015547513845,99103.2435330564,7006385.47336176,70.68521984489918
2011,m,4,0.0003616309556098002,0.5,0.0003615655789568833,99085.54652528265,35.82592299567477,99067.63356378482,6907282.229828704,69.71029047174143
2011,m,5,9.201324990798675e-05,0.5,9.200901688365461e-05,99049.72060228698,9.113467415212654,99045.16386857937,6808214.596264919,68.73532358159649
2011,m,6,0.00018160355942976482,0.5,0.00018158707100054473,99040.60713487177,17.984493759737234,99031.61488799189,6709169.43239634,67.74160242434611
2011,m,7,8.862105636299185e-05,0.5,8.86171296911693e-05,99022.62264111203,8.775100592945819,99018.23509081555,6610137.817508348,66.7538148475979
2011,m,8,0.0001765848490199541,0.5,0.00017656925929195727,99013.84754051908,17.48280171987426,99005.10613965915,6511119.582417533,65.75968659083782
2011,m,9,0.0003485535029627048,0.5,0.0003484927687750479,98996.36473879921,34.499517246484174,98979.11498017597,6412114.476277874,64.77121148030199
2011,m,10,0.00025389302640487475,0.5,0.000253860799661519,98961.86522155273,25.12253824113577,98949.30395243215,6313135.361297698,63.79361734102372
2011,m,11,0.0,0.5,0.0,98936.74268331159,0.0,98936.74268331159,6214186.0573452655,62.809689189347644
2011,m,12,0.00017398869073510223,0.5,0.00017397355601948502,98936.74268331159,17.21237694559386,98928.13649483879,6115249.314661954,61.80968918934764
2011,m,13,0.0002531431946671167,0.5,0.0002531111579835478,98919.530306366,25.037636863038642,98907.01148793448,6016321.178167115,60.82035730996524
2011,m,14,0.0001630922286553046,0.5,0.00016307893020221786,98894.49266950296,16.12760806742881,98886.42886546924,5917414.16667918,59.8356289308716
2011,m,15,0.0004677268475210477,0.5,0.0004676174888940847,98878.36506143553,46.237252775987145,98855.24643504753,5818527.737813711,58.84530690003338
2011,m,16,0.0003790750568612585,0.5,0.00037900322152738296,98832.12780865954,37.457694829892716,98813.39896124459,5719672.491378664,57.87260295004509
2011,m,17,0.0004535490210900295,0.5,0.0004534461910519951,98794.67011382965,44.79806685935182,98772.27108039998,5620859.09241742,56.894355595713364
2011,m,18,0.00029928918817807707,0.5,0.00029924440787012797,98749.8720469703,29.550346987947705,98735.09687347632,5522086.82133702,55.91993900215328
2011,m,19,0.0005051233944292105,0.5,0.0005049958518197886,98720.32169998235,49.85335294880497,98695.39502350794,5423351.724463544,54.93652807317091
2011,m,20,0.00028571428571428574,0.5,0.00028567347521782604,98670.46834703354,28.187535594057408,98656.37457923652,5324656.329440036,53.964032183496954
2011,m,21,0.0009357230259843086,0.5,0.0009352854419223714,98642.28081143949,92.25868920095672,98596.15146683902,5225999.954860799,52.97930980378084
2011,m,22,0.0005648520793617172,0.5,0.0005646925954683421,98550.02212223853,55.65046777566022,98522.1968883507,5127403.80339396,52.02843888795966
2011,m,23,0.0005510780464283254,0.5,0.0005509262447489842,98494.37165446287,54.26313430450682,98467.24008731061,5028881.606505609,51.057553056411074
2011,m,24,0.0008369951872776732,0.5,0.0008366450533361222,98440.10852015836,82.35942984325811,98398.92880523673,4930414.366418298,50.085421892933596
2011,m,25,0.0003503608716978488,0.5,0.00035029950607769645,98357.7490903151,34.45467092524632,98340.52175485248,4832015.437613062,49.12694202849393
2011,m,26,0.0006923769300006924,0.5,0.0006921373200442967,98323.29441938986,68.05322149736458,98289.26780864118,4733674.915858209,48.143981991359155
2011,m,27,0.0005509262447489842,0.5,0.0005507745266781411,98255.2411978925,54.116483964418876,98228.18295591028,4635385.648049568,47.17698100922268
2011,m,28,0.0006117039352953171,0.5,0.0006115169016476983,98201.12471392807,60.051647523388965,98171.09889016638,4537157.465093657,46.202703668730415
2011,m,29,0.00033997416196369077,0.5,0.0003399163805703797,98141.07306640469,33.35975834203418,98124.39318723367,4438986.366203491,45.23066874559199
2011,m,30,0.0007531667237247518,0.5,0.0007528832004380411,98107.71330806265,73.86364918304025,98070.78148347113,4340861.973016257,44.24587860269207
2011,m,31,0.0008943928448572412,0.5,0.0008939930543616545,98033.84965887961,87.64158068737015,97990.02886853593,4242791.191532786,43.27883895507603
2011,m,32,0.0009748624747580252,0.5,0.0009743875278396436,97946.20807819224,95.43756355057121,97898.48929641696,4144801.1626642505,42.31711716042524
2011,m,33,0.0007083156254426973,0.5,0.0007080648587410607,97850.77051464167,69.28469200215477,97816.1281686406,4046902.6733678337,41.35790297902953
2011,m,34,0.0008514261387824606,0.5,0.000851063829787234,97781.48582263952,83.21828580650617,97739.87667973626,3949086.545199193,40.3868535231938
2011,m,35,0.0019063757678457953,0.5,0.0019045603639826474,97698.26753683301,186.07224798042444,97605.2314128428,3851346.668519457,39.42082869655257
2011,m,36,0.0015111175073756926,0.5,0.0015099766313140394,97512.19528885258,147.24113615429087,97438.57472077545,3753741.437106614,38.495097213094276
2011,m,37,0.0010256410256410256,0.5,0.001025115325474116,97364.9541526983,99.81030666601146,97315.04899936529,3656302.8623858388,37.55255568293729
2011,m,38,0.0018391819318767013,0.5,0.0018374921906581898,97265.14384603228,178.72394224033633,97175.78187491212,3558987.8133864733,36.590577802673494
2011,m,39,0.0016959150567762867,0.5,0.0016944782112203927,97086.41990379195,164.5108231323684,97004.16449222577,3461812.031511561,35.6570160372795
2011,m,40,0.0016372702240083352,0.5,0.0016359309934562763,96921.90908065958,158.55755501000385,96842.63030315458,3364807.8670193353,34.716689951072894
2011,m,41,0.0013278253172027148,0.5,0.0013269443420567638,96763.35152564957,128.3995818254043,96699.15173473686,3267965.2367161806,33.77275781781829
2011,m,42,0.0021031256798897673,0.5,0.0021009164342376935,96634.95194382417,203.02195866055263,96533.4409644939,3171266.084981444,32.81696757944231
2011,m,43,0.0030423759507424847,0.5,0.003037754954433676,96431.92998516362,292.93657307804096,96285.4616986246,3074732.64401695,31.885005770287997
2011,m,44,0.0029179417835029533,0.5,0.002913690793447749,96138.99341208558,280.1192999961204,95998.93376208752,2978447.182318325,30.98063622896125
2011,m,45,0.003935624428983063,0.5,0.003927895069088869,95858.87411208946,376.5235989532812,95670.61231261282,2882448.2485562377,30.06970690252152
2011,m,46,0.003986571548468317,0.5,0.003978640980002094,95482.35051313617,379.8899926184822,95292.40551682693,2786777.636243625,29.18631161955139
2011,m,47,0.003593067493307031,0.5,0.0035866240022504312,95102.46052051769,341.09676757596026,94931.91213672972,2691485.230726798,28.30090006079421
2011,m,48,0.004732090856144438,0.5,0.004720920942731597,94761.36375294173,447.36090670306294,94537.6832995902,2596553.3185900683,27.400970350740252
2011,m,49,0.005474052988832932,0.5,0.005459111256687412,94314.00284623867,514.8706346011459,94056.56752893809,2502015.635290478,26.528570093346012
2011,m,50,0.0054467001485463675,0.5,0.005431907163768474,93799.13221163752,509.50817821566307,93544.37812252968,2407959.06776154,25.671442911950393
2011,m,51,0.0055998880022399555,0.5,0.005584252408208852,93289.62403342186,520.9528076695278,93029.1476295871,2314414.6896390105,24.80891860824576
2011,m,52,0.007590267432787118,0.5,0.007561570262534893,92768.67122575233,701.476825635531,92417.93281293457,2221385.5420094235,23.94542804869639
2011,m,53,0.008293415314220348,0.5,0.008259166963332147,92067.1944001168,760.3983303961286,91686.99523491874,2128967.6091964887,23.124063061421886
2011,m,54,0.01002649860345198,0.5,0.009976484001995295,91306.79606972067,910.9207902630151,90851.33567458917,2037280.6139615702,22.3124751021373
2011,m,55,0.010364572008407624,0.5,0.01031113674874716,90395.87527945766,932.0842315291811,89929.83316369307,1946429.278286981,21.532279788979537
2011,m,56,0.008228355057161582,0.5,0.008194640849922042,89463.79104792848,733.1236367102392,89097.22922957336,1856499.4451232878,20.751405941748036
2011,m,57,0.012588984638441363,0.5,0.012510239034924415,88730.66741121824,1110.0418590427143,88175.64648169688,1767402.2158937145,19.918730101541662
2011,m,58,0.013311788242536165,0.5,0.013223772214790751,87620.62555217552,1158.6751936194487,87041.2879553658,1679226.5694120175,19.16474070836309
2011,m,59,0.012835375952302087,0.5,0.01275352779034846,86461.95035855607,1102.6948867055762,85910.60291520329,1592185.2814566516,18.414866595697752
2011,m,60,0.015166042011679596,0.5,0.015051903114186851,85359.2554718505,1284.819243261416,84716.84585021979,1506274.6785414484,17.64629588455329
2011,m,61,0.015721603956898075,0.5,0.015598983437034442,84074.43622858908,1311.475738207766,83418.69835948519,1421557.8326912287,16.90832429522537
2011,m,62,0.01745727081619596,0.5,0.017306211208263488,82762.96049038132,1432.3132744676986,82046.80385314746,1338139.1343317435,16.16833335109202
2011,m,63,0.02218150255569486,0.5,0.0219381915299504,81330.64721591362,1784.2473158775392,80438.52355797484,1256092.330478596,15.444268224547239
2011,m,64,0.022324952080279625,0.5,0.02207850133809099,79546.39990003608,1756.265296633268,78668.26725171944,1175653.8069206213,14.779472212419861
2011,m,65,0.02638589369529367,0.5,0.026042318767997997,77790.13460340281,2025.835482347291,76777.21686222916,1096985.5396689018,14.101859384376434
2011,m,66,0.0262582056892779,0.5,0.02591792656587473,75764.29912105552,1963.6535409344942,74782.47235058827,1020208.3228066728,13.465554814631005
2011,m,67,0.02920377160817182,0.5,0.02878347854146499,73800.64558012102,2124.239298401677,72738.52593092018,945425.8504560845,12.810536317459325
2011,m,68,0.03001043841336117,0.5,0.029566782362771566,71676.40628171935,2119.240705077187,70616.78592918075,872687.3245251643,12.175377781848114
2011,m,69,0.036237897648686034,0.5,0.03559299008286918,69557.16557664216,2475.7475045619212,68319.2918243612,802070.5385959835,11.531098657437603
2011,m,70,0.03598675687347056,0.5,0.035350678733031674,67081.41807208024,2371.373659222292,65895.73124246909,733751.2467716223,10.938219075559687
2011,m,71,0.04224326292789512,0.5,0.04136947218259629,64710.04441285795,2677.020382272298,63371.5342217218,667855.5155291533,10.320739563523615
2011,m,72,0.04790614306664494,0.5,0.04678548695098663,62033.02403058565,2902.2452363132033,60581.90141242905,604483.9813074315,9.744551241116152
2011,m,73,0.050918635170603674,0.5,0.049654466342462254,59130.778794272446,2936.107265443781,57662.72516155055,543902.0798950024,9.19829048400232
2011,m,74,0.05990387916237556,0.5,0.058161819848345966,56194.671528828665,3268.384361896715,54560.479347880304,486239.35473345185,8.65276620549342
2011,m,75,0.05653399084184572,0.5,0.05497987496788558,52926.28716693195,2909.8806509523274,51471.34684145579,431678.87538557156,8.156228190049237
2011,m,76,0.0646756705345254,0.5,0.06264971439100793,50016.40651597962,3133.513583090673,48449.64972443429,380207.5285441158,7.60165623699184
2011,m,77,0.08017999590918388,0.5,0.07708947885939037,46882.89293288895,3614.1777836170004,45075.80404108045,331757.8788196815,7.0763098875869295
2011,m,78,0.08637951105937136,0.5,0.08280325856489232,43268.71514927195,3582.790608275842,41477.31984513403,286682.074778601,6.625620238308019
2011,m,79,0.0973049645390071,0.5,0.09279047747869607,39685.92454099611,3682.4758873425308,37844.68659732484,245204.75493346696,6.178632796627103
2011,m,80,0.11255473957392888,0.5,0.106557939035113,36003.44865365358,3836.4532866898408,34085.22201030866,207360.0683361421,5.75945016631343
2011,m,81,0.1245750891157946,0.5,0.1172705918976394,32166.995366963736,3772.2425862524615,30280.874073837505,173274.84632583347,5.386727742181069
2011,m,82,0.1376800000628504,0.5,0.12881254449571727,28394.752780711275,3657.6003560102654,26565.952602706144,142993.97225199596,5.035929467543476
2011,m,83,0.15192426051202385,0.5,0.14119852013367362,24737.15242470101,3492.8493146888977,22990.727767356562,116428.01964928981,4.706605580561161
2011,m,84,0.1673562097924779,0.5,0.15443350662556948,21244.30311001211,3280.8322250956626,19603.88699746428,93437.29188193326,4.398228146062259
2011,m,85,0.1840155622431703,0.5,0.16851121889824872,17963.47088491645,3027.046374460473,16449.947697686213,73833.40488446898,4.110197041400577
2011,m,86,0.20193107983315306,0.5,0.1834127159406406,14936.424510455976,2739.5301859050833,13566.659417503433,57383.45718678277,3.841846965892842
2011,m,87,0.22111817140200715,0.5,0.19910527431544414,12196.894324550893,2428.4659902861895,10982.661329407798,43816.797769279336,3.5924553089782334
2011,m,88,0.2415765217554011,0.5,0.21554162386231643,9768.428334264703,2105.502905750077,8715.676881389665,32834.13643987154,3.3612506860186793
2011,m,89,0.26328787776315404,0.5,0.23265964559785998,7662.925428514626,1782.8535144410425,6771.4986712941045,24118.459558481874,3.1474219321950225
2011,m,90,0.28621413781530375,0.5,0.2503826155924385,5880.071914073584,1472.2677857173803,5143.9380212148935,17346.96088718777,2.9501273352914117
2011,m,91,0.3102959018989165,0.5,0.2686200513482909,4407.804128356203,1184.024571292252,3815.7918427100776,12203.022865972878,2.768503887790435
2011,m,92,0.33545163857833094,0.5,0.2872691800053987,3223.7795570639514,926.092509875929,2760.733302125987,8387.2310232628,2.601676347529621
2011,m,93,0.36157760933679955,0.5,0.30621700333476753,2297.6870471880225,703.5908421910269,1945.891626092509,5626.497721136813,2.4487659135401785
2011,m,94,0.38854865845059217,0.5,0.3253428872599452,1594.0962049969955,518.627861903844,1334.7822740450736,3680.6060950443043,2.308898348485336
2011,m,95,0.4162199282044912,0.5,0.3445215589408593,1075.4683430931516,370.5220301539954,890.207328016154,2345.823820999231,2.1812114099541167
2011,m,96,0.44442949765387435,0.5,0.3636263578724041,704.9463129391562,256.3370602696454,576.7777828043335,1455.616492983077,2.064861488407715
2011,m,97,0.4730018736180486,0.5,0.3825325638965553,448.6092526695108,171.60764761138557,362.805428863818,878.8387101787434,1.9590293890486952
2011,m,98,0.5017521925016423,0.5,0.4011206177858184,277.0016050581252,111.11105494857847,221.44607758383597,516.0332813149254,1.8629252390311688
2011,m,99,0.5304909292807479,0.5,0.41927906015575533,165.89055010954675,69.554433938652,131.11333314022076,294.5872037310894,1.7757925544074518
2011,m,100,0.5590288636519118,0.5,0.4369070404732668,96.33611617089475,42.08992740691445,75.29115246743753,163.47387059086861,1.696911574687891
2011,m,101,0.587182029272619,0.5,0.4539162862364996,54.24618876398031,24.623228546230074,41.93457449086527,88.1827181234311,1.6256020954228732
2011,m,102,0.6147763736159647,0.5,0.4702324679229013,29.622960217750233,13.929677690374618,22.658121372562924,46.248143632565835,1.5612262681584976
2011,m,103,0.6416518829930765,0.5,0.48579594239803037,15.693282527375615,7.62373297470498,11.881416040023126,23.59002226000291,1.5031923511765046
2011,m,104,0.6676659759616141,0.5,0.5005619009111067,8.069549552670635,4.039309063581184,6.049895020880043,11.708606219979785,1.450961561553928
2011,m,105,0.6926960320046942,0.5,0.5144999834897716,4.030240489089451,2.073558665096331,2.993461156541285,5.658711199099741,1.4040629124785082
2011,m,106,0.71664099282297,0.5,0.5275934469929939,1.9566818239931196,1.0323325081890686,1.4405155698985852,2.6652500425584567,1.362127459803004
2011,m,107,0.7394220424988568,0.5,0.5398379884717347,0.924349315804051,0.49899887528888315,0.6748498781596094,1.2247344726598715,1.3249693072954012
2011,m,108,0.7609824330202286,0.5,0.5512403294705448,0.42535044051516785,0.2344703169700225,0.3081152820301566,0.5498845945002621,1.2927801222781463
2011,m,109,0.781286568155708,0.5,0.5618166621886683,0.19088012354514536,0.1072396338882942,0.13726030660099825,0.24176931247010547,1.266602870848018
2011,m,110,0.8003184889310597,0.5,1.0,0.08364048965685116,0.08364048965685116,0.10450900586910723,0.10450900586910723,1.249502559082002
2012,m,0,0.010522713662417658,0.070742963469929,0.010420815740317562,100000.0,1042.081574031763,99031.63836469266,7295113.695452519,72.95113695452518
2012,m,1,0.0005936731405309134,0.5,0.0005934969689261945,98957.91842596824,58.731224637056584,98928.5528136497,7196082.057087827,72.71860778348237
2012,m,2,0.0,0.5,0.0,98899.18720133118,0.0,98899.18720133118,7097153.504274176,71.76149476159344
2012,m,3,0.0003487966515521451,0.5,0.0003487358326068004,98899.18720133118,34.48969039278745,98881.9423561348,6998254.317072845,70.76149476159344
2012,m,4,0.00026944494341656186,0.5,0.00026940864801760134,98864.6975109384,26.635004493087763,98851.38000869185,6899372.37471671,69.78600601042008
2012,m,5,0.0001816860465116279,0.5,0.0001816695431010991,98838.0625064453,17.955865656535025,98829.08457361703,6800520.994708018,68.80467728983002
2012,m,6,9.242144177449168e-05,0.5,9.241717111039231e-05,98820.10664078877,9.132674704567762,98815.54030343649,6701691.910134401,67.81708842407002
2012,m,7,0.0,0.5,0.0,98810.9739660842,0.0,98810.9739660842,6602876.369830965,66.82331025395348
2012,m,8,0.0002670464660850988,0.5,0.0002670108139379645,98810.9739660842,26.3835985846963,98797.78216679185,6504065.395864881,65.82331025395348
2012,m,9,8.873901854645488e-05,0.5,8.873508141443719e-05,98784.5903674995,8.765658668751712,98780.20753816512,6405267.613698089,64.84075694264806
2012,m,10,0.00017484045808200017,0.5,0.00017482517482517483,98775.82470883075,17.268500823221984,98767.19045841915,6306487.406159923,63.846466731612225
2012,m,11,0.00017031422975389594,0.5,0.00017029972752043596,98758.55620800753,16.818555212536012,98750.14693040127,6207720.215701505,62.857543225183065
2012,m,12,0.00025992029111072604,0.5,0.00025988651622125007,98741.737652795,25.661646204214776,98728.90682969289,6108970.068771103,61.86816450660449
2012,m,13,0.00043840420868040335,0.5,0.000438308130615823,98716.07600659078,43.268058736182866,98694.44197722268,6010241.16194141,60.88411741102975
2012,m,14,0.00042549570249340483,0.5,0.000425405198451525,98672.8079478546,41.97592544683721,98651.81998513118,5911546.719964188,59.910595866373335
2012,m,15,8.225713580653122e-05,0.5,8.225375282747276e-05,98630.83202240776,8.112756078335224,98626.7756443686,5812894.899979057,58.93588019878445
2012,m,16,0.00023592324630386914,0.5,0.00023589541969726754,98622.71926632943,23.264647753021563,98611.08694245291,5714268.124334688,57.94068716462156
2012,m,17,0.00045962923241918186,0.5,0.0004595236271731638,98599.4546185764,45.30877902361681,98576.8002290646,5615657.037392235,56.954240356763904
2012,m,18,0.0007640003056001223,0.5,0.0007637085688101421,98554.14583955279,75.26664566942782,98516.51251671807,5517080.237163171,55.98019434053071
2012,m,19,0.0006810958074769184,0.5,0.0006808639406891856,98478.87919388336,67.05071776259865,98445.35383500205,5418563.724646453,55.02259742394597
2012,m,20,0.0002920134326179004,0.5,0.000291970802919708,98411.82847612076,28.733380576974014,98397.46178583227,5320118.37081145,54.05974518705702
2012,m,21,0.000577992919586735,0.5,0.000577825929938606,98383.09509554379,56.84830341381894,98354.67094383689,5221720.909025618,53.075387636001835
2012,m,22,0.000728650539201399,0.5,0.0007283851700779372,98326.24679212997,71.61937999280053,98290.43710213357,5123366.238081781,52.10578462242144
2012,m,23,0.0005004289390906491,0.5,0.0005003037558517671,98254.62741213717,49.15715912410815,98230.04883257512,5025075.800979648,51.14340090977651
2012,m,24,0.0005576856047403276,0.5,0.0005575301414732734,98205.47025301306,54.75250972362119,98178.09399815125,4926845.752147073,50.16875067604405
2012,m,25,0.00042357924461701376,0.5,0.0004234895539243365,98150.71774328944,41.56580367445713,98129.93484145221,4828667.658148922,49.19645794927524
2012,m,26,0.001205588256152046,0.5,0.0012048619724299233,98109.15193961498,118.20798631939397,98050.04794645528,4730537.72330747,48.21708912761839
2012,m,27,0.0004204625087596356,0.5,0.00042037413297835066,97990.94395329559,41.19285810409929,97970.34752424354,4632487.675361015,47.27465098783975
2012,m,28,0.0010447137484329294,0.5,0.001044168319933173,97949.75109519149,102.27602703894081,97898.61308167203,4534517.3278367715,46.294322110425234
2012,m,29,0.0008242890506937766,0.5,0.0008239494644328481,97847.47506815255,80.62137467850698,97807.1643808133,4436618.714755099,45.34218907197057
2012,m,30,0.0008937164856317888,0.5,0.0008933172994330871,97766.85369347404,87.33682171552209,97723.18528261628,4338811.550374286,44.37916723778033
2012,m,31,0.00041505257332595465,0.5,0.000414966456878069,97679.51687175852,40.533723025844665,97659.2500102456,4241088.36509167,43.4184003045358
2012,m,32,0.0009029031809973607,0.5,0.0009024957478565725,97638.98314873267,88.11876711677178,97594.92376517429,4143429.1150814244,42.43621739453977
2012,m,33,0.0009145912480652878,0.5,0.0009141732006610175,97550.8643816159,89.17838591898908,97506.27518865641,4045834.1913162502,41.47409884026322
2012,m,34,0.0010723477266228196,0.5,0.00107177306991533,97461.68599569691,104.45681039874034,97409.45759049754,3948327.9161275937,40.51159053724885
2012,m,35,0.001074729526402522,0.5,0.0010741523147982384,97357.22918529817,104.57649309173576,97304.9409387523,3850918.458537096,39.554519892998556
2012,m,36,0.0014977533699450823,0.5,0.0014966325767024195,97252.65269220644,145.55148818988528,97179.87694811149,3753613.517598344,38.596515505629476
2012,m,37,0.0008712066211703209,0.5,0.0008708272859216255,97107.10120401655,84.56351338520471,97064.81944732394,3656433.6406502323,37.653617452427824
2012,m,38,0.0012559101654846336,0.5,0.00125512200524198,97022.53769063135,121.77512205993116,96961.65012960139,3559368.821202908,36.68600003591337
2012,m,39,0.0014845605700712589,0.5,0.001483459427384661,96900.76256857142,143.74834975312115,96828.88839369486,3462407.171073307,35.7314749574148
2012,m,40,0.0015598306469583303,0.5,0.0015586150591902627,96757.0142188183,150.80693944373343,96681.61074909644,3365578.282679612,34.78381706847915
2012,m,41,0.0018753281824319256,0.5,0.0018735714018061228,96606.20727937456,180.99862719558587,96515.70796577676,3268896.671930515,33.83733575708261
2012,m,42,0.002824648777224411,0.5,0.002820665083135392,96425.20865217898,271.98321917925205,96289.21704258936,3172380.9639647384,32.89991287867491
2012,m,43,0.0021937842778793418,0.5,0.002191380569758948,96153.22543299972,210.70830993352865,96047.87127803295,3076091.746922149,31.991560689408097
2012,m,44,0.0021893016127855214,0.5,0.0021869077124945326,95942.5171230662,209.81743065257615,95837.6084077399,2980043.8756441157,31.060722242898745
2012,m,45,0.0032989099254159496,0.5,0.003293477482637646,95732.69969241362,315.293490789074,95575.05294701908,2884206.2672363757,30.127702201058224
2012,m,46,0.003327433628318584,0.5,0.0033219069159274835,95417.40620162454,316.9677415610349,95258.92233084403,2788631.2142893565,29.225602804552846
2012,m,47,0.004303047404063206,0.5,0.004293809171857953,95100.43846006351,408.34313490753993,94896.26689260974,2693372.2919585123,28.321344628600922
2012,m,48,0.005111821086261981,0.5,0.005098789037603569,94692.09532515597,482.8150175916089,94450.68781636017,2598476.0250659026,27.44131932177859
2012,m,49,0.005137237633935124,0.5,0.005124075836322377,94209.28030756436,482.7354967813153,93967.91255917371,2504025.3372495426,26.579391425926076
2012,m,50,0.005079131394920868,0.5,0.005066265281397995,93726.54481078305,474.8435399202572,93489.12304082292,2410057.424690369,25.713712476607768
2012,m,51,0.005983758370138197,0.5,0.005965909090909091,93251.70127086279,556.3311723545776,92973.5356846855,2316568.3016495463,24.84210228959518
2012,m,52,0.006846414455110107,0.5,0.006823057714627369,92695.37009850821,632.4658600608673,92379.13716847778,2223594.7659648606,23.98819664457703
2012,m,53,0.00830945558739255,0.5,0.00827507490369525,92062.90423844734,761.8274284248764,91681.9905242349,2131215.628796383,23.149558950219863
2012,m,54,0.008725751784812864,0.5,0.008687847783162807,91301.07681002247,793.2098577643337,90904.4718811403,2039533.638272148,22.33854965934269
2012,m,55,0.010128780205469541,0.5,0.010077742585660812,90507.86695225813,912.114985122098,90051.80945969708,1948629.1663910078,21.52994244598525
2012,m,56,0.009304710967836471,0.5,0.009261622607110302,89595.75196713604,829.8020419198729,89180.8509461761,1858577.3569313108,20.744034355702958
2012,m,57,0.011472275334608031,0.5,0.011406844106463879,88765.94992521616,1012.5393527591223,88259.68024883661,1769396.5059851347,19.933279680731427
2012,m,58,0.012969283276450512,0.5,0.012885723974228554,87753.41057245704,1130.7662264338287,87188.02745924013,1681136.8257362982,19.157509830893716
2012,m,59,0.015121989243121053,0.5,0.015008509979885502,86622.64434602321,1300.0768221513572,85972.60593494753,1593948.7982770582,18.4010637208195
2012,m,60,0.01449761166513031,0.5,0.01439327759058197,85322.56752387185,1228.0713991122611,84708.53182431572,1507976.1923421107,17.673825766204278
2012,m,61,0.016716787546435522,0.5,0.016578220253497655,84094.4961247596,1394.1370788631757,83397.427585328,1423267.660517795,16.924623204903753
2012,m,62,0.017765814266487216,0.5,0.017609391675560297,82700.35904589642,1456.3030141486524,81972.20753882208,1339870.232932467,16.201504423806384
2012,m,63,0.018317061831706182,0.5,0.018150826922191,81244.05603174776,1474.6467994890409,80506.73263200324,1257898.0253936448,15.482954530262443
2012,m,64,0.02333595903899173,0.5,0.02306681590345029,79769.40923225872,1840.026277487501,78849.39609351498,1177391.2927616416,14.759934968723636
2012,m,65,0.02395485431302545,0.5,0.02367133265050643,77929.38295477122,1844.6923471711052,77007.03678118567,1098541.8966681266,14.096632810575441
2012,m,66,0.02348514337615155,0.5,0.02321256813081116,76084.69060760012,1766.1210644406092,75201.63007537981,1021534.8598869409,13.426286572622267
2012,m,67,0.02785846316345392,0.5,0.027475747118953054,74318.56954315951,2041.9582230101805,73297.59043165442,946333.2298115611,12.733469382265099
2012,m,68,0.03347732181425486,0.5,0.032926181625066386,72276.61132014933,2379.792831571569,71086.71490436354,873035.6393799066,12.079089257696301
2012,m,69,0.03256627640963531,0.5,0.03204449152542373,69896.81848857776,2239.808007711312,68776.9144847221,801948.9244755431,11.473325135772727
2012,m,70,0.031746031746031744,0.5,0.03125,67657.01048086645,2114.281577527072,66599.86969210292,733172.009990821,10.836600742182714
2012,m,71,0.03695425420950678,0.5,0.03628383321141185,65542.72890333938,2378.1414437495478,64353.658181464605,666572.1402987181,10.170039475801511
2012,m,72,0.0487175595689786,0.5,0.047559078450255574,63164.58745958983,3004.0495702686603,61662.5626744555,602218.4821172535,9.534115654638427
2012,m,73,0.054128126070572116,0.5,0.052701801200800535,60160.53788932117,3170.5687079762283,58575.25353533305,540555.919442798,8.98522417531027
2012,m,74,0.056129985228951254,0.5,0.05459770114942529,56989.96918134494,3111.521305878028,55434.20852840593,481980.6659074649,8.457289463936684
2012,m,75,0.06181818181818182,0.5,0.059964726631393295,53878.44787546691,3230.8063981761443,52263.044676378835,426546.457379059,7.916828977051569
2012,m,76,0.06993268511593119,0.5,0.06757000903342367,50647.64147729077,3422.2615921421384,48936.5106812197,374283.41270268016,7.389947523430093
2012,m,77,0.07774358974358975,0.5,0.07483463323131602,47225.37988514863,3534.0939829146664,45458.332893691295,325346.90202146047,6.889238430960194
2012,m,78,0.09447771124417831,0.5,0.09021601016518425,43691.28590223396,3941.653493085905,41720.45915569101,279888.56912776915,6.406050161903298
2012,m,79,0.1004601226993865,0.5,0.09565534866739686,39749.63240914806,3802.264947497919,37848.4999353991,238168.10997207815,5.991705974047339
2012,m,80,0.11304857447434816,0.5,0.107000450287775,35947.36746165014,3846.384505056678,34024.1752091218,200319.61003667905,5.572580808605435
2012,m,81,0.1266301572519742,0.5,0.11908996664996548,32100.98295659346,3822.9049897318255,30189.530461727547,166295.43482755724,5.180384508861296
2012,m,82,0.14158295914533314,0.5,0.13222271735094152,28278.077966861634,3739.0043102402306,26408.575811741517,136105.9043658297,4.813124305171263
2012,m,83,0.15798203761890064,0.5,0.14641645283870547,24539.073656621404,3592.9241207502273,22742.61159624629,109697.32855408818,4.470312534576399
2012,m,84,0.17589136512539813,0.5,0.1616729290299485,20946.149535871176,3386.425347363591,19252.93686218938,86954.71695784188,4.151346136860535
2012,m,85,0.195359901102929,0.5,0.17797528414797223,17559.724188507585,3125.1969020096585,15997.125737502756,67701.7800956525,3.8555150051822387
2012,m,86,0.21641742486459872,0.5,0.19528579990099987,14434.527286497927,2818.858207336556,13025.09818282965,51704.654358149746,3.582012305073152
2012,m,87,0.23907032696120467,0.5,0.21354427691037586,11615.669079161371,2480.4596543397274,10375.439251991507,38679.5561753201,3.329946463842674
2012,m,88,0.2632976177821835,0.5,0.2326672512828341,9135.209424821644,2125.4640667662916,8072.477391438498,28304.116923328587,3.098354466447407
2012,m,89,0.2890474640361012,0.5,0.2525482486295379,7009.745358055352,1770.2989135159114,6124.595901297396,20231.63953189009,2.886216046156456
2012,m,90,0.3162345956611564,0.5,0.2730592110605178,5239.446444539441,1430.6791125397745,4524.106888269554,14107.043630592692,2.692468332278704
2012,m,91,0.3447389265770533,0.5,0.2940531439722523,3808.767331999666,1119.980008633309,3248.7773276830117,9582.936742323138,2.516020514514321
2012,m,92,0.3744056932296388,0.5,0.3153679207367268,2688.787323366357,847.9572674733172,2264.8086896296986,6334.159414640126,2.3557681039308713
2012,m,93,0.40504733031152856,0.5,0.3368310679017384,1840.83005589304,620.0487535520692,1530.8056791170054,4069.3507250104276,2.2106064120276803
2012,m,94,0.4364471755567259,0.5,0.3582652478045194,1220.7813023409708,437.3635157983118,1002.0995444418149,2538.545045893422,2.0794429280867153
2012,m,95,0.4683649357539855,0.5,0.3794940763983256,783.417786542659,297.302409338027,634.7665818736455,1536.445501451607,1.9612083461012202
2012,m,96,0.5005436728876155,0.5,0.4003478749959925,486.11537720463195,194.61525826674978,388.80774807125704,901.6789195779616,1.8548660706085762
2012,m,97,0.5327179069855495,0.5,0.42066896239509943,291.5001189378822,122.62505257164696,230.1875926520587,512.8711715067045,1.759420110617505
2012,m,98,0.564622306341704,0.5,0.440316147095443,168.87506636623522,74.35841856286793,131.69585708480125,282.6835788546458,1.6739213487063678
2012,m,99,0.5960003674616857,0.5,0.45916816879686523,94.51664780336729,43.39903609269041,72.81712975702209,150.98772176984457,1.597472247259127
2012,m,100,0.6266124882881121,0.5,0.4771259491699937,51.11761171067688,24.389539006759893,38.92284220729694,78.17059201282248,1.5292301302193871
2012,m,101,0.6562429087808092,0.5,0.49411362689116306,26.72807270391699,13.206704943543118,20.12472023214543,39.247749805525544,1.4684092729130371
2012,m,102,0.6847051204535959,0.5,0.5100784553485048,13.521367760373872,6.896958381410577,10.072888569668583,19.123029573380116,1.4142821874442792
2012,m,103,0.7118455095906245,0.5,0.5249897216291525,6.624409378963295,3.477746835819487,4.885535961053552,9.050141003711534,1.3661808149193613
2012,m,104,0.7375451720230526,0.5,0.5388368963263571,3.146662543143808,1.6955378785340114,2.2988936038768024,4.164605042657981,1.3234990996197367
2012,m,105,0.7617199962761713,0.5,0.5516272448352867,1.4511246646097968,0.8004799006512316,1.050884714284181,1.8657114387811786,1.2857003152674433
2012,m,106,0.7843192380586396,0.5,0.5633831259992331,0.6506447639585652,0.3665622810340096,0.46736362344156035,0.8148267244969974,1.2523373269609341
2012,m,107,0.8053228921022245,0.5,0.5741391797496365,0.28408248292455557,0.16310288372754445,0.20253104106078335,0.3474631010554371,1.2231063931798767
2012,m,108,0.8247382053489292,0.5,0.5839395691871222,0.12097959919701112,0.07064477503553339,0.08565721167924442,0.14493205999465375,1.1979876025100469
2012,m,109,0.8425956734052422,0.5,0.5928354013118357,0.050334824161477734,0.029840265681730333,0.03541469132061257,0.05927484831540933,1.1776111132374547
2012,m,110,0.8589448294165329,0.5,1.0,0.0204945584797474,0.0204945584797474,0.023860156994796763,0.023860156994796763,1.164219127646747
2013,m,0,0.010875980102858106,0.07169113059607116,0.010767270842268141,100000.0,1076.727084226819,99000.46469778482,7334061.361545733,73.34061361545733
2013,m,1,0.00017204301075268816,0.5,0.0001720282126268708,98923.27291577318,17.01759382689488,98914.76411885973,7235060.896847948,73.13810677299504
2013,m,2,0.0003412095879894225,0.5,0.0003411513859275053,98906.25532194629,33.74200607997773,98889.38431890629,7136146.132729089,72.15060472667244
2013,m,3,8.416799932665601e-05,0.5,8.416445734966124e-05,98872.51331586631,8.321551430039108,98868.35254015129,7037256.748410183,71.17505677162652
2013,m,4,0.0003509079743837179,0.5,0.0003508464169809666,98864.19176443627,34.686147448272095,98846.84869071213,6938388.395870032,70.18100560010778
2013,m,5,0.0002709048221058335,0.5,0.00027086813236422734,98829.505616988,26.769763608957874,98816.12073518352,6839541.54717932,69.20546151152311
2013,m,6,9.128251939753537e-05,0.5,9.127835333850577e-05,98802.73585337904,9.018551034037955,98798.22657786202,6740725.426444137,68.2240766738202
2013,m,7,0.0002787068004459309,0.5,0.00027866796711717987,98793.717302345,27.53064436459681,98779.9519801627,6641927.199866274,67.23025898033113
2013,m,8,9.170946441672781e-05,0.5,9.170525929662066e-05,98766.1866579804,9.057378757206607,98761.6579686018,6543147.247886112,66.24885974938488
2013,m,9,0.00026857654431512983,0.5,0.00026854048247773355,98757.1292792232,26.520287144754548,98743.86913565082,6444385.58991751,65.2548898186057
2013,m,10,8.897588753447816e-05,0.5,8.897192935628808e-05,98730.60899207844,8.784252768542501,98726.21686569418,6345641.720781859,64.27228379894827
2013,m,11,8.782715615668365e-05,0.5,8.782329952136302e-05,98721.8247393099,8.670076383379637,98717.4897011182,6246915.503916165,63.277958246943896
2013,m,12,0.00025700334104343357,0.5,0.00025697031992804833,98713.15466292652,25.36635093484074,98700.4714874591,6148198.014215047,62.28347209861901
2013,m,13,0.0,0.5,0.0,98687.78831199168,0.0,98687.78831199168,6049497.542727588,61.29935269805318
2013,m,14,8.839388314328648e-05,0.5,8.83899765766562e-05,98687.78831199168,8.723011297304765,98683.42680634302,5950809.754415596,60.29935269805317
2013,m,15,8.578536501672814e-05,0.5,8.578168561012222e-05,98679.06530069438,8.464856555932784,98674.83287241642,5852126.327609253,59.30463882867842
2013,m,16,0.0002487974788522143,0.5,0.00024876653260914633,98670.60044413844,24.54594314294809,98658.32747256698,5753451.494736836,58.309683622469755
2013,m,17,0.0003177124702144559,0.5,0.0003176620076238882,98646.0545009955,31.336103716952493,98630.38644913702,5654793.16726427,57.32406831544594
2013,m,18,0.0006188118811881188,0.5,0.0006186204763377667,98614.71839727854,61.00508406883455,98584.21585524413,5556162.780815133,56.34212489895895
2013,m,19,0.0009267124874507684,0.5,0.0009262832883056736,98553.71331320971,91.28865764249349,98508.06898438846,5457578.564959888,55.376691364386964
2013,m,20,0.000765579543714592,0.5,0.000765286599831637,98462.42465556721,75.3519741758355,98424.7486684793,5359070.4959755,54.42756985441034
2013,m,21,0.0008121677495569994,0.5,0.0008118380752057271,98387.07268139138,79.87437171078636,98347.13549553599,5260645.74730702,53.468871508583895
2013,m,22,0.0003655237955990935,0.5,0.0003654570039834813,98307.19830968059,35.92705416426179,98289.23478259846,5162298.611811484,52.51190859442017
2013,m,23,0.0005899269965341789,0.5,0.0005897530409141172,98271.27125551633,57.95578105743334,98242.29336498762,5064009.377028885,51.5309236598954
2013,m,24,0.0006507121683175475,0.5,0.000650500524014311,98213.3154744589,63.887813181310776,98181.37156786825,4965767.083663898,50.56103706177481
2013,m,25,0.0009877936922317082,0.5,0.0009873060648801129,98149.42766127759,96.90352519448788,98100.97589868034,4867585.712096029,49.593622989779426
2013,m,26,0.0010002857959416976,0.5,0.000999785760194244,98052.5241360831,98.03151738236193,98003.50837739192,4769484.736197349,48.64214132394976
2013,m,27,0.0008614501076812635,0.5,0.0008610792192881745,97954.49261870074,84.34657802987203,97912.3193296858,4671481.227819957,47.69032132098567
2013,m,28,0.0008508827908955541,0.5,0.0008505209440782478,97870.14604067086,83.24060900758195,97828.52573616707,4573568.908490271,46.730990945795476
2013,m,29,0.0012678734944002255,0.5,0.0012670702520061947,97786.90543166328,123.90287890820764,97724.95399220918,4475740.382754104,45.77034484317432
2013,m,30,0.0005556327267676066,0.5,0.0005554784057769754,97663.00255275508,54.249688961397624,97635.87770827438,4378015.428761895,44.827778322676515
2013,m,31,0.0009030913511635985,0.5,0.0009026837482206714,97608.75286379368,88.10983489423234,97564.69794634657,4280379.551053621,43.852415131526136
2013,m,32,0.0010477787091366304,0.5,0.0010472300764477957,97520.64302889945,102.12655045439897,97469.57975367224,4182814.853107274,42.89158400922081
2013,m,33,0.0009122166865483124,0.5,0.0009118008065930213,97418.51647844505,88.82628190214746,97374.10333749397,4085345.273353602,41.93602429018236
2013,m,34,0.0010659465605457647,0.5,0.0010653787421428319,97329.6901965429,103.69298291474115,97277.84370508553,3987971.1700161076,40.97384017110288
2013,m,35,0.0006496787699415289,0.5,0.0006494677972217211,97225.99721362816,63.14515424302954,97194.42463650665,3890693.326311022,40.01700612812706
2013,m,36,0.0012301013024602027,0.5,0.0012293451928987236,97162.85205938513,119.44668510754127,97103.12871683136,3793498.9016745156,39.04268783048855
2013,m,37,0.001079602706204117,0.5,0.001079020249613351,97043.40537427759,104.7117994902801,96991.04947453245,3696395.772957684,38.09012841935423
2013,m,38,0.001244600629621495,0.5,0.001243826595939272,96938.6935747873,120.57492524392728,96878.40611216534,3599404.7234831518,37.13073274199063
2013,m,39,0.0014154808910079714,0.5,0.0014144798064396054,96818.11864954338,136.94727372725902,96749.64501267974,3502526.3173709866,36.176351763756415
2013,m,40,0.0018701376421304608,0.5,0.001868390568364411,96681.17137581612,180.63818873699347,96590.85228144762,3405776.672358307,35.22688672357387
2013,m,41,0.0016480635253577048,0.5,0.0016467065868263474,96500.53318707913,158.90806363141746,96421.07915526342,3309185.8200768596,34.29189156563065
2013,m,42,0.0024192938686021016,0.5,0.002416370912935135,96341.62512344771,232.7971006532025,96225.22657312111,3212764.740921596,33.34762867872436
2013,m,43,0.003148661818727041,0.5,0.0031437125748502996,96108.8280227945,302.13853120939166,95957.75875718982,3116539.514348475,32.427192990110264
2013,m,44,0.003023152927296859,0.5,0.003018590097551997,95806.68949158512,289.2011241785367,95662.08892949585,3020581.755591285,31.527879437443545
2013,m,45,0.0032350562458642747,0.5,0.003229831901930559,95517.48836740658,308.50543112133164,95363.23565184591,2924919.666661789,30.62182346557449
2013,m,46,0.0031076100310761003,0.5,0.0031027889021178335,95208.98293628525,295.4133756366209,95061.27624846694,2829556.431009943,29.71942713539445
2013,m,47,0.0034258796659767327,0.5,0.0034200213751335953,94913.56956064863,324.6064366876526,94751.26634230479,2734495.154761476,28.810371029341244
2013,m,48,0.004548361879042001,0.5,0.004538041551442955,94588.96312396097,429.24864496444934,94374.33880147875,2639743.8884191713,27.907525373332692
2013,m,49,0.005584592253168182,0.5,0.005569041839211766,94159.71447899652,524.3793895017734,93897.52478424564,2545369.5496176924,27.03246886103789
2013,m,50,0.005629212650914747,0.5,0.005613413102887954,93635.33508949475,525.613816884681,93372.52818105242,2451472.024833447,26.181056782574437
2013,m,51,0.004969220499888749,0.5,0.0049569045241001745,93109.72127261007,461.5359986139083,92878.95327330311,2358099.4966523945,25.326028951888535
2013,m,52,0.006102376337138345,0.5,0.00608381347743621,92648.18527399616,563.6542782299512,92366.35813488119,2265220.543379091,24.449702243815857
2013,m,53,0.007842578069299872,0.5,0.007811945174348414,92084.53099576621,719.3593075445242,91724.85134199396,2172854.18524421,23.59629963629952
2013,m,54,0.00881311854366828,0.5,0.00877445339470656,91365.17168822169,801.6794408776623,90964.33196778285,2081129.333902216,22.778147246348404
2013,m,55,0.01093772786933061,0.5,0.010878236275291898,90563.49224734402,985.1710665821738,90070.90671405294,1990165.0019344331,21.97535621195967
2013,m,56,0.01060484165874351,0.5,0.010548906914990362,89578.32118076185,944.9533717369632,89105.84449489336,1900094.0952203802,21.211539468195024
2013,m,57,0.011033767772511848,0.5,0.010973229738189049,88633.36780902489,972.5943074378447,88147.07065530596,1810988.2507254868,20.43235291056025
2013,m,58,0.013254896120336585,0.5,0.013167628347388667,87660.77350158704,1154.2844861135236,87083.63125853028,1722841.180070181,19.653501917125908
2013,m,59,0.012368441269109626,0.5,0.01229242221798053,86506.48901547352,1063.3742875733005,85974.80187168687,1635757.5488116506,18.90907338198711
2013,m,60,0.014672241066498382,0.5,0.01456538762725137,85443.11472790022,1244.5120860915777,84820.85868485444,1549782.7469399637,18.138181781824773
2013,m,61,0.018400204446716074,0.5,0.018232463914915165,84198.60264180864,1535.1479843530542,83431.02864963212,1464961.8882551093,17.398885994429623
2013,m,62,0.019789511558873797,0.5,0.01959561770731273,82663.45465745559,1619.841455833288,81853.53392953894,1381530.8596054772,16.71271622182166
2013,m,63,0.0183343975189273,0.5,0.01816784923396755,81043.6132016223,1472.3881460230477,80307.41912861078,1299677.3256759383,16.036764333823186
2013,m,64,0.01972311776977053,0.5,0.019530516431924886,79571.22505559925,1554.0671184567764,78794.19149637086,1219369.9065473275,15.324257050149853
2013,m,65,0.023325960184998995,0.5,0.023057046312860267,78017.15793714247,1798.8452237544261,77117.73532526527,1140575.7150509567,14.619549663292085
2013,m,66,0.02400282386163078,0.5,0.023718172305545866,76218.31271338805,1807.759073774112,75314.43317650098,1063457.9797256915,13.952788271825531
2013,m,67,0.022567370237621134,0.5,0.02231556839065372,74410.55363961394,1660.5137987312191,73580.29674024833,988143.5465491904,13.279615568175704
2013,m,68,0.026726360059693394,0.5,0.026373920610482632,72750.03984088272,1918.703775172893,71790.68795329626,914563.2498089421,12.571309264012152
2013,m,69,0.03155845961351314,0.5,0.03106822692123452,70831.33606570982,2200.6040220237046,69731.03405469797,842772.5618556459,11.898301072195089
2013,m,70,0.03446359088382435,0.5,0.03387978142076503,68630.73204368612,2325.194200387181,67468.13494349254,773041.5278009479,11.26378088621985
2013,m,71,0.040059127864005915,0.5,0.039272516484312736,66305.53784329894,2603.9853279521776,65003.54517932285,705573.3928574553,10.641243790600862
2013,m,72,0.03735275883446993,0.5,0.03666793457588437,63701.55251534676,2335.8043600149977,62533.65033533926,640569.8476781325,10.05579648194302
2013,m,73,0.05185303006203277,0.5,0.05054263565891473,61365.74815533176,3101.586650951649,59814.95482985594,578036.1973427932,9.419524974740662
2013,m,74,0.05475504322766571,0.5,0.053295932678821885,58264.161504380114,3105.2428291254546,56711.54008981738,518221.2425129372,8.89433966150837
2013,m,75,0.05945839874411303,0.5,0.05774178180085755,55158.91867525466,3184.9742465177987,53566.43155199576,461509.70242311986,8.366909894304397
2013,m,76,0.06833976833976833,0.5,0.06608176218032481,51973.94442873686,3434.5298353132093,50256.679511080256,407943.2708711241,7.848995787311625
2013,m,77,0.0712130356065178,0.5,0.06876456876456875,48539.41459342365,3337.7919126013876,46870.51863712296,357686.59136004385,7.368992690911129
2013,m,78,0.08081705150976909,0.5,0.0776781903542467,45201.622680822264,3511.180250921745,43446.032555361395,310816.0727229209,6.876214929664266
2013,m,79,0.08984944147644487,0.5,0.08598652103183825,41690.44242990052,3584.8161048252805,39898.03437748788,267370.0401675595,6.413221462380089
2013,m,80,0.09768062401588509,0.5,0.09313202677048266,38105.62632507524,3548.85421101292,36331.19921956878,227472.00579007162,5.969512319507125
2013,m,81,0.11063869934917472,0.5,0.10483907016704534,34556.77211406232,3622.8998564127724,32745.322185855934,191140.80657050284,5.531211246802799
2013,m,82,0.12507747951911374,0.5,0.11771568869801177,30933.872257649546,3641.402076905535,29113.171219196778,158395.4843846469,5.120454467043897
2013,m,83,0.14110162029844867,0.5,0.13180282426649184,27292.47018074401,3597.2246510310724,25493.857855228474,129282.31316545012,4.736922393219807
2013,m,84,0.1588060518736994,0.5,0.1471239639483745,23695.245529712938,3486.1384490613673,21952.176305182256,103788.45531022165,4.380138419754919
2013,m,85,0.1782708362316443,0.5,0.16368105679645284,20209.10708065157,3307.8480038737252,18555.18307871471,81836.27900503938,4.0494752528373885
2013,m,86,0.19955543219700198,0.5,0.18145069615061096,16901.259076777846,3066.7452253031715,15367.886464126259,63281.09592632468,3.744164599741107
2013,m,87,0.2226926003939101,0.5,0.20038092568845917,13834.513851474674,2772.1726920083056,12448.427505470521,47913.209462198414,3.463309949058395
2013,m,88,0.24768229320312418,0.5,0.2203890593898459,11062.341159466368,2438.01896278437,9843.331678074184,35464.78195672789,3.2059020279246804
2013,m,89,0.2744859848817846,0.5,0.24136089358761287,8624.322196681998,2081.5741119786508,7583.535140692673,25621.450278653705,2.9708363966864484
2013,m,90,0.30302198518142776,0.5,0.2631516217658306,6542.748084703348,1721.734769294968,5681.880700055864,18037.915137961034,2.7569325464528998
2013,m,91,0.33316232304012594,0.5,0.28558863629000597,4821.01331540838,1376.8266182834395,4132.60000626666,12356.034437905171,2.56295380857261
2013,m,92,0.36473176249795597,0.5,0.3084762240539925,3444.18669712494,1062.4497072660934,2912.9618434918934,8223.434431638512,2.387627371798133
2013,m,93,0.39750940430435905,0.5,0.33160195625568106,2381.7369898588468,789.7886451237109,1986.8426672969913,5310.472588146618,2.2296637331317353
2013,m,94,0.43123312986343176,0.5,0.35474436784073865,1591.9483447351358,564.7347091881761,1309.5809901410478,3323.6299208496275,2.087774978278334
2013,m,95,0.46560687317831345,0.5,0.3776813556478439,1027.2136355469597,387.959438413326,833.2339163402967,2014.04893070858,1.9606913898063285
2013,m,96,0.5003103945732146,0.5,0.40019862786565263,639.2541971336337,255.8286525502396,511.3398708585139,1180.8150143682833,1.8471760055123083
2013,m,97,0.53501092567376,0.5,0.42209753043298126,383.4255445833941,161.8429754735716,302.5040568466083,669.4751435097694,1.7460368850416021
2013,m,98,0.5693758125104447,0.5,0.44320165990363863,221.58256910982251,98.20576243518605,172.4796878922295,366.97108666316115,1.656136979264285
2013,m,99,0.6030851494220362,0.5,0.4633618301390866,123.37680667463647,57.16810293747584,94.79275520589854,194.49139877093165,1.5764016269592327
2013,m,100,0.6358433976871045,0.5,0.48245916145476875,66.20870373716063,31.942995686037733,50.237205894141766,99.69864356503312,1.505823825834484
2013,m,101,0.6673891192471408,0.5,0.5004062695100957,34.2657080511229,17.146775137984463,25.69232048213067,49.46143767089136,1.4434675506222463
2013,m,102,0.6975022000540742,0.5,0.5171467144976505,17.118932913138437,8.852999911735235,12.69243295727082,23.76911718876069,1.38846955644755
2013,m,103,0.7260082424842292,0.5,0.5326530060838064,8.265933001403202,4.402874061284756,6.064495970760824,11.076684231489871,1.3400404079744566
2013,m,104,0.752780117804097,0.5,0.5469235359085581,3.863058940118446,2.1127978549527473,2.806660012642072,5.012188260729047,1.297466163064902
2013,m,105,0.7777369395704122,0.5,0.5599788291620532,1.7502610851656986,0.9801091531989926,1.2602065085662022,2.205528248086975,1.260113857743787
2013,m,106,0.8008409141597569,0.5,0.5718574804524423,0.770151931966706,0.44041714338006127,0.5499433602766753,0.9453217395207731,1.2274483777593639
2013,m,107,0.8220926317177033,0.5,0.5826120818843044,0.3297347885866447,0.192107471648146,0.23368105276257167,0.3953783792440978,1.1990799664749474
2013,m,108,0.8415253838620691,0.5,0.5923053784008834,0.13762731693849867,0.08151740003755575,0.09686861691972079,0.16169732648152615,1.174892674495599
2013,m,109,0.8591990502241923,0.5,0.6010068100413098,0.056109916900942906,0.03372244216831867,0.03924869581678357,0.06482870956180536,1.155387730768782
2013,m,110,0.8751940071565105,0.5,1.0,0.022387474732624233,0.022387474732624233,0.025580013745021786,0.025580013745021786,1.1426038019261375
2014,m,0,0.010700143230263711,0.07121918443002781,0.010594850674497568,100000.0,1059.4850674497575,99015.97059496981,7343167.687880104,73.43167687880104
2014,m,1,0.0002540435261241426,0.5,0.0002540112611659117,98940.51493255024,25.132004978411715,98927.94893006104,7244151.717285135,73.21724292847698
2014,m,2,0.00017289073305670817,0.5,0.00017287578874578617,98915.38292757183,17.10007484270318,98906.83289015049,7145223.768355073,72.23571862009547
2014,m,3,0.0003429061294470639,0.5,0.00034284734721865093,98898.28285272913,33.90701392054325,98881.32934576886,7046316.935464923,71.2481221333003
2014,m,4,8.45880561664693e-05,0.5,8.458447874814971e-05,98864.37583880858,8.362391697082785,98860.19464296004,6947435.606119154,70.27238625818525
2014,m,5,0.00026441036488630354,0.5,0.00026437541308658297,98856.0134471115,26.13509939117648,98842.94589741592,6848575.411476194,69.27828841833905
2014,m,6,0.000181422351233672,0.5,0.00018140589569160998,98829.87834772033,17.92832260276191,98820.91418641894,6749732.465578778,68.29647651523666
2014,m,7,9.166743056192135e-05,0.5,9.16632292955681e-05,98811.95002511756,9.057422432291787,98807.42131390142,6650911.551392359,67.30877742724161
2014,m,8,9.327488107452663e-05,0.5,9.327053117567504e-05,98802.89260268527,9.215398274740437,98798.2849035479,6552104.130078457,66.31490189691455
2014,m,9,0.0004604475550234828,0.5,0.000460341573447498,98793.67720441053,45.4788368109439,98770.93778600506,6453305.84517491,65.32104106037677
2014,m,10,0.0,0.5,0.0,98748.19836759959,0.0,98748.19836759959,6354534.907388904,64.35089462324711
2014,m,11,0.0002677137247902909,0.5,0.00026767789426723174,98748.19836759959,26.43270980172383,98734.98201269872,6255786.709021305,63.35089462324712
2014,m,12,8.812125484666901e-05,0.5,8.811737233995682e-05,98721.76565779786,8.699102582526393,98717.4161065066,6157051.727008606,62.367722922936515
2014,m,13,8.608815426997245e-05,0.5,8.608444884431627e-05,98713.06655521534,8.497659928136272,98708.81772525127,6058334.3109021,61.37317502453801
2014,m,14,8.77654906090925e-05,0.5,8.776163938742375e-05,98704.5688952872,8.662474781274796,98700.23765789656,5959625.493176849,60.37841570940086
2014,m,15,0.0003557136505113384,0.5,0.00035565039566106516,98695.90642050593,35.10123816858686,98678.35580142163,5860925.255518952,59.383671198557785
2014,m,16,0.0005180452426178552,0.5,0.0005179110919292188,98660.80518233734,51.09752534260042,98635.25641966604,5762246.899717531,58.404620650198304
2014,m,17,0.0004177807486631016,0.5,0.00041769349651225927,98609.70765699474,41.18863358130329,98589.11334020409,5663611.643297865,57.434625635421654
2014,m,18,0.0008003201280512205,0.5,0.0008000000000000001,98568.51902341344,78.85481521872862,98529.09161580406,5565022.529957661,56.458416795688855
2014,m,19,0.0008581012559482019,0.5,0.0008577332449608172,98489.6642081947,84.47785927640507,98447.4252785565,5466493.438341857,55.5032193711858
2014,m,20,0.00015586034912718204,0.5,0.0001558482038494506,98405.1863489183,15.336271541949827,98397.51821314733,5368046.0130633,54.55043796197544
2014,m,21,0.0005410837133802272,0.5,0.0005409373671805571,98389.85007737635,53.22274645813741,98363.23870414728,5269648.494850153,53.55886293866658
2014,m,22,0.0004472271914132379,0.5,0.000447127207690588,98336.62733091821,43.968981592188356,98314.64284012212,5171285.256146006,52.587579994418746
2014,m,23,0.0006642556646246955,0.5,0.0006640351200796843,98292.65834932603,65.26977718995477,98260.02346073106,5072970.613305884,51.610880186766956
2014,m,24,0.0006702412868632708,0.5,0.0006700167504187605,98227.38857213607,65.81399569322821,98194.48157428946,4974710.5898451535,50.644842158170924
2014,m,25,0.0008766162612316459,0.5,0.0008762322015334064,98161.57457644284,86.01233259710716,98118.56841014429,4876516.108270864,49.67846256860215
2014,m,26,0.0007127075760815337,0.5,0.0007124536905101169,98075.56224384574,69.87429626948142,98040.625095711,4778397.53986072,48.72159211262198
2014,m,27,0.0010829542993285683,0.5,0.0010823682216690117,98005.68794757625,106.07824217726011,97952.64882648762,4680356.914765009,47.75597225814644
2014,m,28,0.0007975059812948597,0.5,0.000797188100155814,97899.609705399,78.04440386703936,97860.58750346547,4582404.265938521,46.80717604215137
2014,m,29,0.0006445606245076273,0.5,0.000644352962233757,97821.56530153195,63.031615372383385,97790.04949384576,4484543.678435056,45.844121023943835
2014,m,30,0.0006398407507464809,0.5,0.0006396361181194698,97758.53368615957,62.5298890000704,97727.26874165953,4386753.62894121,44.87335748124336
2014,m,31,0.0011212333566923615,0.5,0.0011206051267684549,97696.0037971595,109.4786427198851,97641.26447579956,4289026.36019955,43.90175844965578
2014,m,32,0.0004906771344455348,0.5,0.0004905567819475104,97586.52515443962,47.87173174120835,97562.58928856901,4191385.095723751,42.950449245841064
2014,m,33,0.0004929230335891839,0.5,0.0004928015769650463,97538.65342269841,48.06720222176227,97514.61982158752,4093822.506435182,41.97128382215804
2014,m,34,0.0010612706947785483,0.5,0.0010607078457023655,97490.58622047665,103.4090296861832,97438.88170563355,3996307.8866135944,40.99173101263208
2014,m,35,0.001074575542660649,0.5,0.001073998496402105,97387.17719079046,104.59368187176005,97334.88034985459,3898869.004907961,40.03472651507002
2014,m,36,0.0012370833939746762,0.5,0.0012363186793207521,97282.5835089187,120.27227516465064,97222.44737133637,3801534.1245581065,39.077232403162775
2014,m,37,0.0008020415603353991,0.5,0.0008017200539338945,97162.31123375405,77.89697340266139,97123.36274705271,3704311.6771867704,38.12498519384641
2014,m,38,0.0011600087000652505,0.5,0.0011593362799797117,97084.41426035139,112.55348367260012,97028.13751851508,3607188.3144397177,37.1551741020584
2014,m,39,0.0019189608089157872,0.5,0.0019171213685297154,96971.86077667879,185.90682644105982,96878.90736345826,3510160.176921203,36.197719099202615
2014,m,40,0.0015761032722906034,0.5,0.0015748621995575387,96785.95395023773,152.42454032434034,96709.74168007556,3413281.2695577447,35.2662874130752
2014,m,41,0.001733232856066315,0.5,0.001731732108572074,96633.52940991339,167.3433856437914,96549.8577170915,3316571.5278776693,34.32112588798222
2014,m,42,0.0024907540191712583,0.5,0.002487655949643813,96466.1860242696,239.9746816027182,96346.19868346825,3220021.6701605776,33.3797966196203
2014,m,43,0.0022839741149600305,0.5,0.0022813688212927757,96226.21134266688,219.52747834828915,96116.44760349274,3123675.4714771095,32.46179422313041
2014,m,44,0.002266032177656923,0.5,0.0022634676324128564,96006.68386431859,217.30802142217,95898.0298536075,3027559.023873617,31.534877594067446
2014,m,45,0.003267731154845897,0.5,0.0032624008304293025,95789.37584289642,312.5033392961632,95633.12417324833,2931660.9940200094,30.605283396231844
2014,m,46,0.004371665678719621,0.5,0.004362130789989279,95476.87250360026,416.48260527983075,95268.63120096034,2836027.869846761,29.70382036487234
2014,m,47,0.004222173691490136,0.5,0.0042132790934185675,95060.38989832043,400.5159533708211,94860.13192163501,2740759.238645801,28.83176937920624
2014,m,48,0.004818064144973393,0.5,0.004806485168047634,94659.8739449496,454.98128012566303,94432.38330488678,2645899.106724166,27.951644096451204
2014,m,49,0.005374802923892791,0.5,0.005360397384126077,94204.89266482394,504.9756602123962,93952.40483471774,2551466.723419279,27.084227275724025
2014,m,50,0.006137627265506535,0.5,0.0061188496562646225,93699.91700461155,573.3357049556944,93413.2491521337,2457514.3185845613,26.227497282239984
2014,m,51,0.006428464643444461,0.5,0.0064078682661500635,93126.58129965585,596.7428650451038,92828.2098671333,2364101.0694324276,25.38588914614397
2014,m,52,0.006876448165034756,0.5,0.006852886405959031,92529.83843461075,634.0964719541371,92212.79019863368,2271272.8595652943,24.546383069396192
2014,m,53,0.008768751358794116,0.5,0.008730473682311772,91895.74196265661,802.2933567214786,91494.59528429588,2179060.069366661,23.71230726067981
2014,m,54,0.009140636245861523,0.5,0.009099050689593408,91093.44860593513,828.8639063552691,90679.0166527575,2087565.4740823652,22.91674655016136
2014,m,55,0.009420184022199504,0.5,0.009376022095431915,90264.58469957986,846.3227405782382,89841.42332929074,1996886.4574296076,22.122590649208426
2014,m,56,0.009799587385794282,0.5,0.00975180555046376,89418.26195900163,871.9895032846107,88982.26720735931,1907045.034100317,21.327243365283696
2014,m,57,0.010950795412504625,0.5,0.010891161969239827,88546.27245571701,964.3717950876453,88064.08655817319,1818062.7668929577,20.532346720774626
2014,m,58,0.012815708611256839,0.5,0.012734110287820679,87581.90066062937,1115.277582229406,87024.26186951467,1729998.6803347846,19.752924602976442
2014,m,59,0.014106819553409776,0.5,0.014008015281471215,86466.62307839996,1211.225777419444,85861.01018969025,1642974.41846527,19.001255744376326
2014,m,60,0.01572106778737645,0.5,0.015598455598455602,85255.39730098052,1329.85252932804,84590.4710363165,1557113.4082755798,18.264103594267944
2014,m,61,0.017245528194433302,0.5,0.01709809535170384,83925.54477165248,1434.9669669494033,83208.06128817778,1472522.9372392632,17.54558687996312
2014,m,62,0.016644993498049414,0.5,0.01650760897601238,82490.57780470308,1361.7222026053641,81809.7167034004,1389314.8759510855,16.84210382475798
2014,m,63,0.018121911037891267,0.5,0.017959183673469388,81128.85560209771,1457.0080189764412,80400.35159260948,1307505.159247685,16.11640087295743
2014,m,64,0.022496978711536674,0.5,0.02224673653245082,79671.84758312127,1772.43860223527,78785.62828200363,1227104.8076550756,15.401987588838614
2014,m,65,0.019843190397831768,0.5,0.019648248430536256,77899.408980886,1530.586940248395,77134.1155107618,1148319.179373072,14.741051240258221
2014,m,66,0.021975765044156912,0.5,0.021736922295581516,76368.8220406376,1660.0231505024421,75538.81046538638,1071185.0638623103,14.026470950308859
2014,m,67,0.02740714028128381,0.5,0.027036641764496622,74708.79889013516,2019.875032248412,73698.86137401096,995646.2533969239,13.327027983157588
2014,m,68,0.030534351145038167,0.5,0.03007518796992481,72688.92385788675,2186.1330483575002,71595.857333708,921947.392022913,12.683464592561602
2014,m,69,0.033235581622678395,0.5,0.032692307692307694,70502.79080952925,2304.8989303115377,69350.34134437348,850351.534689205,12.061246440392972
2014,m,70,0.035175879396984924,0.5,0.034567901234567905,68197.89187921771,2357.4579908865417,67019.16288377444,781001.1933448315,11.451984391658739
2014,m,71,0.03889929404984872,0.5,0.03815715093273035,65840.43388833117,2512.283373353501,64584.29220165442,713982.0304610571,10.844127055298694
2014,m,72,0.04073789392774789,0.5,0.039924670433145015,63328.15051497767,2528.355538451091,62063.97274575212,649397.7382594027,10.254487664309956
2014,m,73,0.05285343709468223,0.5,0.051492655188753754,60799.79497652658,3130.7428782732095,59234.42353738997,587333.7655136506,9.66012740240994
2014,m,74,0.050558985483063576,0.5,0.049312393197168194,57669.05209825337,2843.7989723770443,56247.15261206485,528099.3419762606,9.157413253065334
2014,m,75,0.05705018126311773,0.5,0.055467952880066784,54825.25312587633,3041.0445570238444,53304.73084736441,471852.1893641958,8.606475345965924
2014,m,76,0.06422018348623854,0.5,0.06222222222222223,51784.20856885248,3222.1285331730396,50173.144302265966,418547.4585168314,8.082530757621392
2014,m,77,0.0655534941249227,0.5,0.06347305389221557,48562.08003567944,3082.383523222765,47020.88827406806,368374.31421456544,7.585637063814279
2014,m,78,0.0779558250324816,0.5,0.07503126302626094,45479.69651245668,3412.3990713806634,43773.49697676634,321353.4259404974,7.065865662768443
2014,m,79,0.08873307543520309,0.5,0.08496353744646372,42067.297441076014,3574.1864014063904,40280.20424037282,277579.92896373104,6.598473062181838
2014,m,80,0.10102085581216791,0.5,0.09616359164899144,38493.111039669624,3701.635811318076,36642.293134010586,237299.72472335823,6.1647322940150415
2014,m,81,0.11203595725548536,0.5,0.10609285023828104,34791.47522835155,3691.126770970368,32945.911842866364,200657.43158934763,5.767430966130233
2014,m,82,0.12408633904855876,0.5,0.11683737781030192,31100.34845738118,3633.6831627470856,29283.50687600764,167711.51974648127,5.392592947191805
2014,m,83,0.13723252628436447,0.5,0.128420772748529,27466.665294634095,3527.2903819621133,25703.020103653038,138428.01287047364,5.039855089271322
2014,m,84,0.1515305283998193,0.5,0.1408583577129335,23939.37491267198,3372.0610348731752,22253.344395235392,112724.9927668206,4.708769263108501
2014,m,85,0.167029813716801,0.5,0.15415552906521235,20567.313877798806,3170.565152282361,18982.031301657626,90471.6483715852,4.3988072000614515
2014,m,86,0.18377107050987204,0.5,0.16830616816163313,17396.748725516445,2927.9801164624478,15932.758667285221,71489.61706992757,4.109366537269756
2014,m,87,0.20178380948539942,0.5,0.18329121016886785,14468.768609053997,2651.9981080068337,13142.769555050581,55556.85840264234,3.8397779316117475
2014,m,88,0.2210838882781952,0.5,0.19907747694264846,11816.770501047164,2352.4528569587856,10640.54407256777,42414.08884759176,3.5893130736382806
2014,m,89,0.24167106531504567,0.5,0.2156168842560147,9464.317644088378,2040.6666820275614,8443.984303074598,31773.54477502399,3.3571934047321887
2014,m,90,0.2635267155521299,0.5,0.23284612789546796,7423.650962060817,1728.5683813633268,6559.366771379153,23329.560471949393,3.1425993208970957
2014,m,91,0.2866118608149239,0.5,0.25068693618406973,5695.08258069749,1427.6828034703194,4981.24117896233,16770.193700570242,2.9446796359740155
2014,m,92,0.31086567893288153,0.5,0.26904694787490546,4267.3997772271705,1148.130885425022,3693.3343345146595,11788.952521607913,2.7625610763067585
2014,m,93,0.33620465475439587,0.5,0.2878212352416881,3119.2688918021486,897.7918254894662,2670.3729790574153,8095.618187093254,2.5953575879173516
2014,m,94,0.36252251931266527,0.5,0.3068944455336958,2221.4770663126824,681.7589725318519,1880.5975800467563,5425.245208035839,2.4421792555531217
2014,m,95,0.3896910891922799,0.5,0.32614348436474794,1539.7180937808305,502.1690240451278,1288.6335817582667,3544.6476279890826,2.302140659583391
2014,m,96,0.4175620669749492,0.5,0.3454406177852028,1037.5490697357027,358.4115916319636,858.3432739197209,2256.014046230816,2.1743685306425995
2014,m,97,0.4459697985982362,0.5,0.3646568317023518,679.1374781037391,247.65212105563478,555.3114175759217,1397.6707723110949,2.0580086026375928
2014,m,98,0.47473491027896353,0.5,0.38366526314161803,431.48535704810433,165.54594305361593,348.71238552129637,842.3593547351733,1.952231613369124
2014,m,99,0.5036686742066976,0.5,0.4023445109934828,265.9394139944884,106.99926347750582,212.4397822557355,493.6469692138769,1.8562384634874307
2014,m,100,0.5325778874433782,0.5,0.4205816453534721,158.94015051698258,66.84731001716104,125.51649550840207,281.2071869581414,1.7692646322748682
2014,m,101,0.5612700009207737,0.5,0.4382747626911632,92.09284049982155,40.36196781561443,71.91185659201433,155.69069144973935,1.6905840954057774
2014,m,102,0.5895582117131571,0.5,0.4553349749362282,51.73087268420712,23.554875617092662,39.95343487566079,83.77883485772503,1.6195132714879137
2014,m,103,0.6172662352665962,0.5,0.4716877686718952,28.17599706711446,13.290273186693083,21.530860473767916,43.82539998206423,1.5554161181119277
2014,m,104,0.6442325044841241,0.5,0.48727371998614055,14.885723880421375,7.253422049899451,11.25901285547165,22.294539508296317,1.4977128211829507
2014,m,105,0.6703135952024347,0.5,0.5020485956456502,7.632301830521924,3.831786415557257,5.7164086227432955,11.035526652824668,1.4458975677158223
2014,m,106,0.6953867454153123,0.5,0.5159829079059787,3.800515414964667,1.961000995354966,2.820014917287184,5.319118030081373,1.3995780701578406
2014,m,107,0.7193514098049996,0.5,0.5290610159549649,1.8395144196097009,0.9732153677025159,1.352906735758443,2.49910311279419,1.3585667424800276
2014,m,108,0.74212986293759,0.5,0.541279880991895,0.8662990519071849,0.46891024771971246,0.6318439280473287,1.1461963770357466,1.3230954997726927
2014,m,109,0.7636669264494395,0.5,0.5526475850912641,0.39738880418747247,0.21961596297651187,0.28758082269921653,0.5143524489884179,1.294330498414763
2014,m,110,0.7839289426105154,0.5,1.0,0.1777728412109606,0.1777728412109606,0.2267716262892014,0.2267716262892014,1.275625819694779
2015,m,0,0.009352093689443087,0.06760101946246524,0.00927124948219969,100000.0,927.1249482199637,99135.54964344879,7343715.966305081,73.4371596630508
2015,m,1,0.0002536997885835095,0.5,0.0002536676108738849,99072.87505178004,25.131579516790225,99060.30926202165,7244580.416661632,73.12375272116896
2015,m,2,0.00034033863694375905,0.5,0.00034028073160357296,99047.74347226325,33.70403861241357,99030.89145295703,7145520.107399611,72.14217968933941
2015,m,3,0.0005211500043429167,0.5,0.0005210142410559223,99014.03943365083,51.58772460940236,98988.24557134614,7046489.215946654,71.16656644099947
2015,m,4,0.0002583534274888047,0.5,0.00025832005855254663,98962.45170904143,25.56398631997581,98949.66971588143,6947500.970375308,70.20340392133362
2015,m,5,0.0002548636479483476,0.5,0.00025483117434699513,98936.88772272145,25.212203284623683,98924.28162107914,6848551.3006594265,69.22141436117376
2015,m,6,0.0003541389995573263,0.5,0.00035407630344339204,98911.67551943683,35.02228043531068,98894.16437921918,6749627.0190383475,68.23893118373067
2015,m,7,0.0001821991436640248,0.5,0.00018218254691200586,98876.65323900152,18.013600517224404,98867.6464387429,6650732.854659128,67.26292442952318
2015,m,8,0.00036808686850096624,0.5,0.00036801913699512377,98858.6396384843,36.3818712442735,98840.44870286217,6551865.208220385,66.27508968543236
2015,m,9,9.361542782250516e-05,0.5,9.361104610344021e-05,98822.25776724002,9.250854927886394,98817.63233977609,6453024.7595175225,65.29930508890605
2015,m,10,0.000277289952860708,0.5,0.0002772515133311769,98813.00691231214,27.396055703240563,98799.30888446051,6354207.127177746,64.30537158753347
2015,m,11,0.00018042399639152008,0.5,0.00018040772145047808,98785.6108566089,17.821686966737616,98776.70001312552,6255407.818293286,63.3230666293419
2015,m,12,0.00044742729306487697,0.5,0.0004473272198613286,98767.78916964216,44.18152054109669,98745.6984093716,6156631.11828016,62.33440244071493
2015,m,13,0.00017681902572716824,0.5,0.0001768033946251768,98723.60764910106,17.45466896200378,98714.88031462007,6057885.419870788,61.36207503075328
2015,m,14,0.0003458711629917856,0.5,0.0003458113599031728,98706.15298013906,34.13370899287111,98689.08612564261,5959170.539556168,60.37283755507349
2015,m,15,0.0002646202699126753,0.5,0.0002645852626008731,98672.01927114619,26.10716213021078,98658.96569008108,5860481.453430525,59.39354942484952
2015,m,16,0.00035787778473651247,0.5,0.0003578137579389927,98645.91210901598,35.29686451704765,98628.26367675746,5761822.487740444,58.409135914044924
2015,m,17,0.0008689607229753215,0.5,0.0008685833405715278,98610.61524449893,85.65153760487738,98567.78947569648,5663194.224063686,57.429864016385515
2015,m,18,8.412551526878102e-05,0.5,8.412197686645637e-05,98524.96370689405,8.288114717724966,98520.81964953519,5564626.43458799,56.47935533518617
2015,m,19,0.0004029983074071089,0.5,0.0004029171199484266,98516.67559217633,39.694055196494446,98496.82856457809,5466105.614938455,55.4840648253923
2015,m,20,0.0005501414649481296,0.5,0.0005499901787468081,98476.98153697983,54.16137267796148,98449.90085064084,5367608.786373877,54.506227776267146
2015,m,21,0.0007857928650007858,0.5,0.0007854842510407667,98422.82016430187,77.30957518208015,98384.16537671082,5269158.885523236,53.53594701642546
2015,m,22,0.0002338998908467176,0.5,0.00023387253946599102,98345.51058911979,23.000314306555083,98334.01043196651,5170774.720146526,52.577638665679785
2015,m,23,0.0007518231711901361,0.5,0.0007515406583496168,98322.51027481323,73.89336410252145,98285.56359276197,5072440.709714559,51.58982104440777
2015,m,24,0.0010427528675703858,0.5,0.0010422094841063053,98248.61691071071,102.39564034466457,98197.41909053837,4974155.146121797,50.62824600006692
2015,m,25,0.0006012325266796934,0.5,0.0006010518407212623,98146.22127036605,58.99096695438493,98116.72578688886,4875957.727031259,49.680544639607945
2015,m,26,0.0007370826269624825,0.5,0.0007368110816386678,98087.23030341166,72.27175825480663,98051.09442428427,4777841.00124437,48.71012247430323
2015,m,27,0.0007192692224699705,0.5,0.0007190106413574921,98014.95854515686,70.47379820617789,97979.72164605377,4679789.906820086,47.74567041890898
2015,m,28,0.0006558332726080303,0.5,0.000655618284465489,97944.48474695068,64.21419506265374,97912.37764941936,4581810.185174032,46.77966500116464
2015,m,29,0.0006585687106688131,0.5,0.0006583519256793826,97880.27055188802,64.43966460385127,97848.0507195861,4483897.807524613,45.81002670142418
2015,m,30,0.0005779511631267157,0.5,0.0005777841976021955,97815.83088728417,56.516441362007754,97787.57266660317,4386049.756805027,44.83987629629391
2015,m,31,0.0010758086495015419,0.5,0.001075230278484642,97759.31444592217,105.1137748961628,97706.75755847408,4288262.184138424,43.86550998688289
2015,m,32,0.000989469220439607,0.5,0.000988979937835547,97654.200671026,96.57804530901194,97605.91164837149,4190555.4265799494,42.9121880859682
2015,m,33,0.0009184682775187226,0.5,0.0009180466791426857,97557.62262571699,89.56245147659502,97512.8413999787,4092949.5149315777,41.95417441273977
2015,m,34,0.0007095721280068119,0.5,0.0007093204709887927,97468.0601742404,69.13609034915862,97433.49212906582,3995436.673531599,40.99226624998066
2015,m,35,0.0010696712543678242,0.5,0.001069099461886604,97398.92408389124,104.12913732642483,97346.85951522802,3898003.181402533,40.02100863090768
2015,m,36,0.0012997328326955016,0.5,0.001298888728532256,97294.79494656481,126.37511250094394,97231.60739031434,3800656.321887305,39.06330573978454
2015,m,37,0.001245877610846464,0.5,0.0012451019885011169,97168.41983406387,120.98459275490313,97107.92753768642,3703424.7144969907,38.11346032817443
2015,m,38,0.0012480728287203582,0.5,0.0012472944715506806,97047.43524130897,121.04672945465427,96986.91187658164,3606316.7869593045,37.16035130647377
2015,m,39,0.0010224948875255625,0.5,0.001021972406745018,96926.38851185431,99.05609454456135,96876.86046458203,3509329.875082723,36.20613466531381
2015,m,40,0.001783458423125511,0.5,0.0017818694780607322,96827.33241730975,172.5336682764464,96741.06558317153,3412453.0146181406,35.24266268031669
2015,m,41,0.0020409705949051326,0.5,0.0020388899377005855,96654.7987490333,197.06849659988075,96556.26450073336,3315711.9490349693,34.30468007744035
2015,m,42,0.002431241452666768,0.5,0.0024282895735316438,96457.73025243342,234.22730065851647,96340.61660210416,3219155.684534236,33.373744915099984
2015,m,43,0.0018232925624857555,0.5,0.0018216318785578747,96223.5029517749,175.28380044345977,96135.86105155318,3122815.0679321317,32.45376620197685
2015,m,44,0.0029118773946360155,0.5,0.002907644043155559,96048.21915133145,279.27403227107425,95908.5821351959,3026679.2068805783,31.512080428183783
2015,m,45,0.0038809831824062097,0.5,0.003873466752743706,95768.94511906037,370.9578248640173,95583.46620662836,2930770.6247453825,30.602515472023164
2015,m,46,0.0031425364758698093,0.5,0.0031376064545047063,95397.98729419635,299.3213406810246,95248.32662385584,2835187.158538754,29.71956997159033
2015,m,47,0.0038079593817665945,0.5,0.0038007228825874726,95098.66595351533,361.4436757930671,94917.9441156188,2739938.8319148985,28.81153804254408
2015,m,48,0.004325830339467703,0.5,0.004316494128836376,94737.22227772226,408.93266374405357,94532.75594585024,2645020.8877992798,27.91955288751657
2015,m,49,0.00514455474240997,0.5,0.005131355472843566,94328.28961397821,484.0319851546665,94086.27362140088,2550488.1318534296,27.038422325803317
2015,m,50,0.005349526494614328,0.5,0.005335255948089402,93844.25762882354,500.68313370821124,93593.91606196944,2456401.858232029,26.175302786747856
2015,m,51,0.007068425271442105,0.5,0.007043531931888321,93343.57449511533,657.4684475929389,93014.84027131886,2362807.9421700593,25.313021865192287
2015,m,52,0.00762149109568367,0.5,0.007592557789889119,92686.1060475224,703.7246164856042,92334.2437392796,2269793.1018987405,24.48903291648657
2015,m,53,0.007391763463569166,0.5,0.007364544976328249,91982.38143103679,677.408385078641,91643.67723849748,2177458.858159461,23.672564509454425
2015,m,54,0.007977750128083144,0.5,0.007946054310187715,91304.97304595815,725.5142746134079,90942.21590865144,2085815.1809209636,22.84448602674767
2015,m,55,0.008868212546340045,0.5,0.00882906354030974,90579.45877134474,799.7317969390715,90179.5928728752,1994872.9650123122,22.023458652453332
2015,m,56,0.009811877535964589,0.5,0.00976397606724663,89779.72697440567,876.6071055020293,89341.42342165465,1904693.372139437,21.21518338636099
2015,m,57,0.010809601908453854,0.5,0.010751492232973715,88903.11986890364,955.8412027576414,88425.19926752482,1815351.9487177823,20.41944030079818
2015,m,58,0.012351223894004042,0.5,0.012275415690213147,87947.278666146,1079.5894044499582,87407.48396392103,1726926.7494502575,19.63593161314055
2015,m,59,0.013600790213509613,0.5,0.013508924191539942,86867.68926169604,1173.489028930504,86280.9447472308,1639519.2654863365,18.873752478290868
2015,m,60,0.01484428800979417,0.5,0.01473492328725505,85694.20023276554,1262.6974665924645,85062.85149946931,1553238.3207391058,18.125361069012214
2015,m,61,0.018036547741476148,0.5,0.017875343002744022,84431.50276617307,1509.2420721824747,83676.88173008183,1468175.4692396366,17.38895342542513
2015,m,62,0.01770416904625928,0.5,0.0175488253608831,82922.2606939906,1455.1882714484673,82194.66655826636,1384498.5875095548,16.696343972323586
2015,m,63,0.017191219254165564,0.5,0.017044709584371313,81467.07242254213,1388.5825901311764,80772.78112747654,1302303.9209512884,15.985647725214413
2015,m,64,0.021532438478747203,0.5,0.02130308479734403,80078.48983241095,1705.9188593431027,79225.5304027394,1221531.1398238118,15.25417302923974
2015,m,65,0.02343008916714096,0.5,0.023158782991889736,78372.57097306785,1815.0133636817627,77465.06429122697,1142305.6094210725,14.575323933339092
2015,m,66,0.02415841584158416,0.5,0.023870084132263745,76557.55760938609,1827.4353410966723,75643.83993883774,1064840.5451298456,13.909019284064705
2015,m,67,0.026813880126182965,0.5,0.0264591439688716,74730.12226828941,1977.2950639080518,73741.4747363354,989196.7051910078,13.236920737794087
2015,m,68,0.030771131982204648,0.5,0.03030487433822187,72752.82720438136,2204.765286179143,71650.44456129179,915455.2304546725,12.583088048013911
2015,m,69,0.032044975404075894,0.5,0.031539632037626227,70548.06191820222,2225.0599138677644,69435.53196126834,843804.7858933806,11.960708245560877
2015,m,70,0.03628740783576695,0.5,0.035640752573659916,68323.00200433446,2435.0832095261576,67105.46039957137,774369.2539321122,11.33394656579911
2015,m,71,0.041536400178651185,0.5,0.040691314810763504,65887.9187948083,2681.0660459055653,64547.385771855515,707263.7935325409,10.734347153005999
2015,m,72,0.042441511697660465,0.5,0.04155958587267788,63206.85274890273,2626.8506245597237,61893.42743662287,642716.4077606854,10.168460852084475
2015,m,73,0.04768041237113402,0.5,0.04657016991818754,60580.00212434301,2821.2209925748175,59169.3916280556,580822.9803240625,9.587701550949088
2015,m,74,0.053041857312319945,0.5,0.051671481634337595,57758.78113176819,2984.481798471883,56266.54023253225,521653.588696007,9.031589283470694
2015,m,75,0.05870944992947814,0.5,0.057035197396591596,54774.29933329631,3124.062974734552,53212.26784592903,465387.0484634747,8.4964491399815
2015,m,76,0.0584783488466208,0.5,0.0568170647793178,51650.23635856176,2934.6148250514816,50182.928946036016,412174.7806175457,7.980114122928343
2015,m,77,0.06681465038845727,0.5,0.06465470948340672,48715.621533510275,3149.6943575526966,47140.77435473393,361991.8516715097,7.430714014856701
2015,m,78,0.07888322623532018,0.5,0.07589000213174163,45565.92717595758,3457.9983105182037,43836.92802069848,314851.07731677574,6.909791961457198
2015,m,79,0.09748057452319284,0.5,0.09295015716210146,42107.928865439375,3913.9386058131786,40150.959562532786,271014.14929607726,6.436178567749876
2015,m,80,0.09969416377721578,0.5,0.09496065236269681,38193.990259626196,3626.926231388592,36380.527143931904,230863.18973354448,6.044489935831176
2015,m,81,0.11176476651411842,0.5,0.10584963655645042,34567.064028237604,3658.9111642125026,32737.60844613135,194482.66258961256,5.626241859324268
2015,m,82,0.12509376904272265,0.5,0.11773011700944645,30908.1528640251,3638.820453227534,29088.742637411335,161745.05414348122,5.233087038719192
2015,m,83,0.13976225860246305,0.5,0.13063344587986664,27269.332410797568,3562.2868596660155,25488.188980964558,132656.31150606988,4.864670300969424
2015,m,84,0.1558443914848693,0.5,0.14457851605655936,23707.045551131552,3427.5294658678577,21993.28081819762,107168.12252510531,4.520517847488175
2015,m,85,0.1734040345747444,0.5,0.15956907396527698,20279.516085263695,3235.983602189466,18661.52428416896,85174.8417069077,4.200043105012788
2015,m,86,0.1924910389928241,0.5,0.1755911751240267,17043.53248307423,2992.693896967525,15547.185534590466,66513.31742273874,3.902554678074659
2015,m,87,0.2131372670046081,0.5,0.19261097825448556,14050.838586106704,2706.345765365886,12697.665703423761,50966.13188814827,3.627266200221171
2015,m,88,0.2353525506391227,0.5,0.2105730933331583,11344.492820740817,2388.8449455592,10150.070347961217,38268.466184724515,3.373307805771568
2015,m,89,0.2591208181397673,0.5,0.229399699262774,8955.647875181618,2054.4229292699647,7928.436410546636,28118.395836763295,3.139738880833684
2015,m,90,0.2843966746881569,0.5,0.24899062219741663,6901.224945911653,1718.3402932068757,6042.054799308215,20189.959426216657,2.925561705995016
2015,m,91,0.31110275718972,0.5,0.2692245130355157,5182.884652704777,1395.3595967436918,4485.204854332931,14147.904626908441,2.729735576794115
2015,m,92,0.3391281890420095,0.5,0.2899611835133324,3787.5250559610854,1098.2352478128769,3238.407432054647,9662.69977257551,2.551190983507196
2015,m,93,0.36832843076856453,0.5,0.31104506113540636,2689.2898081482085,836.4903127862847,2271.0446517550663,6424.292340520864,2.3888434489492614
2015,m,94,0.3985267509153951,0.5,0.3323096152780433,1852.7994953619238,615.7030874910738,1544.947951616387,4153.247688765798,2.241606660171562
2015,m,95,0.4295174294075813,0.5,0.3535825050757638,1237.09640787085,437.41564691520387,1018.388584413248,2608.2997371494102,2.1084045839551986
2015,m,96,0.46107066095472854,0.5,0.3746911198200741,799.6807609556462,299.63327982104005,649.8641210451261,1589.911152736162,1.9881823227010778
2015,m,97,0.49293896500806317,0.5,0.39546813774999,500.04748113460613,197.75284615087594,401.17105805916816,940.047031691036,1.8799155423362444
2015,m,98,0.5248647528717071,0.5,0.41575672698883476,302.2946349837302,125.68102802712016,239.4541209701701,538.8759736318677,1.7826183837528926
2015,m,99,0.5565885754992627,0.5,0.43541505335137426,176.61360695661003,76.900223095591,138.16349540881453,299.4218526616976,1.6953498533963964
2015,m,100,0.5878574980390684,0.5,0.4543198367642063,99.71338386101903,45.301768278944806,77.06249972154663,161.25835725288306,1.6172187825622857
2015,m,101,0.6184330325543886,0.5,0.4723687983351493,54.41161558207422,25.70234946797848,41.56044084808498,84.19585753133642,1.5473875684565144
2015,m,102,0.6480981110813938,0.5,0.4894819480965019,28.70926611409574,14.052667505948472,21.682932361121505,42.635416683251435,1.4850751152541026
2015,m,103,0.6766626885418541,0.5,0.505601764046313,14.656598608147268,7.410402111197994,10.951397552548272,20.952484322129934,1.4295598100423468
2015,m,104,0.703967711045692,0.5,0.5206923944912419,7.246196496949274,3.7730394049505667,5.359676794473991,10.001086769581661,1.3801843179097097
2015,m,105,0.729887346805045,0.5,0.5347380709019198,3.4731570919987074,1.8572293233147104,2.544542430341352,4.641409975107671,1.3363662662424136
2015,m,106,0.7543295311457014,0.5,0.547740945748004,1.615927768683997,0.8851098042794344,1.1733728665442797,2.096867544766319,1.29762455067778
2015,m,107,0.7772350051246948,0.5,0.5597185716660645,0.7308179644045626,0.40905238718442255,0.5262917708123513,0.9234946782220396,1.2636452895276886
2015,m,108,0.7985751172644016,0.5,0.5707012203017129,0.32176557722014004,0.18363200757061895,0.22994957343483058,0.3972029074096882,1.234448106106567
2015,m,109,0.8183487059313735,0.5,0.5807292079997856,0.1381335696495211,0.0802181985007496,0.09802447039914629,0.16725333397485767,1.2108087440237778
2015,m,110,0.8365783888021356,0.5,1.0,0.05791537114877149,0.05791537114877149,0.06922886357571138,0.06922886357571138,1.1953452460466514
2016,m,0,0.011915907736828666,0.07448229636564815,0.01178592800214787,100000.0,1178.5928002147848,98909.19149802523,7327527.599833543,73.27527599833543
2016,m,1,0.0003380662609871535,0.5,0.0003380091262464087,98821.40719978522,33.40253750204283,98804.7059310342,7228618.408335518,73.14830473645824
2016,m,2,0.0005100306018361102,0.5,0.0005099005693889692,98788.00466228317,50.37205982609885,98762.81863237012,7129813.702404484,72.17286882935308
2016,m,3,0.0005132152938157557,0.5,0.000513083632632119,98737.63260245707,50.66066321317339,98712.30227085049,7031050.883772114,71.20943351033057
2016,m,4,0.00017439832577607255,0.5,0.00017438311971401167,98686.9719392439,17.209342041882337,98678.36726822297,6932338.581501264,70.24573198749194
2016,m,5,8.658008658008658e-05,0.5,8.657633868663694e-05,98669.76259720202,8.5424667847401,98665.49136380965,6833660.214233041,69.25789658712347
2016,m,6,0.00042669397508107184,0.5,0.00042660296062454675,98661.22013041728,42.0891686064715,98640.17554611404,6734994.722869231,68.26384990948263
2016,m,7,8.889679082585119e-05,0.5,8.889283968176363e-05,98619.1309618108,8.766534598136786,98614.74769451174,6636354.547323117,67.29277050608947
2016,m,8,0.00018306636155606407,0.5,0.00018304960644334613,98610.36442721267,18.05058839963749,98601.33913301285,6537739.799628605,66.29870843296915
2016,m,9,0.00018474043968224645,0.5,0.00018472337674332686,98592.31383881303,18.212305133245536,98583.2076862464,6439138.460495592,65.31075506578368
2016,m,10,9.393199323689649e-05,0.5,9.392758183440567e-05,98574.10153367979,9.25882698854548,98569.47212018551,6340555.252809346,64.32272933923694
2016,m,11,0.0001856665428889714,0.5,0.000185649308456326,98564.84270669124,18.29849488660693,98555.69345924794,6241985.78068916,63.32872461699178
2016,m,12,0.0002715423606082549,0.5,0.00027150549798633425,98546.54421180463,26.75592856106232,98533.1662475241,6143430.087229912,62.340390892104026
2016,m,13,0.00026925148088314486,0.5,0.00026921523758244715,98519.78828324357,26.523028209252516,98506.52676913895,6044896.920982388,61.35718545804585
2016,m,14,0.00017750954113783616,0.5,0.00017749378771742986,98493.26525503432,17.48194271477405,98484.52428367693,5946390.394213249,60.37357355161204
2016,m,15,0.00017370158068438424,0.5,0.00017368649587494572,98475.78331231955,17.10391373204766,98467.23135545352,5847905.869929572,59.384202625560484
2016,m,16,0.0006207324643078833,0.5,0.0006205398696866273,98458.6793985875,61.09753608351457,98428.13063054574,5749438.638574118,58.39443179304516
2016,m,17,0.0003601656762110571,0.5,0.00036010082823190496,98397.58186250398,35.433050724706845,98379.86533714163,5651010.5079435725,57.430379903441334
2016,m,18,0.0003499256408013297,0.5,0.00034986442753433044,98362.14881177928,34.41341688508692,98344.94210333674,5552630.642606431,56.450887965366206
2016,m,19,0.000931098696461825,0.5,0.0009306654257794323,98327.73539489419,91.51022372722218,98281.98028303057,5454285.700503094,55.470470041826225
2016,m,20,0.00040584415584415587,0.5,0.00040576181781294386,98236.22517116697,39.8605093005317,98216.2949165167,5356003.720220064,54.521676814105525
2016,m,21,0.0004752098843655948,0.5,0.0004750969989706231,98196.36466186644,46.652798160677776,98173.0382627861,5257787.425303547,53.54360564577352
2016,m,22,0.0007130407225479321,0.5,0.0007127865996119274,98149.71186370576,69.95979937222728,98114.73196401965,5159614.38704076,52.56881848217331
2016,m,23,0.0005505741702060721,0.5,0.000550422645960291,98079.75206433353,53.98531664637267,98052.75940601034,5061499.65507674,51.60595891144532
2016,m,24,0.0005315110098709188,0.5,0.0005313697954226288,98025.76674768716,52.08793162286747,97999.72278187572,4963446.89567073,50.63410428042215
2016,m,25,0.000375826819001804,0.5,0.0003757562093713599,97973.67881606429,36.814218170096865,97955.27170697924,4865447.172888854,49.660758192241005
2016,m,26,0.0009097111667045713,0.5,0.0009092975676290065,97936.8645978942,89.05375276008272,97892.33772151415,4767491.901181875,48.67923759613991
2016,m,27,0.0008185132822382618,0.5,0.0008181784372791849,97847.81084513411,80.05696896846348,97807.78236064987,4669599.56346036,47.723086731608525
2016,m,28,0.0008713964127514341,0.5,0.000871016912245046,97767.75387616565,85.15736709834891,97725.17519261647,4571791.781099711,46.761755280687154
2016,m,29,0.00117724965050401,0.5,0.0011765570997867491,97682.5965090673,114.92915244834148,97625.13193284313,4474066.605907094,45.80208517995109
2016,m,30,0.000960047263865298,0.5,0.0009595866396014025,97567.66735661896,93.62463005247992,97520.85504159272,4376441.47397425,44.85544845484465
2016,m,31,0.0006566467240624544,0.5,0.0006564312023631523,97474.04272656648,63.985003066190984,97442.05022503338,4278920.618932658,43.89805223259137
2016,m,32,0.0009404615495912609,0.5,0.0009400195234824107,97410.05772350029,91.56735604364076,97364.27404547847,4181478.568707625,42.92655878078634
2016,m,33,0.0012121212121212121,0.5,0.0012113870381586919,97318.49036745664,117.89035780431004,97259.54518855449,4084114.2946621464,41.966478099293205
2016,m,34,0.0011400883568476556,0.5,0.0011394388263780088,97200.60000965233,110.75413759824005,97145.22294085321,3986854.749473592,41.01677097752158
2016,m,35,0.0005007869509228788,0.5,0.0005006615885276973,97089.8458720541,48.60915646421199,97065.541293822,3889709.5265327385,40.06299002326808
2016,m,36,0.0008625026953209229,0.5,0.0008621309002083483,97041.23671558988,83.66224876695196,96999.4055912064,3792643.9852389167,39.08280761460679
2016,m,37,0.0016017473607571897,0.5,0.0016004655899898152,96957.57446682293,155.17726162303006,96879.98583601142,3695644.57964771,38.11609974744459
2016,m,38,0.001994533500775652,0.5,0.0019925464005018266,96802.3972051999,192.88326811116713,96705.95557114432,3598764.5938116987,37.176399528444584
2016,m,39,0.0017010576140817986,0.5,0.0016996120450766673,96609.51393708873,164.19869355647825,96527.4145903105,3502058.6382405544,36.24962486118152
2016,m,40,0.002134707397865293,0.5,0.0021324313393874775,96445.31524353226,205.66301276240847,96342.48373715105,3405531.223650244,35.31048879928487
2016,m,41,0.0025458629726694123,0.5,0.002542626383487885,96239.65223076985,244.7014788996603,96117.30149132002,3309188.739913093,34.38487840727125
2016,m,42,0.0024390243902439024,0.5,0.00243605359317905,95994.95075187019,233.84884470613906,95878.02632951712,3213071.438421773,33.47125461553691
2016,m,43,0.002908756889161053,0.5,0.002904532599556676,95761.10190716405,278.1412422588328,95622.03128603463,3117193.412092256,32.55177049982393
2016,m,44,0.0037536387314233187,0.5,0.0037466070267997095,95482.96066490521,357.7371313667827,95304.09209922183,3021571.380806221,31.64513709844358
2016,m,45,0.0024702794503628223,0.5,0.002467232074016962,95125.22353353843,234.6960025499866,95007.87553226344,2926267.2887069993,30.762264518361746
2016,m,46,0.003835238168290251,0.5,0.0038278977185729596,94890.52753098845,363.23123385004874,94708.91191406341,2831259.413174736,29.837113217124124
2016,m,47,0.003468033775633293,0.5,0.003462030556182735,94527.2962971384,327.25638817403524,94363.66810305137,2736550.501260672,28.94984420858248
2016,m,48,0.004061371841155234,0.5,0.004053141184417923,94200.03990896436,381.80606132883986,94009.13687829993,2642186.833157621,28.048680613204095
2016,m,49,0.003695218387406696,0.5,0.0036884036588964294,93818.23384763552,346.03951699481695,93645.21408913811,2548177.696279321,27.160793715405696
2016,m,50,0.005988023952095809,0.5,0.005970149253731344,93472.1943306407,558.0429512277042,93193.17285502685,2454532.482190183,26.259493529249195
2016,m,51,0.004010792678480275,0.5,0.0040027655471052736,92914.151379413,371.913563980037,92728.19459742299,2361339.309335156,25.414205202097538
2016,m,52,0.008164165931156223,0.5,0.008130974618173827,92542.23781543296,752.4585867862916,92166.00852203982,2268611.114737733,24.514331707239133
2016,m,53,0.00762660158633313,0.5,0.007597629539583649,91789.77922864667,697.3847380994266,91441.08685959695,2176445.106215693,23.71119229728408
2016,m,54,0.0077637387730248135,0.5,0.007733717491849269,91092.39449054725,704.4828446459724,90740.15306822426,2085004.019356096,22.88889243736434
2016,m,55,0.010723265789084455,0.5,0.010666078193387031,90387.91164590127,964.0845333521429,89905.8693792252,1994263.8662878717,22.063391331580824
2016,m,56,0.011102941176470588,0.5,0.01104164381558261,89423.82711254913,987.3860476030095,88930.13408874763,1904357.9969086465,21.295867761416822
2016,m,57,0.0106057211143476,0.5,0.010549777117384843,88436.44106494612,932.9847422899184,87969.94869380115,1815427.8628198989,20.528052021979057
2016,m,58,0.011602501318466059,0.5,0.011535580524344568,87503.4563226562,1009.4031665684743,86998.75473937197,1727457.9141260977,19.741596351992648
2016,m,59,0.014581909318751423,0.5,0.01447636281384302,86494.05315608773,1252.119294727352,85867.99350872406,1640459.1593867256,18.966149689231727
2016,m,60,0.014410110194960314,0.5,0.01430702727516162,85241.93386136038,1219.5586727420014,84632.15452498937,1554591.1658780016,18.237399076450185
2016,m,61,0.016175441325141923,0.5,0.016045668440947312,84022.37518861837,1348.1951738974458,83348.27760166966,1469959.0113530122,17.494851913590416
2016,m,62,0.01833829325182981,0.5,0.018171674503865465,82674.18001472093,1502.3282891014824,81923.01587017019,1386610.7337513424,16.771992579841047
2016,m,63,0.020181048085707167,0.5,0.01997944501541624,81171.85172561945,1621.768548351538,80360.96745144368,1304687.7178811722,16.07315454982268
2016,m,64,0.022984377805710183,0.5,0.02272323806142375,79550.08317726791,1807.6354778431123,78646.26543834635,1224326.7504297285,15.390640732599385
2016,m,65,0.02421584517113166,0.5,0.02392614920874152,77742.4476994248,1860.0774035092181,76812.4089976702,1145680.484991382,14.736871797771538
2016,m,66,0.025715672003881612,0.5,0.025389221556886228,75882.37029591558,1926.5943117046845,74919.07314006324,1068868.0759937118,14.085855144290932
2016,m,67,0.022046124149141522,0.5,0.021805757925940812,73955.7759842109,1612.6617483368173,73149.44511004249,993949.0028536486,13.439775184913897
2016,m,68,0.031530072346398874,0.5,0.031040714361645582,72343.11423587408,2245.5819450276613,71220.32326336025,920799.5577436062,12.728226693992568
2016,m,69,0.03183496752833312,0.5,0.031336174479819505,70097.53229084641,2196.5885024707386,68999.23803961105,849579.234480246,12.119959244145704
2016,m,70,0.028857308584686776,0.5,0.02844685869487528,67900.94378837568,1931.5685531965864,66935.15951177738,780579.996440635,11.495863722799484
2016,m,71,0.03958614484930274,0.5,0.0388178209086899,65969.37523517909,2560.787393337341,64688.981538510416,713644.8369288576,10.817820153438356
2016,m,72,0.04083526682134571,0.5,0.04001819008640291,63408.58784184175,2537.4969213652003,62139.83938115915,648955.8553903472,10.234510457937015
2016,m,73,0.04856199905704856,0.5,0.047410817031070196,60871.09092047655,2885.948154112353,59428.11684342037,586816.016009188,9.640307198959494
2016,m,74,0.05212550607287449,0.5,0.050801479654747225,57985.142766364195,2945.7310505230635,56512.27724110267,527387.8991657676,9.095224638675768
2016,m,75,0.057510269691016254,0.5,0.05590277777777777,55039.41171584113,3076.856002170287,53500.98371475599,470875.62192466494,8.555244455658675
2016,m,76,0.06522145393384414,0.5,0.06316170482309294,51962.555713670845,3282.043605840401,50321.533910750644,417374.63820990897,8.032219210112903
2016,m,77,0.06807410598879793,0.5,0.06583333333333333,48680.512107830444,3204.8003804321706,47078.111917614355,367053.1042991583,7.540041967638143
2016,m,78,0.07091690544412607,0.5,0.06848841231407818,45475.71172739827,3114.559295062216,43918.43207986717,319974.99238154397,7.036173381949841
2016,m,79,0.08353336533845415,0.5,0.08018433179723503,42361.15243233606,3396.700701947688,40662.80208136221,276056.5603016768,6.516738673307461
2016,m,80,0.09882347421988688,0.5,0.09417035347064492,38964.45173038837,3669.2961922405593,37129.803634268086,235393.7582203146,6.041243948435467
2016,m,81,0.11106111508535932,0.5,0.10521828505269838,35295.15553814781,3713.695736392161,33438.307669951726,198263.95458604652,5.6173135254145095
2016,m,82,0.12460464740292707,0.5,0.11729678512681521,31581.45980175565,3704.4037043576827,29729.257949576808,164825.6469160948,5.21906358828074
2016,m,83,0.1395405114149906,0.5,0.1304397001790867,27877.056097397966,3636.274839220172,26058.91867778788,135096.388966518,4.846149768989697
2016,m,84,0.15594774373639858,0.5,0.14466746162050378,24240.781258177794,3506.8522923184646,22487.355112018562,109037.4702887301,4.498100499625834
2016,m,85,0.17389427054769468,0.5,0.15998411045435385,20733.92896585933,3317.099181826765,19075.379374945947,86550.11517671154,4.174322933160701
2016,m,86,0.1934327841144619,0.5,0.1763744806910553,17416.829784032565,3071.8843084432483,15880.88762981094,67474.7358017656,3.8741112268103586
2016,m,87,0.2145963421973764,0.5,0.19380176703845603,14344.945475589317,2780.075781239513,12954.90758496956,51593.848171954654,3.596656972991045
2016,m,88,0.23739389727680024,0.5,0.21220572521069225,11564.869694349803,2454.131560456657,10337.803914121476,38638.940586985096,3.341061473944903
2016,m,89,0.26180603017850695,0.5,0.231501752745654,9110.738133893146,2109.1518468029326,8056.1622104916805,28301.13667286362,3.1063494809031624
2016,m,90,0.28778122107906384,0.5,0.2515810676541246,7001.586287090214,1761.4665533786338,6120.853010400897,20244.974462371938,2.891483962670056
2016,m,91,0.3152330281555914,0.5,0.27231213819260247,5240.11973371158,1426.9482090722508,4526.645629175455,14124.121451971041,2.695381435867863
2016,m,92,0.34403854783075577,0.5,0.29354342158676483,3813.171524639329,1119.3314164398494,3253.5058164194043,9597.475822795586,2.5169273820441025
2016,m,93,0.37403848999986017,0.5,0.3151073511027045,2693.84010819948,848.8488207889609,2269.4156978049996,6343.970006376183,2.3549912955362418
2016,m,94,0.4050391110664768,0.5,0.33682538400539236,1844.991287410519,621.4398988686512,1534.2713379761933,4074.5543085711834,2.2084409484068077
2016,m,95,0.43681610911400615,0.5,0.3585138061754087,1223.5513885418677,438.6600653573514,1004.221355863192,2540.2829705949903,2.076155521038066
2016,m,96,0.46912041073673716,0.5,0.3799899014214222,784.8913231845163,298.25077652341395,635.7659349228093,1536.0616147317983,1.957037323969363
2016,m,97,0.5016855888648465,0.5,0.4010780500138621,486.64054666110235,195.1808415125148,389.05012590484495,900.295679808989,1.8500219227230916
2016,m,98,0.5342364726953597,0.5,0.42161532947014785,291.45970514858755,122.88387961349389,230.0177653418406,511.245553904144,1.7540865679648876
2016,m,99,0.5664983732356869,0.5,0.44145624960710944,168.57582553509366,74.41885171514485,131.36639967752123,281.22778856230343,1.6682569263394067
2016,m,100,0.5982062746677493,0.5,0.4604763528594327,94.1569738199488,43.35705990089111,72.47844386950325,149.86138888478217,1.5916122067745493
2016,m,101,0.6291133458487654,0.5,0.4785745330014798,50.799913919057694,24.311545080328408,38.644141378893494,77.38294501527892,1.52328890042171
2016,m,102,0.6589982070370589,0.5,0.4956740514476581,26.488368838729286,13.129597098532843,19.923570289462866,38.73880363638542,1.4624835478636373
2016,m,103,0.6876705299697322,0.5,0.5117223426767837,13.358771740196444,6.835981970177739,9.940780755107575,18.815233346922554,1.40845533652676
2016,m,104,0.7149747302340632,0.5,0.5266897862967762,6.522789770018704,3.4354867500299493,4.80504639500373,8.874452591814977,1.3605302186198667
2016,m,105,0.7407917006660474,0.5,0.5405676764753962,3.087303019988755,1.6688962200907949,2.2528549099433577,4.069406196811247,1.3181103929429219
2016,m,106,0.7650387063850622,0.5,0.5533656397781522,1.4184067998979601,0.7848975862912163,1.025958006752352,1.816551286867889,1.2806983772205345
2016,m,107,0.7876676959860617,0.5,0.5651087445754152,0.6335092136067438,0.3580015963782655,0.4545084154176111,0.7905932801155372,1.2479586139157632
2016,m,108,0.8086623687441666,0.5,0.575834516632017,0.27550761722847833,0.15864679559519956,0.19618421943087855,0.3360848646979261,1.2198750367733429
2016,m,109,0.8280343732997731,0.5,0.5855900346314504,0.11686082163327875,0.06843253258729146,0.08264455533963302,0.13990064526704754,1.1971560982693594
2016,m,110,0.8458190055831873,0.5,1.0,0.0484282890459873,0.0484282890459873,0.057256089927414516,0.057256089927414516,1.182286036846034
2017,m,0,0.008513999824453613,0.0653515755288335,0.008446783727641516,100000.0,844.678372764145,99210.52268971113,7403356.588331165,74.03356588331165
2017,m,1,0.00017110103516126274,0.5,0.00017108639863130885,99155.32162723585,16.964126882332494,99146.8395637947,7304146.0656414535,73.66368184554565
2017,m,2,8.494733265375468e-05,0.5,8.49437247823317e-05,99138.35750035352,8.421181354875444,99134.14690967608,7204999.226077659,72.67620129829129
2017,m,3,0.0004273869561500983,0.5,0.00042729564585736873,99129.93631899865,42.35779016323795,99108.75742391704,7105865.079167983,71.68233273449724
2017,m,4,0.0005156854318865492,0.5,0.0005155525004296271,99087.57852883541,51.08484887206578,99062.03610439938,7006756.321744066,70.71276163747442
2017,m,5,8.771929824561403e-05,0.5,8.771545107670715e-05,99036.49367996334,8.68703071618802,99032.15016460525,6907694.285639666,69.74897867408247
2017,m,6,0.00017406440382941688,0.5,0.00017404925593943088,99027.80664924716,17.235716064620647,99019.18879121484,6808662.135475061,68.75505341233186
2017,m,7,0.00017146776406035664,0.5,0.0001714530647235319,99010.57093318253,16.975665826525073,99002.08310026927,6709642.946683846,67.76693522161246
2017,m,8,8.93734918223255e-05,0.5,8.936949819026766e-05,98993.59526735601,8.847007933087298,98989.17176338946,6610640.863583577,66.778470321539
2017,m,9,0.00018394187436769982,0.5,0.00018392495861688433,98984.74825942292,18.20576572731079,98975.64537655926,6511651.6918201875,65.78439412457976
2017,m,10,0.00018552875695732838,0.5,0.0001855115480938688,98966.54249369561,18.359436507496866,98957.36277544187,6412676.046443628,64.79640376293968
2017,m,11,0.00018876828692779613,0.5,0.00018875047187617969,98948.18305718811,18.676516243329388,98938.84479906646,6313718.683668186,63.808333701479974
2017,m,12,0.00018641066268990585,0.5,0.0001863932898415657,98929.50654094479,18.43979618657613,98920.2866428515,6214779.838869119,62.8202854352352
2017,m,13,0.0002727024815925825,0.5,0.00027266530334014993,98911.06674475821,26.969616017653607,98897.58193674938,6115859.552226268,61.83190368382492
2017,m,14,0.0003605227579990987,0.5,0.0003604577813823556,98884.09712874056,35.643542265024735,98866.27535760804,6016961.970289518,60.848631326995196
2017,m,15,0.00017809439002671417,0.5,0.0001780785326328911,98848.45358647553,17.60278756771004,98839.65219269168,5918095.69493191,59.870392304666524
2017,m,16,0.00026182579856868566,0.5,0.0002617915266809198,98830.85079890782,25.873079313823837,98817.91425925092,5819256.042739219,58.88096678009705
2017,m,17,0.0002676898367091996,0.5,0.00026765401257973856,98804.977719594,26.44554874949972,98791.75494521925,5720438.128479968,57.896254424695336
2017,m,18,0.00018132366273798732,0.5,0.00018130722509291996,98778.5321708445,17.909261566645,98769.57754006117,5621646.373534748,56.911620875391336
2017,m,19,0.0008808244516867788,0.5,0.0008804366966015143,98760.62290927785,86.95247658855806,98717.14667098358,5522876.795994687,55.9218505645518
2017,m,20,0.00042647560559535994,0.5,0.0004263846842621413,98673.6704326893,42.07294181242469,98652.63396178308,5424159.649323704,54.97068899472853
2017,m,21,0.0004910787362907187,0.5,0.0004909581867277638,98631.59749087687,48.42399025817576,98607.38549574779,5325507.015361921,53.99392436946501
2017,m,22,0.000879156010230179,0.5,0.0008787697223886558,98583.1735006187,86.63190800933808,98539.85754661402,5226899.6298661735,53.02020055008039
2017,m,23,0.00112,0.5,0.0011193731510354202,98496.54159260936,110.25438412860967,98441.41440054505,5128359.77231956,52.066394305811485
2017,m,24,0.0008742648227626768,0.5,0.0008738828202581925,98386.28720848075,85.978086140487,98343.2981654105,5029918.357919015,51.12418102799842
2017,m,25,0.0004603345097437471,0.5,0.0004602285801948301,98300.30912234026,45.24061170007917,98277.68881649022,4931575.059753604,50.16845932413073
2017,m,26,0.0006831638074996204,0.5,0.0006829305307887848,98255.06851064018,67.1013860906678,98221.51781759484,4833297.370937114,49.191328693783454
2017,m,27,0.0007660487206986365,0.5,0.0007657554177195804,98187.96712454951,75.18796778049727,98150.37314065927,4735075.853119519,48.22460421360153
2017,m,28,0.000752049334436339,0.5,0.0007517666516313336,98112.77915676901,73.75791546893015,98075.90019903454,4636925.479978859,47.26117759410088
2017,m,29,0.0006607444387343073,0.5,0.0006605262192213131,98039.02124130008,64.75734403666866,98006.64256928174,4538849.579779825,46.2963575351136
2017,m,30,0.0006696428571428571,0.5,0.0006694187214102421,97974.26389726342,65.58580646921473,97941.47099402882,4440842.937210543,45.32662722393348
2017,m,31,0.0006720931969233067,0.5,0.0006718674181628158,97908.6780907942,65.78165076459118,97875.7872654119,4342901.466216514,44.35665510864305
2017,m,32,0.0005895357406042742,0.5,0.0005893620156180935,97842.89644002961,57.6648866598116,97814.0639966997,4245025.678951102,43.38614077673984
2017,m,33,0.00058470983774302,0.5,0.0005845389449072044,97785.2315533698,57.159276079706615,97756.65191532995,4147211.614954402,42.411431144292095
2017,m,34,0.0010084275732910753,0.5,0.0010079193664506837,97728.07227729009,98.50201669418311,97678.821268943,4049454.963039072,41.4359443369485
2017,m,35,0.0011513276246671944,0.5,0.0011506652283351313,97629.57026059591,112.33895175617363,97573.40078471781,3951776.141770129,40.47724609687336
2017,m,36,0.0012272596015015882,0.5,0.001226506980267667,97517.23130883973,119.60556489667215,97457.42852639139,3854202.740985411,39.5232995159496
2017,m,37,0.00065302568567697,0.5,0.0006528125340006528,97397.62574394306,63.58239086755202,97365.83454850929,3756745.31245902,38.57122064079312
2017,m,38,0.0017640573318632856,0.5,0.001762502753910553,97334.04335307551,171.55151945904072,97248.26759334598,3659379.4779105107,37.59609024600213
2017,m,39,0.0012672381662318301,0.5,0.0012664357283867843,97162.49183361647,123.05005111718492,97100.96680805788,3562131.2103171647,36.6615876465689
2017,m,40,0.0020153765768455623,0.5,0.0020133477498974683,97039.44178249929,195.37414176409948,96941.75471161724,3465030.243509107,35.707442044807934
2017,m,41,0.0017823988117341256,0.5,0.001780811753357572,96844.06764073519,172.4610538975685,96757.8371137864,3368088.4887974896,34.77846987274605
2017,m,42,0.002040199486171981,0.5,0.002038120400075486,96671.60658683762,197.02837349270703,96573.09240009126,3271330.651683703,33.83962227570048
2017,m,43,0.00253690036900369,0.5,0.0025336865138776915,96474.57821334491,244.43633775119088,96352.36004446931,3174757.559283612,32.90771121344443
2017,m,44,0.0026283240568954853,0.5,0.0026248745464371183,96230.14187559372,252.59205000927614,96103.84585058907,3078405.1992391427,31.990030766232305
2017,m,45,0.003787000541000077,0.5,0.0037798434064874454,95977.54982558444,362.7801088790584,95796.15977114491,2982301.3533885535,31.072905682715923
2017,m,46,0.0034262575922753466,0.5,0.0034203980099502492,95614.76971670538,327.0405680608674,95451.24943267496,2886505.1936174086,30.188904937697
2017,m,47,0.003480547606156702,0.5,0.003474501023047524,95287.72914864452,331.0773124108382,95122.1904924391,2791053.9441847336,29.290801335299076
2017,m,48,0.003497300995970501,0.5,0.0034911961141469335,94956.65183623368,331.5122939030698,94790.89568928214,2695931.7536922945,28.39118378290985
2017,m,49,0.0035641161750208537,0.5,0.0035577760115059983,94625.13954233061,336.6550515491108,94456.81201655605,2601140.8580030124,27.488898516650437
2017,m,50,0.005066309044851736,0.5,0.005053507728894174,94288.4844907815,476.487585119874,94050.24069822156,2506684.0459864563,26.585261811388353
2017,m,51,0.005159198113207547,0.5,0.005145923693302947,93811.99690566162,482.74937759290333,93570.62221686517,2412633.8052882347,25.71775343098608
2017,m,52,0.007286376683594612,0.5,0.0072599274007259925,93329.24752806872,677.5635614181665,92990.46574735965,2319063.18307137,24.84819329946824
2017,m,53,0.006989886972040452,0.5,0.006965542793627269,92651.68396665055,645.3692695713398,92328.99933186488,2226072.71732401,24.026252109192882
2017,m,54,0.0073931459376203315,0.5,0.0073659172868871334,92006.31469707921,677.7109039299976,91667.45924511421,2133743.717992145,23.191274696929927
2017,m,55,0.008543061648580005,0.5,0.0085067249109093,91328.60379314922,776.9073089657468,90940.15013866634,2042076.258747031,22.359657039892383
2017,m,56,0.009205208801077683,0.5,0.009163034975974968,90551.69648418347,829.7283620184317,90136.83230317425,1951136.1086083646,21.54720656116218
2017,m,57,0.011096216860291927,0.5,0.011034993519718572,89721.96812216504,990.081336804491,89226.9274537628,1860999.2763051903,20.741846342149582
2017,m,58,0.0116243961352657,0.5,0.011557223264540338,88731.88678536055,1025.4942262623226,88219.13967222939,1771772.3488514274,19.967707360233252
2017,m,59,0.013679786014520443,0.5,0.013586853391020533,87706.39255909823,1191.6538971557602,87110.56561052034,1683553.2091791981,19.195330694336654
2017,m,60,0.01548416917032586,0.5,0.015365210411650038,86514.73866194247,1329.317163249667,85850.08008031762,1596442.6435686778,18.45284015486424
2017,m,61,0.013225856941618406,0.5,0.013138969873663751,85185.4214986928,1119.248686746665,84625.79715531947,1510592.5634883603,17.732993943236412
2017,m,62,0.018426255436931594,0.5,0.018258041766250052,84066.17281194613,1534.883694329299,83298.73096478148,1425966.7663330408,16.962432315348668
2017,m,63,0.018837018837018837,0.5,0.01866125760649087,82531.28911761683,1540.137646819625,81761.22029420701,1342668.0353682593,16.268594005054236
2017,m,64,0.020397799407532797,0.5,0.02019186460558837,80991.15147079721,1635.3623647490458,80173.47028842269,1260906.8150740522,15.568451518172258
2017,m,65,0.02387730737441455,0.5,0.023595607586895363,79355.78910604816,1872.4480594947381,78419.56507630079,1180733.3447856295,14.878981837200822
2017,m,66,0.024765990639625587,0.5,0.024463064624867577,77483.34104655343,1895.479979372496,76535.60105686718,1102313.7797093287,14.226461647375764
2017,m,67,0.021773712467687414,0.5,0.021539218096877304,75587.86106718093,1628.1034250024677,74773.80935467969,1025778.1786524614,13.57067344108032
2017,m,68,0.02763006985715775,0.5,0.02725356096055947,73959.75764217846,2015.6667635293124,72951.9242604138,951004.3692977817,12.858402996651169
2017,m,69,0.03413007226236798,0.5,0.033557413783680386,71944.09087864915,2414.257626905528,70736.96206519639,878052.445037368,12.204649948505327
2017,m,70,0.02750130958617077,0.5,0.02712827800025836,69529.83325174362,1886.2246457649162,68586.72092886116,807315.4829721716,11.611066001685346
2017,m,71,0.03401768320095909,0.5,0.033448758564797766,67643.6086059787,2262.594732713056,66512.31123962218,738728.7620433104,10.920895222287381
2017,m,72,0.044987546699875466,0.5,0.043997868615361195,65381.01387326565,2876.6252583350433,63942.70124409813,672216.4508036883,10.281523809139921
2017,m,73,0.04531477585369801,0.5,0.04431080867225827,62504.388614930605,2769.6200050926636,61119.57861238427,608273.7495595901,9.731696654245651
2017,m,74,0.05042847725774555,0.5,0.049188233402989875,59734.76860983794,2938.2477406542966,58265.6447395108,547154.1709472059,9.159726967739404
2017,m,75,0.05793495645992536,0.5,0.05630397236614853,56796.520869183645,3197.869741511895,55197.5859984277,488888.5262076951,8.607719605461849
2017,m,76,0.058165971959075406,0.5,0.0565221393721808,53598.65112767175,3029.5104291991593,52083.89591307217,433690.94020926737,8.091452510180106
2017,m,77,0.0711736716891356,0.5,0.06872786445869626,50569.14069847259,3475.5090477173653,48831.38617461391,381607.0442961952,7.546243401120743
2017,m,78,0.07956390628624449,0.5,0.07651979921918572,47093.631650755226,3603.595238418078,45291.83403154618,332775.6581215813,7.066256019273143
2017,m,79,0.08830364058869093,0.5,0.08456973293768547,43490.03641233715,3677.9407648415654,41651.066029916365,287483.8240900351,6.610337626861181
2017,m,80,0.09643998030509283,0.5,0.09200356910867348,39812.09564749558,3662.854893265481,37980.66820086284,245832.75806011877,6.174825867916429
2017,m,81,0.10812869534199068,0.5,0.10258263224717362,36149.2407542301,3708.2842703057286,34295.09861907724,207852.0898592559,5.749832791022963
2017,m,82,0.12104431974664331,0.5,0.11413653040602371,32440.956483924372,3702.6982161279266,30589.60737586041,173556.99124017867,5.349934467135155
2017,m,83,0.13526869054333157,0.5,0.1266994558037674,28738.258267796446,3641.1216832779282,26917.69742615748,142967.38386431825,4.974810321908925
2017,m,84,0.15087768784989367,0.5,0.14029406572227474,25097.136584518517,3520.9793294293486,23336.646919803843,116049.68643816079,4.624020993285246
2017,m,85,0.1679380462764881,0.5,0.15492882424839377,21576.15725508917,3342.7686753294147,19904.77291742446,92713.03951835695,4.297013523874309
2017,m,86,0.1865037793861185,0.5,0.17059543289559848,18233.388579759754,3110.5328179177777,16678.122170800867,72808.26660093249,3.9931286651650915
2017,m,87,0.20661232016016953,0.5,0.18726653365659837,15122.855761841976,2832.004777508864,13706.853373087544,56130.144430131615,3.7116101161104322
2017,m,88,0.22828053515367716,0.5,0.20489389154757698,12290.850984333112,2518.3202886113777,11031.690840027422,42423.29105704407,3.4516154423416365
2017,m,89,0.25150082699117843,0.5,0.22340727036487457,9772.530695721734,2183.254407288142,8680.903492077663,31391.600217016647,3.212228356648643
2017,m,90,0.27623759217449917,0.5,0.24271419918920523,7589.2762884335925,1842.025116772783,6668.2637300472015,22710.696724938985,2.9924719909790523
2017,m,91,0.30242433996327645,0.5,0.2627007843116357,5747.25117166081,1509.8073904312614,4992.3474764451785,16042.432994891782,2.791322758607734
2017,m,92,0.32996179340760357,0.5,0.28323365159136754,4237.443781229548,1200.186675570777,3637.3504434441597,11050.085518446604,2.607724394455631
2017,m,93,0.3587172761279863,0.5,0.3041630124631537,3037.2571056587713,923.8212708822912,2575.3464702176257,7412.735075002443,2.440601772300289
2017,m,94,0.38852563163649706,0.5,0.3253267425648675,2113.43583477648,687.5571957476936,1769.6572369026333,4837.388604784818,2.2888741286514747
2017,m,95,0.41919182451948733,0.5,0.3465552588850613,1425.8786390287864,494.1457408873,1178.8057685851363,3067.7313678821847,2.1514673717054342
2017,m,96,0.4504952402873292,0.5,0.3676768947606746,931.7328981414864,342.5766587350256,760.4445687739736,1888.9255992970484,2.0273252163413567
2017,m,97,0.482195546343295,0.5,0.3885234159360674,589.1562394064608,228.9009946542456,474.70574207933805,1128.4810305230749,1.915418958577017
2017,m,98,0.5140398199022442,0.5,0.408935304709877,360.2552447522152,147.32108828607844,286.594700609176,653.7752884437368,1.814755782093903
2017,m,99,0.5457705126450015,0.5,0.42876646573925276,212.93415646613678,91.29902570315451,167.2846436145595,367.18058783456087,1.7243855749979413
2017,m,100,0.5771337280885375,0.5,0.4478880717739068,121.63513076298227,54.47892417739915,94.39566867428269,199.89594422000135,1.6434063330726203
2017,m,101,0.6078872518337235,0.5,0.46619135961977687,67.15620658558312,31.307643255039608,51.50238495806332,105.50027554571865,1.5709683573516064
2017,m,102,0.6378078031912692,0.5,0.48358929139540596,35.84856333054351,17.33598133856087,27.180572661263078,53.997890587655334,1.5062776739409338
2017,m,103,0.6666970642942105,0.5,0.5000170984705861,18.512581991982643,9.256607532829983,13.884278225567652,26.817317926392256,1.448599549106991
2017,m,104,0.6943861749096821,0.5,0.5154318125410946,9.25597445915266,4.770823692315133,6.8705626129950925,12.933039700824605,1.397263978838654
2017,m,105,0.720738536562601,0.5,0.5298109516052115,4.485150766837526,2.3762819958710337,3.297009768902009,6.062477087829511,1.3516774358299122
2017,m,106,0.745650925324938,0.5,0.5431505647329825,2.108868770966492,1.145433263898201,1.5361521390173918,2.7654673189275023,1.3113510698250284
2017,m,107,0.7690530485535986,0.5,0.55546284962313,0.9634355070682912,0.5351526321842581,0.695859190976162,1.2293151799101107,1.2759703902245458
2017,m,108,0.7909057829205031,0.5,0.5667735455353646,0.428282874884033,0.24273940349010234,0.3069131731389818,0.5334559889339487,1.2455692725944125
2017,m,109,0.8111983927431655,0.5,0.5771192775559313,0.18554347139393065,0.10708071416608486,0.13200311431088824,0.22654281579496693,1.2209689410951563
2017,m,110,0.8299450494992265,0.5,1.0,0.07846275722784579,0.07846275722784579,0.0945397014840787,0.0945397014840787,1.2048990479591166
2018,m,0,0.0063762909744050295,0.05961396497530311,0.00633828550539342,100000.0,633.8285505393433,99403.95648247286,7444779.419032072,74.44779419032072
2018,m,1,0.00044232130219391363,0.5,0.0004422234997567771,99366.17144946066,43.942056095809676,99344.20042141275,7345375.462549599,73.92229523792795
2018,m,2,0.00025864298646435037,0.5,0.00025860954269212537,99322.22939336485,25.685676322580548,99309.38655520356,7246031.262128186,72.95477866722405
2018,m,3,0.00017088174982911826,0.5,0.0001708671507902606,99296.54371704227,16.966517508248216,99288.06045828815,7146721.875572983,71.97352101135007
2018,m,4,8.602150537634408e-05,0.5,8.601780568577695e-05,99279.57719953402,8.539811380105675,99275.30729384397,7047433.815114695,70.98573557530997
2018,m,5,0.00034602076124567473,0.5,0.0003459609064175748,99271.03738815391,34.343898075821926,99253.865439116,6948158.50782085,69.99179912518954
2018,m,6,8.8261253309797e-05,0.5,8.825735845726136e-05,99236.69349007809,8.758368429465918,99232.31430586336,6848904.642381734,69.01584889128237
2018,m,7,0.0,0.5,0.0,99227.93512164862,0.0,99227.93512164862,6749672.328075871,68.02189645285978
2018,m,8,0.0,0.5,0.0,99227.93512164862,0.0,99227.93512164862,6650444.392954222,67.02189645285978
2018,m,9,8.990380293086398e-05,0.5,8.989976176563133e-05,99227.93512164862,8.92056772793876,99223.47483778466,6551216.457832573,66.02189645285978
2018,m,10,9.249838127832763e-05,0.5,9.249410350090182e-05,99219.01455392069,9.177173801406752,99214.42596701998,6451992.982994788,65.02778738533475
2018,m,11,0.0002798246432235799,0.5,0.0002797854977850315,99209.83738011928,27.757473736579414,99195.95864325098,6352778.557027768,64.0337563772764
2018,m,12,0.00018969932656739068,0.5,0.0001896813353566009,99182.0799063827,18.81298936008534,99172.67341170265,6253582.598384517,63.05153717574013
2018,m,13,0.00037474236462432077,0.5,0.0003746721618583739,99163.26691702261,37.15371559273626,99144.69005922624,6154409.9249728145,62.06340428580952
2018,m,14,0.00045699661822502514,0.5,0.0004568922191255083,99126.11320142988,45.28994983388111,99103.46822651294,6055265.2349135885,61.086479025047076
2018,m,15,0.0003620564808110065,0.5,0.0003619909502262443,99080.823251596,35.86636135804292,99062.89007091697,5956161.766687076,60.11417316913678
2018,m,16,0.00026826432978628275,0.5,0.00026822835173677856,99044.95689023795,26.56666553451214,99031.6735574707,5857098.8766161585,59.13576077484713
2018,m,17,0.0006147361025731097,0.5,0.0006145472103946271,99018.39022470344,60.85147549035901,98987.96448695826,5758067.203058688,58.151492768079216
2018,m,18,0.0003595182455509617,0.5,0.0003594536304816679,98957.53874921308,35.570646566935466,98939.75342592961,5659079.2385717295,57.18694411866353
2018,m,19,0.00036569756811117204,0.5,0.0003656307129798903,98921.96810264615,36.168909726751735,98903.88364778277,5560139.4851458,56.20732777350663
2018,m,20,0.000888494002665482,0.5,0.0008880994671403196,98885.7991929194,87.82042557097157,98841.88898013391,5461235.601498017,55.22770353348231
2018,m,21,0.0002581977794990963,0.5,0.000258164450755131,98797.97876734842,25.50612592419202,98785.22570438634,5362393.712517884,54.27635038106764
2018,m,22,0.00024799537075307927,0.5,0.0002479646237136835,98772.47264142423,24.49207901180489,98760.22660191833,5263608.486813498,53.290237108086636
2018,m,23,0.0006459426725878079,0.5,0.0006457341189765114,98747.98056241243,63.76494022917177,98716.09809229785,5164848.2602115795,52.30333046605649
2018,m,24,0.0006472491909385113,0.5,0.0006470397929472663,98684.21562218326,63.852614443341736,98652.28931496158,5066132.1621192815,51.33680325853919
2018,m,25,0.001126397940300909,0.5,0.0011257639112254743,98620.36300773991,111.02324558606779,98564.85138494687,4967479.8728043195,50.36971799033494
2018,m,26,0.0005436470953712333,0.5,0.0005434993594471836,98509.33976215385,53.539763060296536,98482.56988062369,4868915.021419372,49.425922792449306
2018,m,27,0.0009224383119378892,0.5,0.0009220130618517096,98455.79999909355,90.7775336142222,98410.41123228644,4770432.451538749,48.45252846031081
2018,m,28,0.0006981073533974558,0.5,0.0006978637614856744,98365.02246547933,68.64538457638992,98330.69977319113,4672022.040306463,47.49678212035263
2018,m,29,0.0007616146230007616,0.5,0.0007613247049866769,98296.37708090294,74.83546028238197,98258.95935076175,4573691.340533271,46.52960237556761
2018,m,30,0.000743439149505613,0.5,0.0007431629013079667,98221.54162062056,72.99460584171175,98185.0443176997,4475432.3811825095,45.56467254880614
2018,m,31,0.0007538067239559777,0.5,0.0007535227187099691,98148.54701477884,73.95715998401283,98111.56843478684,4377247.3368648095,44.59818784893168
2018,m,32,0.0012856386599107616,0.5,0.001284812757434909,98074.58985479483,126.00748422562901,98011.58611268201,4279135.7684300225,43.63144189300749
2018,m,33,0.0008952551477170994,0.5,0.0008948545861297539,97948.5823705692,87.64973813921097,97904.7575014996,4181124.1823173403,42.686929010354426
2018,m,34,0.0009621789652875435,0.5,0.0009617162936933606,97860.93263242999,94.11445342862862,97813.87540571568,4083219.4248158406,41.72471398931578
2018,m,35,0.0008743806470416788,0.5,0.0008739985433357612,97766.81817900136,85.44805667502806,97724.09415066385,3985405.549410125,40.76439863383139
2018,m,36,0.0011647375700662445,0.5,0.0011640596580574755,97681.37012232633,113.70694230317895,97624.51665117475,3887681.455259461,39.7996204433959
2018,m,37,0.0020442432649485287,0.5,0.002042155933192327,97567.66318002316,199.24838225079293,97468.03898889775,3790056.9386082864,38.84542086054896
2018,m,38,0.0018345930872532472,0.5,0.001832911763627699,97368.41479777236,178.46771288861055,97279.18094132806,3692588.899619389,37.92388843228728
2018,m,39,0.0014122194143005797,0.5,0.0014112229360864557,97189.94708488375,137.15668248321163,97121.36874364215,3595309.718678061,36.992609076512714
2018,m,40,0.0021843928894245256,0.5,0.0021820097061811066,97052.79040240054,211.7701306700037,96946.90533706555,3498188.3499344187,36.044181063009326
2018,m,41,0.0019613759806879905,0.5,0.0019594543673223303,96841.02027173054,189.7555601073982,96746.14249167684,3401241.444597353,35.12190841291901
2018,m,42,0.002025962332107751,0.5,0.0020239121472208684,96651.26471162314,195.61366869411722,96553.45787727609,3304495.3021056764,34.18988165302593
2018,m,43,0.00183206106870229,0.5,0.001830384380719951,96455.65104292902,176.55091710115084,96367.37558437845,3207941.8442284004,33.258205294790436
2018,m,44,0.0029509979032383317,0.5,0.0029466501240694785,96279.10012582787,283.7008223310695,96137.24971466234,3111574.468644022,32.318275353399464
2018,m,45,0.0025785278949835913,0.5,0.002575207772445277,95995.3993034968,247.2080984053464,95871.79525429412,3015437.2189293597,31.41230976492763
2018,m,46,0.002966664064329768,0.5,0.002962270034299969,95748.19120509145,283.6319976452651,95606.37520626883,2919565.4236750654,30.49212091559403
2018,m,47,0.0032220039292730845,0.5,0.003216821623318034,95464.55920744619,307.09245831903536,95311.01297828667,2823959.0484687965,29.58122964075373
2018,m,48,0.004138684991410276,0.5,0.004130138320670173,95157.46674912715,393.01349991846655,94960.95999916791,2728648.03549051,28.675080671118632
2018,m,49,0.004528359812725459,0.5,0.004518129953670024,94764.45324920869,428.1581147684192,94550.37419182448,2633687.075491342,27.79193025643647
2018,m,50,0.005208732286480276,0.5,0.005195202078080831,94336.29513444027,490.096116520901,94091.24707617982,2539136.701299518,26.915798396374914
2018,m,51,0.004364512002408007,0.5,0.004355008259498424,93846.19901791937,408.7009718455665,93641.84853199658,2445045.454223338,26.05375049613327
2018,m,52,0.007297639437039243,0.5,0.007271108473067221,93437.4980460738,679.3941837450111,93097.80095420129,2351403.6056913417,25.165524065422538
2018,m,53,0.006773353181987346,0.5,0.00675049145061385,92758.10386232879,626.1627870978118,92445.02246877988,2258305.8047371404,24.346183359773168
2018,m,54,0.008800300864986838,0.5,0.008761747856367246,92131.94107523098,807.2368372188648,91728.32265662155,2165860.7822683607,23.50825085189307
2018,m,55,0.007632398753894081,0.5,0.00760338272945923,91324.70423801211,694.376678976274,90977.51589852397,2074132.459611739,22.711625259755532
2018,m,56,0.010040473225404732,0.5,0.009990319457889642,90630.32755903584,905.4259248879534,90177.61459659185,1983154.9437132152,21.88180267164327
2018,m,57,0.011449802851076737,0.5,0.0113846269838278,89724.90163414789,1021.484536265416,89214.15936601517,1892977.3291166234,21.097569288347774
2018,m,58,0.01222364747604316,0.5,0.012149392530373481,88703.41709788247,1077.6926331076247,88164.57078132866,1803763.1697506083,20.334765319809396
2018,m,59,0.013009872197137827,0.5,0.012925790754257906,87625.72446477484,1132.6317791219335,87059.40857521388,1715598.5989692796,19.57870944232755
2018,m,60,0.013408773833514184,0.5,0.013319474920121645,86493.09268565291,1152.0425787903077,85917.07139625776,1628539.1903940656,18.82854618591064
2018,m,61,0.016356237282829863,0.5,0.016223559091791188,85341.0501068626,1384.535569364205,84648.7823221805,1542622.1189978078,18.075968330201736
2018,m,62,0.015749284123448934,0.5,0.015626233130771053,83956.5145374984,1311.924069009925,83300.55250299344,1457973.3366756274,17.365815442760397
2018,m,63,0.017553748288912152,0.5,0.01740102171136654,82644.59046848847,1438.100313069168,81925.5403119539,1374672.784172634,16.633548262263847
2018,m,64,0.01901743264659271,0.5,0.01883830455259027,81206.4901554193,1529.7925931947102,80441.59385882196,1292747.24386068,15.919260164877457
2018,m,65,0.021679046467438245,0.5,0.021446575810654935,79676.6975622246,1708.7923346108728,78822.30139491917,1212305.650001858,15.215309960043102
2018,m,66,0.026968614922007143,0.5,0.026609800194705855,77967.90522761372,2074.7103797065647,76930.55003776043,1133483.3486069387,14.537819700271944
2018,m,67,0.026573426573426574,0.5,0.026224982746721876,75893.19484790716,1990.2977254799625,74898.04598516718,1056552.7985691782,13.921574927588042
2018,m,68,0.0257847533632287,0.5,0.025456557830658554,73902.8971224272,1881.3133744502848,72962.24043520205,981654.752584011,13.283034776807279
2018,m,69,0.029377077302455236,0.5,0.02895181741335587,72021.58374797691,2085.1557424921484,70979.00587673084,908692.5121488089,12.616947099199747
2018,m,70,0.03390218760737602,0.5,0.033337087509854715,69936.42800548476,2331.476820545504,68770.68959521201,837713.5062720781,11.97821407473628
2018,m,71,0.03514463368477967,0.5,0.03453772582359193,67604.95118493926,2334.9212683427468,66437.49055076789,768942.8166768661,11.374060674540772
2018,m,72,0.03937130407718643,0.5,0.0386112170927127,65270.02991659651,2520.1552947575547,64009.952269217734,702505.3261260983,10.763061193993249
2018,m,73,0.03916491341641042,0.5,0.03841269841269841,62749.87462183896,2410.392009283343,61544.678617197285,638495.3738568806,10.175245412118542
2018,m,74,0.04638564415100728,0.5,0.045334215751158174,60339.482612555614,2735.4431230708506,58971.76105102019,576950.6952396833,9.561744155884256
2018,m,75,0.0519457956914524,0.5,0.05063076792820253,57604.03948948476,2916.5367551191157,56145.771111925205,517978.934188663,8.992059216319658
2018,m,76,0.06413391009968027,0.5,0.06214123006833713,54687.50273436565,3398.3486892790315,52988.32838972613,461833.16307673784,8.444948845442923
2018,m,77,0.06523484544359695,0.5,0.06317426377684905,51289.154045086616,3240.1545465357485,49669.07677181874,408844.8346870117,7.971370210700095
2018,m,78,0.06804167552625984,0.5,0.0658030022619782,48048.99949855087,3161.7684226889323,46468.1152872064,359175.757915193,7.475197437274954
2018,m,79,0.07404637247569185,0.5,0.0714028128380815,44887.231075861935,3205.074559329485,43284.69379619719,312707.64262798656,6.966516649233568
2018,m,80,0.08872052640480663,0.5,0.0849520319097128,41682.15651653245,3540.9838904581047,39911.664571303394,269422.94883178937,6.4637478323591
2018,m,81,0.09976914693803673,0.5,0.09502868168486417,38141.172626074345,3624.5053525706753,36328.91994978901,229511.28426048596,6.017415523915639
2018,m,82,0.11202454091118008,0.5,0.10608261290642948,34516.66727350367,3661.6182531951126,32685.858146906114,193182.36431069695,5.596784961304512
2018,m,83,0.12557536206650208,0.5,0.11815658414897759,30855.049020308557,3645.727195988915,29032.185422314098,160496.50616379085,5.201628623508369
2018,m,84,0.14050596550219174,0.5,0.13128294689823689,27209.321824319642,3572.119952199191,25423.26184822005,131464.32074147675,4.83159123150119
2018,m,85,0.15689326448000557,0.5,0.1454807867071996,23637.20187212045,3438.7587239129753,21917.822510163962,106041.0588932567,4.4861933940806145
2018,m,86,0.17480311391178419,0.5,0.1607530472929741,20198.443148207476,3246.9612866482457,18574.962504883355,84123.23638309275,4.164837644457678
2018,m,87,0.19428629953053203,0.5,0.1770838195290192,16951.48186155923,3001.8331547217967,15450.565284198332,65548.2738782094,3.866816742839032
2018,m,88,0.2153742696379164,0.5,0.1944360125416799,13949.648706837434,2712.314070914672,12593.491671380098,50097.70859401106,3.591324028787594
2018,m,89,0.23807481047171763,0.5,0.21274964479095207,11237.334635922762,2390.7389521896293,10041.965159827947,37504.21692263096,3.3374655234293713
2018,m,90,0.26236793028773425,0.5,0.2319409913615294,8846.595683733132,2051.8881730596895,7820.651597203288,27462.25176280302,3.104273411443435
2018,m,91,0.2882022721067534,0.5,0.2519027934024424,6794.707510673443,1711.6058022911966,5938.9046095278445,19641.60016559973,2.890720481307811
2018,m,92,0.31549240958379265,0.5,0.27250567376336343,5083.101708382246,1385.1740558504075,4390.514680457042,13702.695556071885,2.6957350732281373
2018,m,93,0.34411738291587135,0.5,0.29360081148139455,3697.9276525318387,1085.7145595828365,3155.0703727404207,9312.180875614842,2.518216079549075
2018,m,94,0.3739207922167595,0.5,0.31502381498381293,2612.213092949002,822.9093340914601,2200.758425903272,6157.1105028744205,2.357047562273521
2018,m,95,0.40471267909096176,0.5,0.336599613425711,1789.303758857542,602.2789535326203,1488.164282091232,3956.3520769711486,2.2111125947096046
2018,m,96,0.4362732952848343,0.5,0.3581480748725507,1187.0248053249218,425.13064885308506,974.4594808983793,2468.1877948799165,2.0793059958037734
2018,m,97,0.4683586912621766,0.5,0.379489976817498,761.8941564718367,289.13119577688445,617.3285585833945,1493.7283139815372,1.9605457021729404
2018,m,98,0.5007078769725694,0.5,0.4004529130197655,472.76296069495226,189.3193047781425,378.103308305881,876.3997553981428,1.8537826104436195
2018,m,99,0.5330511375814462,0.5,0.4208767282056553,283.44365591680975,119.29483853291643,223.79623665035155,498.29644709226176,1.7580088200616173
2018,m,100,0.5651189553937379,0.5,0.44061812744040474,164.14881738389332,72.32694453724802,127.9853451152693,274.5002104419102,1.6722643197601548
2018,m,101,0.5966509179710556,0.5,0.45955420025211596,91.82187284664529,42.19712734169156,70.72330917579951,146.51486532664092,1.5956423103168478
2018,m,102,0.6274039940808896,0.5,0.4775847151746195,49.62474550495373,23.700019947596306,37.77473553115558,75.79155615084142,1.527293598780786
2018,m,103,0.6571596333327211,0.5,0.49463316022792647,25.924725557357423,12.823228930477395,19.513111092118727,38.016820619685845,1.4664309766973287
2018,m,104,0.6857292790729687,0.5,0.5106466123865332,13.101496626880028,6.690234869709878,9.75637919202509,18.503709527567118,1.4123355563518978
2018,m,105,0.7129580546670394,0.5,0.5255946021285173,6.41126175717015,3.3697245724016236,4.726399470969339,8.747330335542028,1.3643695526483992
2018,m,106,0.7387265637462654,0.5,0.5394671914495704,3.0415371847685266,1.6408095227565103,2.2211324233902716,4.020930864572688,1.322006150281111
2018,m,107,0.7629509098875421,0.5,0.5522725048477939,1.4007276620120164,0.7735833745089703,1.0139359747575312,1.7997984411824164,1.2849024760438954
2018,m,108,0.7855811712363893,0.5,0.5640339469179472,0.6271442875030461,0.3537306677673869,0.45027895361935266,0.7858624664248853,1.2530808014751602
2018,m,109,0.8065986501987146,0.5,0.5747873142756662,0.2734136197356592,0.15715468017424783,0.19483627964853528,0.33558351280553267,1.227384038622437
2018,m,110,0.8260122558269377,0.5,1.0,0.11625893956141137,0.11625893956141137,0.1407472331569974,0.1407472331569974,1.210635790141975
2019,m,0,0.006051578065357043,0.058742435527418306,0.006017302944379682,100000.0,601.7302944379626,99433.61680858795,7452440.430620073,74.52440430620074
2019,m,1,0.0008201950241501869,0.5,0.0008198588020951948,99398.26970556204,81.49254633113742,99357.52343239647,7353006.813811486,73.97519932281108
2019,m,2,0.0005366726296958855,0.5,0.0005365286595725655,99316.7771592309,53.28629732230911,99290.13401056975,7253649.290379089,73.035488039947
2019,m,3,8.709284096847239e-05,0.5,8.708904855214457e-05,99263.49086190859,8.644762975134654,99259.16848042102,7154359.156368519,72.07442629960877
2019,m,4,0.00025824223121287767,0.5,0.00025820889099281317,99254.84609893346,25.628483736873022,99242.03185706501,7055099.987888098,71.08066019119956
2019,m,5,0.0,0.5,0.0,99229.21761519658,0.0,99229.21761519658,6955857.956031033,70.09888945215032
2019,m,6,0.0,0.5,0.0,99229.21761519658,0.0,99229.21761519658,6856628.738415836,69.09888945215033
2019,m,7,0.0,0.5,0.0,99229.21761519658,0.0,99229.21761519658,6757399.52080064,68.09888945215033
2019,m,8,0.000176522506619594,0.5,0.00017650692789691997,99229.21761519658,17.514644358874648,99220.46029301715,6658170.303185443,67.09888945215033
2019,m,9,8.69414014953921e-05,0.5,8.693762225603129e-05,99211.70297083771,8.625229556244449,99207.3903560596,6558949.842892426,66.1106466927633
2019,m,10,9.05961224859576e-05,0.5,9.059201884313993e-05,99203.07774128146,8.987007088027894,99198.58423773745,6459742.452536367,65.11635122231968
2019,m,11,0.0002796159940348588,0.5,0.00027957690694748616,99194.09073419344,27.732377074935357,99180.22454565598,6360543.868298629,64.12220547837605
2019,m,12,0.0,0.5,0.0,99166.3583571185,0.0,99166.3583571185,6261363.6437529735,63.13999775210573
2019,m,13,0.000286368843069874,0.5,0.0002863278453829635,99166.3583571185,28.394089722874924,99152.16131225706,6162197.285395855,62.139997752105735
2019,m,14,0.00028291210863824973,0.5,0.00028287209466786105,99137.96426739563,28.043363613425754,99123.94258558891,6063045.124083598,61.157652054769954
2019,m,15,0.0001839926402943882,0.5,0.00018397571520559287,99109.9209037822,18.233818582244567,99100.80399449109,5963921.181498009,60.17481526685807
2019,m,16,0.00018193395797325572,0.5,0.00018191740949608878,99091.68708519996,18.026503017143114,99082.67383369138,5864820.377503518,59.1857960038655
2019,m,17,0.00017979144192736425,0.5,0.00017977528089887642,99073.66058218281,17.810995160834864,99064.7550846024,5765737.7036698265,58.196473914346555
2019,m,18,0.00026548672566371683,0.5,0.0002654514887404327,99055.84958702198,26.294522741329274,99042.7023256513,5666672.948585224,57.20684817918775
2019,m,19,0.000635093449464707,0.5,0.000634891841639835,99029.55506428065,62.87305659153208,98998.11853598489,5567630.246259573,56.221905093338975
2019,m,20,0.0008314855875831486,0.5,0.000831140047097936,98966.68200768912,82.25517274500453,98925.55442131661,5468632.127723588,55.25730495136442
2019,m,21,0.0008085526906836762,0.5,0.0008082259440528041,98884.42683494411,79.92095923078887,98844.46635532871,5369706.573302271,54.302853797851064
2019,m,22,0.00026123301985370953,0.5,0.0002611989029646076,98804.50587571332,25.807628542694147,98791.60206144198,5270862.106946942,53.346373834177015
2019,m,23,0.0006695120930621809,0.5,0.0006692880448422991,98778.69824717063,66.11140182192321,98745.64254625967,5172070.5048855,52.36018085542696
2019,m,24,0.0003271716015049894,0.5,0.00032711808963035657,98712.5868453487,32.29067283132463,98696.44150893304,5073324.8623392405,51.39491350062105
2019,m,25,0.0005748070290688127,0.5,0.0005746418749743464,98680.29617251738,56.70583041559439,98651.94325730958,4974628.4208303075,50.411567595352935
2019,m,26,0.0008989131323036692,0.5,0.0008985092914028997,98623.59034210179,88.61421227389656,98579.28323596483,4875976.477572998,49.44026536307789
2019,m,27,0.0007893282816323309,0.5,0.0007890168849613382,98534.97612982789,77.74575992570317,98496.10324986503,4777397.194337033,48.484278192166215
2019,m,28,0.0006248047485160887,0.5,0.0006246096189881324,98457.23036990219,61.497333147970494,98426.4817033282,4678901.091087168,47.522168493960415
2019,m,29,0.00086716594402838,0.5,0.0008667901185926482,98395.73303675422,85.28844910794578,98353.08881220024,4580474.60938384,46.55155734926914
2019,m,30,0.000541837603529685,0.5,0.0005416908492938673,98310.44458764627,53.25386822313885,98283.8176535347,4482121.52057164,45.59150901383336
2019,m,31,0.0009831354458141118,0.5,0.0009826524056086774,98257.19071942313,96.55266482879233,98208.91438700873,4383837.702918105,44.61594790997341
2019,m,32,0.0009970089730807576,0.5,0.000996512207274539,98160.63805459434,97.81827409526159,98111.72891754672,4285628.788531096,43.65934119282663
2019,m,33,0.001076426264800861,0.5,0.0010758472296933835,98062.81978049908,105.500612996766,98010.06947400069,4187517.059613549,42.702392904739675
2019,m,34,0.000758495145631068,0.5,0.0007582075972401243,97957.31916750231,74.27198359806789,97920.18317570328,4089506.9901395487,41.74784513188533
2019,m,35,0.0009021878054281633,0.5,0.0009017810175095815,97883.04718390424,88.26907388644759,97838.91264696102,3991586.806963845,40.77914329193683
2019,m,36,0.0017025686579317492,0.5,0.001701120520690803,97794.7781100178,166.36070385936182,97711.59775808812,3893747.894316884,39.81549904368586
2019,m,37,0.0011828195460929993,0.5,0.0011821204285186555,97628.41740615843,115.40854661975754,97570.71313284856,3796036.296558796,38.88249341138393
2019,m,38,0.001481810772764318,0.5,0.0014807137040053308,97513.00885953868,144.38884853711352,97440.81443527012,3698465.5834259475,37.92791984045281
2019,m,39,0.0014893141708243354,0.5,0.0014882059677059306,97368.62001100156,144.90456136765715,97296.16773031774,3601024.7689906773,36.98342205716587
2019,m,40,0.0018842327404280977,0.5,0.0018824592447573508,97223.7154496339,183.01968195782683,97132.205608655,3503728.6012603594,36.03779782593726
2019,m,41,0.001603298213467705,0.5,0.0016020139604073695,97040.69576767608,155.46054934746644,96962.96549300235,3406596.395651704,35.10482245312208
2019,m,42,0.0009929728078215704,0.5,0.0009924800549681262,96885.23521832861,96.15666357507871,96837.15688654108,3309633.4301587017,34.160348815797576
2019,m,43,0.0016727493917274938,0.5,0.0016713515156119424,96789.07855475353,161.76857313717483,96708.19426818495,3212796.2732721604,33.19378922958423
2019,m,44,0.0024737167594310453,0.5,0.0024706609017912293,96627.30998161636,238.73331681684067,96507.94332320793,3116088.0790039753,32.248523524010146
2019,m,45,0.0036194822566685027,0.5,0.003612943763744895,96388.57666479952,348.24650695733726,96214.45341132085,3019580.1356807672,31.3271576380015
2019,m,46,0.002295938563850843,0.5,0.0022933059191016566,96040.33015784218,220.24985762346478,95930.20522903046,2923365.6822694466,30.43893828212479
2019,m,47,0.00434610825760569,0.5,0.004336684407648335,95820.08030021872,415.54144817756605,95612.30957612993,2827435.477040416,29.507755244846756
2019,m,48,0.004374453193350831,0.5,0.004364906154517678,95404.53885204115,416.4318588041933,95196.32292263905,2731823.167464286,28.634100644844107
2019,m,49,0.005058888625405106,0.5,0.005046124733895765,94988.10699323696,479.321836124509,94748.4460751747,2636626.844541647,27.757441726145483
2019,m,50,0.005596579867858531,0.5,0.005580962716068522,94508.78515711245,527.4500063027808,94245.06015396107,2541878.3984664725,26.895683763586906
2019,m,51,0.004728315634446942,0.5,0.004717163515446777,93981.33515080967,443.325325306374,93759.67248815647,2447633.3383125113,26.043823854862787
2019,m,52,0.006166730110392082,0.5,0.006147774278016015,93538.0098255033,575.0505708220444,93250.48454009226,2353873.6658243546,25.164889334459275
2019,m,53,0.008073034555605854,0.5,0.00804057862107834,92962.95925468125,747.47598273537,92589.22126331356,2260623.1812842623,24.3174614858275
2019,m,54,0.0071638639619938166,0.5,0.007138295074576399,92215.48327194588,658.2613300398225,91886.35260692597,2168033.9600209487,23.510519959293166
2019,m,55,0.009140071597227512,0.5,0.009098491166881491,91557.22194190606,833.0325751026394,91140.70565435474,2076147.6074140226,22.67595677740592
2019,m,56,0.009077275238771805,0.5,0.009036262915962755,90724.18936680342,819.8076279560191,90314.2855528254,1985006.9017596678,21.87957716253781
2019,m,57,0.011052340727875582,0.5,0.010991599277694905,89904.3817388474,988.1929373823223,89410.28527015624,1894692.6162068425,21.074530290531456
2019,m,58,0.011545566502463054,0.5,0.011479298997474553,88916.18880146508,1020.6955169679131,88405.84104298112,1805282.3309366861,20.303190625585387
2019,m,59,0.012482769183642212,0.5,0.012405342669051335,87895.49328449716,1090.3737132594833,87350.30642786741,1716876.4898937051,19.53315722726053
2019,m,60,0.014361124049060705,0.5,0.014258738294346601,86805.11957123768,1237.7314825757494,86186.2538299498,1629526.1834658377,18.772235917819884
2019,m,61,0.01425645872715816,0.5,0.014155554686583506,85567.38808866193,1211.2538414771698,84961.76116792334,1543339.929635888,18.03654364250003
2019,m,62,0.017743475493316358,0.5,0.017587444299854094,84356.13424718476,1483.6088124233647,83614.32984097308,1458378.1684679647,17.288347569301227
2019,m,63,0.018884746312206192,0.5,0.018708097474808304,82872.5254347614,1550.38728381705,82097.33179285287,1374763.8386269917,16.588897604058516
2019,m,64,0.019694731659281144,0.5,0.019502681618722578,81322.13815094435,1585.9997689116426,80529.13826648853,1292666.5068341389,15.895628622488795
2019,m,65,0.02415993194385368,0.5,0.023871564259897452,79736.1383820327,1903.4263512227626,78784.42520642132,1212137.3685676504,15.201856939196679
2019,m,66,0.02278548087962554,0.5,0.02252881592734893,77832.71203080994,1753.4788424684666,76955.9726095757,1133352.943361229,14.561396022184006
2019,m,67,0.02631578947368421,0.5,0.025974025974025976,76079.23318834147,1976.083978917959,75091.1911988825,1056396.9707516534,13.885483941937755
2019,m,68,0.025079332582659434,0.5,0.024768740838093314,74103.14920942351,1835.4416980547685,73185.42836039612,981305.779552771,13.242430180389428
2019,m,69,0.028326539144977528,0.5,0.027930945632568926,72267.70751136875,2018.5054094904335,71258.45480662353,908120.351192375,12.566060035175664
2019,m,70,0.032336386712283414,0.5,0.03182188433342384,70249.20210187831,2235.4619838012877,69131.47110997766,836861.8963857514,11.912760164479868
2019,m,71,0.03802416488983653,0.5,0.03731473408892764,68013.74011807702,2537.9146268994737,66744.78280462729,767730.4252757737,11.287872479045195
2019,m,72,0.039775910364145656,0.5,0.039000274649821476,65475.82549117755,2553.575177079707,64199.0379026377,700985.6424711464,10.706022218316281
2019,m,73,0.04095453079651725,0.5,0.040132722389003006,62922.250314097844,2525.2412039470437,61659.629712124326,636786.6045685087,10.120213460099908
2019,m,74,0.0460159025545593,0.5,0.04498098230527535,60397.0091101508,2716.7167980752492,59038.65071111318,575126.9748563843,9.52244131505717
2019,m,75,0.055308554152587584,0.5,0.053820195552479015,57680.29231207555,3104.3646117600583,56128.11000619552,516088.3241452711,8.947394395177612
2019,m,76,0.05927693154707286,0.5,0.057570626503876655,54575.92770031549,3141.970349737443,53004.94252544677,459960.2141390756,8.427895475543455
2019,m,77,0.06090764331210191,0.5,0.05910759126907475,51433.95735057805,3040.1373284289875,49913.888686363556,406955.27161362884,7.912190556129844
2019,m,78,0.0689802913453299,0.5,0.06668047214744253,48393.82002214906,3226.922768095261,46780.35863810143,357041.3829272653,7.37783011888405
2019,m,79,0.08196721311475409,0.5,0.07874015748031496,45166.8972540538,3556.4486026813975,43388.6729527131,310261.0242891639,6.869212701151781
2019,m,80,0.09093976607304002,0.5,0.08698458707285721,41610.448651372404,3619.467693855957,39800.714804444426,266872.3513364508,6.413589855096377
2019,m,81,0.10195970877324634,0.5,0.09701395164491755,37990.98095751645,3685.6551895554876,36148.1533627387,227071.63653200635,5.976987980013731
2019,m,82,0.11414735264050958,0.5,0.10798429210522417,34305.32576796096,3704.4363184923714,32453.107608714774,190923.48316926765,5.565418164534042
2019,m,83,0.1275848601163438,0.5,0.1199339800804627,30600.88944946859,3670.08646567701,28765.84621663008,158470.37556055287,5.178619916333996
2019,m,84,0.14235004510528443,0.5,0.13289149028704944,26930.80298379158,3578.8745431429816,25141.36571222009,129704.5293439228,4.816214704848795
2019,m,85,0.15851350905642564,0.5,0.146872844104384,23351.928440648597,3429.764145400113,21637.04636794854,104563.16363170272,4.477710005726554
2019,m,86,0.17613537199104673,0.5,0.1618790579465581,19922.164295248484,3224.981188371381,18309.67370106279,82926.11726375417,4.162505440412033
2019,m,87,0.19526167136257172,0.5,0.1778937553639109,16697.183106877103,2970.3246068812205,15212.020803436491,64616.443562691384,3.8699008778359554
2019,m,88,0.2159205505172866,0.5,0.1948811300719982,13726.858499995882,2675.105696817611,12389.305651587078,49404.42275925489,3.5991062892700256
2019,m,89,0.23811841208599782,0.5,0.21278446287751493,11051.752803178271,2351.6412840793582,9875.932161138593,37015.117107667815,3.3492530792964335
2019,m,90,0.26183626462705617,0.5,0.23152539263953234,8700.111519098913,2014.2967354670936,7692.963151365366,27139.184946529218,3.119406560128792
2019,m,91,0.2870265359075851,0.5,0.2510041150822776,6685.814783631819,1678.167023369514,5846.731271947063,19446.221795163852,2.9085791970743795
2019,m,92,0.31361065444266223,0.5,0.2711006312496512,5007.647760262305,1357.5764688830131,4328.859525820799,13599.49052321679,2.715744232478611
2019,m,93,0.34147770302337077,0.5,0.29167709142175197,3650.0712913792922,1064.6421777515498,3117.7502025035174,9270.63099739599,2.5398492953524743
2019,m,94,0.3704844160764822,0.5,0.31258118683580394,2585.4291136277425,808.1565008176003,2181.3508632189423,6152.880794892472,2.379829623817867
2019,m,95,0.4004567225013386,0.5,0.3336504413910469,1777.2726128101422,592.9877917363231,1480.7787169419807,3971.52993167353,2.234620565830882
2019,m,96,0.4311929284274783,0.5,0.3547171624148961,1184.284821073819,420.0861512223381,974.24174546265,2490.751214731549,2.1031690775814607
2019,m,97,0.462468498337455,0.5,0.37561373771862855,764.198669851481,287.04351874251904,620.6769104802215,1516.5094692688995,1.984444005331267
2019,m,98,0.4940422432201832,0.5,0.3961779272690269,477.15515110896195,189.03833875208784,382.635981732918,895.8325587886778,1.8774450128153553
2019,m,99,0.5256635808479486,0.5,0.41625779841309346,288.1168123568741,119.93086999747078,228.15137735813872,513.1965770557598,1.781210103144179
2019,m,100,0.5570804174082533,0.5,0.4357159936118756,168.18594235940333,73.28130498667704,131.54528986606482,285.0451996976211,1.694821788901337
2019,m,101,0.5880471302262694,0.5,0.4544330923176482,94.90463737272628,43.127807836573055,73.34073345443976,153.4999098315563,1.6174121105242127
2019,m,102,0.6183321198516218,0.5,0.47230992215507184,51.77682953615323,24.454710327656954,39.54947437232475,80.15917637711654,1.548166952191333
2019,m,103,0.6477244483102713,0.5,0.4892687747198445,27.322119208496275,13.3678597878905,20.638189314551024,40.609702004791785,1.4863306061618935
2019,m,104,0.6760391806185426,0.5,0.5052535743981762,13.954259420605775,7.050439450340491,10.429039695435529,19.971512690240765,1.431212656169307
2019,m,105,0.7031211822634468,0.5,0.5202291239305011,6.903819970265284,3.5915682149050068,5.10803586281278,9.542472994805234,1.3822018876367888
2019,m,106,0.7288472753123503,0.5,0.5341796016993473,3.312251755360277,1.7693373234063166,2.4275830936571188,4.434437131992453,1.3387983340385052
2019,m,107,0.7531267990924809,0.5,0.5471065112879913,1.5429144319539603,0.844138532082224,1.1208451659128482,2.0068540383353346,1.300690431545084
2019,m,108,0.7759007407763979,0.5,0.5590262860475224,0.6987758998717363,0.3906340960848121,0.5034588518293303,0.8860088724224864,1.2679442330296704
2019,m,109,0.7971396858500062,0.5,0.5699677351707003,0.3081418037869242,0.1756308860158475,0.22032636077900042,0.3825500205931561,1.241473944436582
2019,m,110,0.8168408845101998,0.5,1.0,0.13251091777107668,0.13251091777107668,0.16222365981415568,0.16222365981415568,1.2242286337070742
2020,m,0,0.005383990247866721,0.05695062982527428,0.005356791841110164,100000.0,535.6791841110098,99494.8280828084,7186117.510391535,71.86117510391536
2020,m,1,0.00047897308171280774,0.5,0.00047885840157065555,99464.32081588899,47.62932567921234,99440.50615304938,7086622.682308727,71.24788692244978
2020,m,2,0.0,0.5,0.0,99416.69149020978,0.0,99416.69149020978,6987182.176155678,70.28178137313846
2020,m,3,0.00018134010336385892,0.5,0.00018132366273798732,99416.69149020978,18.026598638301948,99407.67819089063,6887765.484665468,69.28178137313846
2020,m,4,0.0,0.5,0.0,99398.66489157148,0.0,99398.66489157148,6788357.806474578,68.29425539950283
2020,m,5,0.00017377704405248067,0.5,0.00017376194613379672,99398.66489157148,17.271705454666517,99390.02903884414,6688959.141583006,67.29425539950283
2020,m,6,0.0003502933706979595,0.5,0.0003502320287190263,99381.39318611681,34.806546952488134,99363.98991264057,6589569.112544162,66.30586371639535
2020,m,7,0.0004406062742333451,0.5,0.0004405092286683406,99346.58663916432,43.76308825124579,99324.70509503869,6490205.122631522,65.32891911228442
2020,m,8,0.00017962996227770793,0.5,0.00017961383026493042,99302.82355091308,17.836160494101932,99293.90547066602,6390880.417536483,64.35748943492877
2020,m,9,0.0,0.5,0.0,99284.98739041897,0.0,99284.98739041897,6291586.512065817,63.368961183681996
2020,m,10,0.0001756388864494599,0.5,0.00017562346329469617,99284.98739041897,17.436773338675266,99276.26900374964,6192301.524675398,62.368961183682
2020,m,11,0.00027462467960454045,0.5,0.0002745869754244657,99267.5506170803,27.257576481744763,99253.92182883943,6093025.255671648,61.37982873351226
2020,m,12,9.392317084624777e-05,0.5,9.391876027236441e-05,99240.29304059855,9.320525291434024,99235.63277795284,5993771.333842809,60.396550133027084
2020,m,13,0.0002843332385555871,0.5,0.0002842928216062544,99230.97251530712,28.210653167101555,99216.86718872357,5894535.701064857,59.4021760711413
2020,m,14,0.00019262255610131947,0.5,0.00019260400616332818,99202.76186214002,19.10684935710742,99193.20843746146,5795318.833876133,58.41892629894483
2020,m,15,0.0002849544072948328,0.5,0.00028491381357139463,99183.65501278291,28.258793393644737,99169.52561608609,5696125.625438672,57.43008386517464
2020,m,16,0.0005560704355885078,0.5,0.0005559158713981284,99155.39621938927,55.12205849312886,99127.83519014271,5596956.0998225855,56.44630865514239
2020,m,17,0.00045737285034760336,0.5,0.00045726827929946505,99100.27416089614,45.31541184366506,99077.61645497431,5497828.264632443,55.47742739547157
2020,m,18,0.0002714686453714596,0.5,0.0002714318027595566,99054.95874905247,26.88666602552985,99041.5154160397,5398750.648177468,54.50257832982148
2020,m,19,0.0006259501028346597,0.5,0.0006257542573637867,99028.07208302694,61.96723770447716,98997.08846417471,5299709.132761428,53.51724032674346
2020,m,20,0.0006426145230882218,0.5,0.0006424081126967376,98966.10484532246,63.57662863463338,98934.31653100514,5200712.044297254,52.550436863465784
2020,m,21,0.0007485029940119761,0.5,0.0007482229704451927,98902.52821668783,74.00114344683243,98865.52764496442,5101777.727766248,51.583895980784696
2020,m,22,0.000819672131147541,0.5,0.0008193363375665711,98828.527073241,80.9738034192851,98788.04017153135,5002912.2001212835,50.62214674527798
2020,m,23,0.0004420866489832007,0.5,0.0004419889502762431,98747.55326982171,43.64532741207222,98725.73060611569,4904124.1599497525,49.66324731661482
2020,m,24,0.0005095974180397486,0.5,0.0005094676063513629,98703.90794240964,50.28644371694827,98678.76472055117,4805398.429343637,48.68498653718375
2020,m,25,0.0003322811098189068,0.5,0.0003322259136212625,98653.6214986927,32.77528953444562,98637.23385392547,4706719.664623086,47.70954774007417
2020,m,26,0.0005023442732752846,0.5,0.0005022181300744957,98620.84620915825,49.52917696951772,98596.08162067349,4608082.430769161,46.725237187644815
2020,m,27,0.0007506255212677231,0.5,0.0007503439076243278,98571.31703218873,73.96238720160909,98534.33583858793,4509486.349148488,45.748464004756094
2020,m,28,0.00048204386599180526,0.5,0.0004819277108433735,98497.35464498712,47.46860464818019,98473.62034266302,4410952.0133099,44.78244140878954
2020,m,29,0.000637551801083838,0.5,0.0006373486297004461,98449.88604033894,62.74689996197412,98418.51259035795,4312478.392967237,43.8037926341554
2020,m,30,0.00040257648953301127,0.5,0.00040249547192594087,98387.13914037697,39.60037799975544,98367.33895137708,4214059.880376879,42.831409848845546
2020,m,31,0.0006324610641157403,0.5,0.0006322611238441476,98347.53876237721,62.18132538521604,98316.44809968461,4115692.541425502,41.84845491018996
2020,m,32,0.001003705991352687,0.5,0.0010032025311571555,98285.357436992,98.60011935647344,98236.05737731376,4017376.0933258175,40.87461447043366
2020,m,33,0.0009399968666771111,0.5,0.0009395552771688068,98186.75731763552,92.25188598588284,98140.63137464257,3919140.0359485038,39.91515906030007
2020,m,34,0.001571462245619549,0.5,0.001570228468242129,98094.50543164964,154.03078500690754,98017.49003914619,3820999.404573861,38.95222660800568
2020,m,35,0.0018608978832286578,0.5,0.001859168022310016,97940.47464664273,182.08779855290777,97849.43074736628,3722981.914534715,38.0127003464786
2020,m,36,0.001224364860728497,0.5,0.001223615784643622,97758.38684808982,119.61870522861136,97698.57749547552,3625132.483787349,37.08257266377123
2020,m,37,0.0011338725527250738,0.5,0.001133230083481283,97638.76814286121,110.64718937354337,97583.44454817445,3527433.9062918737,36.12739051695809
2020,m,38,0.001654632972322503,0.5,0.0016532651987675659,97528.12095348767,161.239848273588,97447.50102935088,3429850.4617436994,35.16781035266163
2020,m,39,0.0021906632421815984,0.5,0.002188266364836823,97366.88110521408,213.0646709716093,97260.34876972827,3332402.9607143486,34.22522035098745
2020,m,40,0.00257673361121637,0.5,0.0025734181047532543,97153.81643424247,250.01739015775092,97028.8077391636,3235142.6119446205,33.29918196403836
2020,m,41,0.0023773006134969327,0.5,0.0023744781892688907,96903.79904408472,230.0959572874708,96788.75106544099,3138113.8042054567,32.38380574509598
2020,m,42,0.003027950310559006,0.5,0.0030233729989534476,96673.70308679725,292.2806636214664,96527.56275498652,3041325.053140016,31.45969333986721
2020,m,43,0.003262389311791207,0.5,0.0032570763861962003,96381.42242317578,313.92165504253353,96224.46159565452,2944797.4903850295,30.553579894842123
2020,m,44,0.0039385280716657655,0.5,0.003930787313576631,96067.50076813325,377.6209132663935,95878.69031150005,2848573.028789375,29.651786566870708
2020,m,45,0.00337864382808203,0.5,0.0033729458367651095,95689.87985486686,322.7567818770185,95528.50146392835,2752694.338477875,28.766828244041015
2020,m,46,0.00512615138165799,0.5,0.005113046257090357,95367.12307298984,487.61651167781383,95123.31481715094,2657165.837013947,27.862493398068306
2020,m,47,0.003943661971830986,0.5,0.003935901040202417,94879.50656131202,373.4363485685608,94692.78838702774,2562042.522196796,27.00311811319529
2020,m,48,0.004727564102564102,0.5,0.0047164155242016064,94506.07021274346,445.7298966826784,94283.20526440212,2467349.733809768,26.107843953890953
2020,m,49,0.006141414141414141,0.5,0.006122613389188754,94060.34031606078,575.8950990107696,93772.3927665554,2373066.528545366,25.229193521641612
2020,m,50,0.006180271289830645,0.5,0.00616123224644929,93484.44521705002,575.9793784127105,93196.45552784366,2279294.135778811,24.381533531988115
2020,m,51,0.006076388888888889,0.5,0.006057983556901774,92908.4658386373,562.8379583474307,92627.04685946359,2186097.6802509674,23.529585388351634
2020,m,52,0.008563123576086103,0.5,0.008526616341377559,92345.62788028987,787.395739738844,91951.93001042044,2093470.633391504,22.669948555716427
2020,m,53,0.01020408163265306,0.5,0.01015228426395939,91558.23214055103,929.525199396463,91093.46954085279,2001518.7033810834,21.860608888871425
2020,m,54,0.010157752981916122,0.5,0.010106423704157416,90628.70694115457,915.9321121072135,90170.74088510097,1910425.2338402306,21.07969205696242
2020,m,55,0.010087116001834021,0.5,0.010036496350364963,89712.77482904735,900.4019371528411,89262.57386047093,1820254.4929551296,20.289802610873704
2020,m,56,0.012249011551283046,0.5,0.012174449067652951,88812.37289189451,1081.241710349772,88271.75203671963,1730991.9190946587,19.49043655439408
2020,m,57,0.012533140515786937,0.5,0.012455089820359283,87731.13118154474,1092.6991189078544,87184.78162209081,1642720.167057939,18.724484056390512
2020,m,58,0.01786143372046456,0.5,0.017703330290159965,86638.43206263689,1533.7887786264473,85871.53767332366,1555535.3854358483,17.954334449534414
2020,m,59,0.0170758577274158,0.5,0.01693129949674248,85104.64328401044,1440.9322040050174,84384.17718200793,1469663.8477625246,17.26890321199016
2020,m,60,0.02006064847212503,0.5,0.01986143187066975,83663.71108000542,1661.681097662935,82832.87053117395,1385279.6705805168,16.557712450214048
2020,m,61,0.021549675170337505,0.5,0.02131995610597272,82002.02998234249,1748.2796798242052,81127.89014243038,1302446.800049343,15.88310436131641
2020,m,62,0.02551102526959601,0.5,0.02518971750963487,80253.75030251828,2021.569299209208,79242.96565291367,1221318.9099069126,15.218216037295752
2020,m,63,0.02630285152409046,0.5,0.02596142181244692,78232.18100330907,2031.018650334605,77216.67167814178,1142075.944253999,14.59854409792936
2020,m,64,0.026684345736305626,0.5,0.0263330062152437,76201.16235297447,2006.6056818496727,75197.85951204963,1064859.2725758574,13.974317972254543
2020,m,65,0.031165994623655914,0.5,0.030687786922536084,74194.5566711248,2276.8667459355056,73056.12329815704,989661.4130638076,13.338733425560939
2020,m,66,0.03212290502793296,0.5,0.031615120274914095,71917.68992518929,2273.6864168788306,70780.84671674987,916605.2897656506,12.7451992787745
2020,m,67,0.03465211459754434,0.5,0.034061955209869925,69644.00350831046,2372.21092813609,68457.8980442424,845824.4430489008,12.144971576023348
2020,m,68,0.04034754818735644,0.5,0.03954968184043074,67271.79258017437,2660.5779933813465,65941.50358348369,777366.5450046584,11.555609196502305
2020,m,69,0.038307724689539045,0.5,0.0375877736472532,64611.21458679302,2428.591708962478,63396.91873231178,711425.0414211747,11.010860049156154
2020,m,70,0.042407064210182054,0.5,0.04152655457699493,62182.622877830545,2582.230082676928,60891.50783649208,648028.1226888628,10.421370033908604
2020,m,71,0.04697213907437255,0.5,0.04589426321709786,59600.39279515362,2735.316114783207,58232.73473776202,587136.6148523708,9.851220559407347
2020,m,72,0.056310441914555025,0.5,0.05476842481247768,56865.07668037041,3114.4106766246477,55307.87134205809,528903.8801146088,9.301031687471271
2020,m,73,0.05548138258418632,0.5,0.0539838337182448,53750.66600374576,2901.6670157911212,52299.832495850205,473596.0087725507,8.810979360507773
2020,m,74,0.06147820163487738,0.5,0.059644774886410575,50848.99898795464,3032.8770978358734,49332.56043903671,421296.17627670045,8.285240312724724
2020,m,75,0.0711490572749911,0.5,0.06870491240123669,47816.12189011877,3285.2024658274677,46173.52065720504,371963.61583766376,7.779041903323621
2020,m,76,0.07845366685616828,0.5,0.07549234135667397,44530.9194242913,3361.7433701051414,42850.047739238726,325790.09518045874,7.316042412606072
2020,m,77,0.08162460567823344,0.5,0.07842394392877439,41169.17605418616,3228.6491544673336,39554.85147695249,282940.04744122,6.8726186569490535
2020,m,78,0.09196141479099679,0.5,0.0879188441438672,37940.526899718825,3335.6872712325785,36272.68326410254,243385.19596426754,6.414913440911419
2020,m,79,0.10205992509363296,0.5,0.09710467706013363,34604.83962848625,3360.29177684187,32924.69374006531,207112.51270016498,5.985073617554717
2020,m,80,0.11882892538183863,0.5,0.1121647188768902,31244.547851644376,3504.535926215234,29492.27988853676,174187.81896009968,5.57498286700066
2020,m,81,0.13126330883724358,0.5,0.1231788754519094,27740.011925429142,3416.983473996919,26031.52018843068,144695.53907156293,5.216131105514097
2020,m,82,0.1447850480266774,0.5,0.13501124335036538,24323.028451432223,3283.882313274178,22681.087294795136,118664.01888313226,4.878669575216688
2020,m,83,0.15944404535820964,0.5,0.14767138393878687,21039.146138158045,3106.8798271121814,19485.706224601956,95982.93158833712,4.562111549491823
2020,m,84,0.17528302356169106,0.5,0.1611588208643233,17932.266311045863,2889.942894113181,16487.29486398927,76497.22536373515,4.265898355335858
2020,m,85,0.19233539673128444,0.5,0.1754616533747998,15042.323416932682,2639.3509373334764,13722.647948265945,60009.93049974588,3.9894056813187877
2020,m,86,0.2106230336013181,0.5,0.19055535964283593,12402.972479599206,2363.452881490224,11221.246038854093,46287.28255147993,3.7319507583859184
2020,m,87,0.23015399607441847,0.5,0.20640188657782574,10039.519598108982,2072.1757853847494,9003.431705416608,35066.03651262584,3.4928002450665856
2020,m,88,0.25092035880768815,0.5,0.22294912196769198,7967.3438127242325,1776.3123074615914,7079.187658993436,26062.60480720923,3.271178628639823
2020,m,89,0.27289623577636213,0.5,0.24013083525843218,6191.031505262641,1486.6575664699867,5447.702722027648,18983.417148215794,3.0662769414239097
2020,m,90,0.29603615414813444,0.5,0.25786715388893217,4704.373938792654,1213.103518425727,4097.822179579791,13535.714426188146,2.877261587258515
2020,m,91,0.32027392126560933,0.5,0.2760656130556462,3491.2704203669273,963.8197089416394,3009.360565896108,9437.892246608355,2.70328307757279
2020,m,92,0.34552212403819715,0.5,0.29462277971893497,2527.450711425288,744.6445542027179,2155.128434323929,6428.531680712247,2.5434844887982204
2020,m,93,0.3716723794004544,0.5,0.3134264096750253,1782.80615722257,558.7785330047986,1503.4168907201706,4273.403246388318,2.39700947244082
2020,m,94,0.39859641895342096,0.5,0.33235805390499207,1224.0276242177713,406.81543911096935,1020.6199046622867,2769.9863556681466,2.263009674669996
2020,m,95,0.42614804167601256,0.5,0.3512959921288433,817.2121851068019,287.08336534687396,673.670502433365,1749.3664510058597,2.1406514524465075
2020,m,96,0.4541659090955803,0.5,0.3701183423764137,530.128819759928,196.21040001550915,432.02361975217343,1075.6959485724947,2.0291218067707204
2020,m,97,0.48247709304365133,0.5,0.38870617932035645,333.9184197444188,129.79615314354413,269.0203431726468,643.6723288203212,1.927633489979343
2020,m,98,0.5109012240964073,0.5,0.4069464933095998,204.1222666008747,83.06684059963321,162.58884630105808,374.65198564767445,1.8354292840586603
2020,m,99,0.5392550365188503,0.5,0.4247348366063561,121.05542600124149,51.41645658295013,95.34719770976642,212.0631393466164,1.7517854948892715
2020,m,100,0.567357069781321,0.5,0.44197753125913775,69.63896941829135,30.778859782927007,54.249539526827846,116.71594163684998,1.67601477465566
2020,m,101,0.5950322723415223,0.5,0.45859335059800166,38.860109635364346,17.820987882287422,29.949615694220633,62.46640211002214,1.607468499089747
2020,m,102,0.6221162623754187,0.5,0.4745146287387221,21.039121753076923,9.983371047650067,16.04743622925189,32.516786415801505,1.5455391530801899
2020,m,103,0.6484590312484123,0.5,0.48968779474964824,11.055750705426856,5.413866182242346,8.348817614305684,16.46935018654961,1.4896636714561067
2020,m,104,0.6739279244995043,0.5,0.5040733658710322,5.64188452318451,2.8439237214573,4.21992266245586,8.120532572243926,1.4393298088384776
2020,m,105,0.6984097955314021,0.5,0.5176454641455696,2.79796080172721,1.4483517178711915,2.0737849427916144,3.9006099097880655,1.3940902629444196
2020,m,106,0.7218122916043394,0.5,0.5303909412348754,1.3496090838560186,0.7158204322855316,0.9916988677132528,1.826824966996451,1.3535956365801576
2020,m,107,0.7440642928996336,0.5,0.5423082067172603,0.633788651570487,0.3437087870709414,0.4619342580350163,0.8351260992831981,1.3176728507426096
2020,m,108,0.7651155774294622,0.5,0.5534058566483051,0.29007986449954565,0.16053189590979533,0.20981391654464798,0.37319184124818183,1.2865141187652698
2020,m,109,0.784935823487838,0.5,0.5637011933041881,0.12954796858975032,0.07302634448417573,0.09303479634766246,0.16337792470353385,1.2611384530537526
2020,m,110,0.8035130854520325,0.5,1.0,0.05652162410557458,0.05652162410557458,0.07034312835587139,0.07034312835587139,1.244534803608618
2021,m,0,0.0057668847732061665,0.05797831873128535,0.005735725270791825,100000.0,573.5725270791736,99459.68224371133,7082019.686314972,70.82019686314972
2021,m,1,0.0003079765937788728,0.5,0.0003079291762894534,99426.42747292083,30.616297913133167,99411.11932396426,6982560.004071261,70.22841091190759
2021,m,2,9.67305088024763e-05,0.5,9.672583063307056e-05,99395.8111750077,9.614142397345859,99391.00410380901,6883148.884747297,69.24988893775446
2021,m,3,0.0001894477597802406,0.5,0.00018942981625307825,99386.19703261035,18.82670904196857,99376.78367808936,6783757.880643488,68.25653947114627
2021,m,4,9.071940488070398e-05,0.5,9.071529006213997e-05,99367.37032356838,9.014139821607387,99362.86325365758,6684381.096965399,67.26937701178119
2021,m,5,0.0001762114537444934,0.5,0.00017619592987401994,99358.35618374677,17.5065379585576,99349.60291476749,6585018.233711741,66.27543456469674
2021,m,6,8.700191404210893e-05,0.5,8.69981295402149e-05,99340.84964578821,8.64246810611803,99336.52841173515,6485668.630796974,65.28702597091134
2021,m,7,0.0002610057421263268,0.5,0.0002609716845722239,99332.2071776821,25.92289343943412,99319.24573096237,6386332.102385239,64.29266281138386
2021,m,8,0.0,0.5,0.0,99306.28428424266,0.0,99306.28428424266,6287012.856654276,63.30931523587236
2021,m,9,9.166743056192135e-05,0.5,9.16632292955681e-05,99306.28428424266,9.102734706830233,99301.73291688925,6187706.572370034,62.30931523587237
2021,m,10,0.00017946877243359656,0.5,0.0001794526693584567,99297.18154953583,17.81914428883465,99288.27197739141,6088404.839453145,61.31498139668603
2021,m,11,8.728288382648163e-05,0.5,8.727907484180669e-05,99279.362405247,8.665010901619098,99275.02989979618,5989116.567475754,60.325896766226855
2021,m,12,9.201324990798675e-05,0.5,9.200901688365461e-05,99270.69739434538,9.133799272603937,99266.13049470907,5889841.537575957,59.33111877091993
2021,m,13,9.632055480639569e-05,0.5,9.631591620515291e-05,99261.56359507277,9.560468441617559,99256.78336085196,5790575.407081248,58.33653226241024
2021,m,14,0.00018917896329928113,0.5,0.00018916107065165992,99252.00312663116,18.77461517576012,99242.61581904328,5691318.623720396,57.34210337759228
2021,m,15,0.00019451468585878233,0.5,0.00019449576971700862,99233.2285114554,19.300443160842406,99223.57828987497,5592076.007901353,56.35285772502916
2021,m,16,0.0003769317753486619,0.5,0.00037686074995289245,99213.92806829455,37.389835337598925,99195.23315062575,5492852.429611478,55.36372298282996
2021,m,17,0.00028514399771884804,0.5,0.0002851033499643621,99176.53823295695,28.27556328808714,99162.40045131292,5393657.196460852,54.38440676152284
2021,m,18,0.00035254715318173806,0.5,0.00035248501938667606,99148.26266966887,34.948277289266116,99130.78853102424,5294494.79600954,53.399773767586304
2021,m,19,0.0004695717505634861,0.5,0.00046946152762781086,99113.3143923796,46.529887982906075,99090.04944838815,5195364.007478516,52.4184267202547
2021,m,20,0.0008056575060424313,0.5,0.0008053330947161201,99066.7845043967,79.78176014850033,99026.89362432245,5096273.958030128,51.44281187206545
2021,m,21,0.0006443892110834944,0.5,0.0006441816592279022,98987.0027442482,63.76561166977626,98955.1199384133,4997247.064405805,50.48387087057426
2021,m,22,0.0007575757575757576,0.5,0.0007572889057175312,98923.23713257842,74.91346999816597,98885.78039757934,4898291.944467392,49.51609031862379
2021,m,23,0.0009301460329271695,0.5,0.0009297136481963556,98848.32366258025,91.90063561043644,98802.37334477503,4799406.164069813,48.55323779139274
2021,m,24,0.0007989347536617843,0.5,0.0007986157327299348,98756.42302696982,78.8684331374825,98716.98881040108,4700603.790725037,47.597955116715085
2021,m,25,0.0008429570934839417,0.5,0.0008426019548365353,98677.55459383233,83.14590039924951,98635.98164363271,4601886.801914636,46.635598347126745
2021,m,26,0.000846811753747142,0.5,0.0008464533604198409,98594.40869343308,83.45556855716859,98552.6809091545,4503250.820271003,45.67450507536685
2021,m,27,0.001019108280254777,0.5,0.0010185892538833714,98510.95312487592,100.34219824279717,98460.78202575451,4404698.139361848,44.71277558119146
2021,m,28,0.0010044362601489914,0.5,0.0010039320672634486,98410.61092663312,98.79756806822843,98361.212142599,4306237.357336094,43.75785615787378
2021,m,29,0.0003296250515039143,0.5,0.00032957073411881023,98311.81335856489,32.400696501135826,98295.61301031432,4207876.145193495,42.801327749356446
2021,m,30,0.0008880277710502947,0.5,0.0008876336493847086,98279.41266206375,87.23611372061714,98235.79460520344,4109580.53218318,41.815273625149516
2021,m,31,0.0009723685276719876,0.5,0.0009718960071272374,98192.17654834314,95.43258431846334,98144.4602561839,4011344.7375779767,40.851979033208046
2021,m,32,0.0013498491345084961,0.5,0.0013489387026383655,98096.74396402467,132.32649453588238,98030.58071675673,3913200.2773217927,39.891235113337636
2021,m,33,0.001571462245619549,0.5,0.001570228468242129,97964.41746948879,153.82651718535635,97887.50421089612,3815169.696605036,38.94444324944083
2021,m,34,0.0016787912702853946,0.5,0.0016773832820799553,97810.59095230344,164.0658500737627,97728.55802726655,3717282.1923941397,38.004904747041586
2021,m,35,0.0018358876117496807,0.5,0.0018342039156266198,97646.52510222967,179.1036386898486,97556.97328288475,3619553.634366873,37.067920548912845
2021,m,36,0.0014274385408406026,0.5,0.001426420477058404,97467.42146353982,139.02952582167927,97397.90670062898,3521996.6610839884,36.1351168236402
2021,m,37,0.0023637056805184903,0.5,0.0023609154259167588,97328.39193771814,229.78410190543218,97213.49988676544,3424598.7543833596,35.18602009344622
2021,m,38,0.0024379094926100867,0.5,0.0024349414092223404,97098.60783581271,236.4294209972577,96980.39312531409,3327385.254496594,34.26810464803966
2021,m,39,0.0026896180742334587,0.5,0.0026860059092130005,96862.17841481545,260.17238360144256,96732.09222301474,3230404.8613712797,33.350528702100476
2021,m,40,0.0026139770892596296,0.5,0.002610565110565111,96602.00603121401,252.1858265556948,96475.91311793617,3133672.769148265,32.43900305896043
2021,m,41,0.0022026431718061676,0.5,0.0022002200220022005,96349.82020465832,211.9908035305998,96243.82480289301,3037196.8560303287,31.52260014163977
2021,m,42,0.0027814262535733603,0.5,0.002777563459609598,96137.82940112772,267.0289220307459,96004.31494011235,2940953.0312274355,30.591007198181423
2021,m,43,0.0036398164266497864,0.5,0.003633204328252113,95870.80047909697,348.3182072536438,95696.64137547015,2844948.7162873233,29.674819674710204
2021,m,44,0.003477436181142812,0.5,0.0034714003944773175,95522.48227184333,331.5967826399283,95356.68388052337,2749252.0749118533,28.781204272810612
2021,m,45,0.004335707649427067,0.5,0.004326328800988875,95190.8854892034,411.82706948356645,94984.97195446162,2653895.39103133,27.87972164974068
2021,m,46,0.004355541216325214,0.5,0.004346076458752515,94779.05841971983,411.91703458067786,94573.0999024295,2558910.4190768683,26.99869002438263
2021,m,47,0.00606207565470417,0.5,0.0060437567992263986,94367.14138513916,570.3320523699949,94081.97535895417,2464337.3191744387,26.11435805940944
2021,m,48,0.005598831548198637,0.5,0.0055832018448840875,93796.80933276916,523.6865189109521,93534.96607331368,2370255.3438154845,25.270106314665487
2021,m,49,0.0061000406669377795,0.5,0.006081491992702209,93273.12281385821,567.2397495268087,92989.5029390948,2276720.377742171,24.409179290434384
2021,m,50,0.006574621959237344,0.5,0.00655307994757536,92705.8830643314,607.5090633311338,92402.12853266584,2183730.874803076,23.555472453541267
2021,m,51,0.008650380456547858,0.5,0.008613127043623894,92098.37400100027,793.2549957818119,91701.74650310936,2091328.7462704103,22.707553406401036
2021,m,52,0.009382716049382716,0.5,0.009338903907594003,91305.11900521845,852.6897326611652,90878.77413888788,1999626.999767301,21.900491687142033
2021,m,53,0.011095260738627358,0.5,0.011034047919293822,90452.42927255729,998.0564390099316,89953.40105305232,1908748.225628413,21.102232864048855
2021,m,54,0.011834783290226508,0.5,0.011765164205851417,89454.37283354736,1052.445385318133,88928.15014088829,1818794.8245753606,20.332095200753255
2021,m,55,0.010733879303490498,0.5,0.010676578749654,88401.92744822922,943.8301400222117,87930.01237821812,1729866.6744344723,19.568200879415592
2021,m,56,0.014683389415723462,0.5,0.014576374126935925,87458.09730820701,1274.8219467943854,86820.68633480981,1641936.6620562542,18.77398105597909
2021,m,57,0.015464730945242228,0.5,0.01534606952709051,86183.27536141263,1322.5745357686246,85521.98809352831,1555115.9757214445,18.044289558502047
2021,m,58,0.016896068573312453,0.5,0.01675452576519145,84860.700825644,1421.800798435448,84149.80042642629,1469593.987627916,17.317721552257325
2021,m,59,0.018963439132181598,0.5,0.018785321977234735,83438.90002720855,1567.4266024374083,82655.18672598986,1385444.1872014897,16.604295918926432
2021,m,60,0.020016207455429497,0.5,0.01981786817507121,81871.47342477115,1622.5180676309683,81060.21439095566,1302789.0004754998,15.912612122128074
2021,m,61,0.021039310290279205,0.5,0.02082028804007514,80248.95535714018,1670.806365450786,79413.55217441478,1221728.7860845441,15.224232896831602
2021,m,62,0.026285899724160313,0.5,0.025944907110826396,78578.14899168939,2038.702776530059,77558.79760342436,1142315.2339101294,14.537314107907319
2021,m,63,0.028652340496418457,0.5,0.028247659714238794,76539.44621515933,2162.060231402109,75458.41609945828,1064756.436306705,13.911211655668085
2021,m,64,0.02790893760539629,0.5,0.02752484304186936,74377.38598375722,2047.2258750674519,73353.7730462235,989298.0202072468,13.301059281960956
2021,m,65,0.033049225952339535,0.5,0.0325119780971937,72330.16010868977,2351.596581220234,71154.36181807966,915944.2471610233,12.663379229143741
2021,m,66,0.03843508168529665,0.5,0.037710380900156076,69978.56352746954,2638.9182854666433,68659.10438473622,844789.8853429437,12.072123844201633
2021,m,67,0.037848962061560486,0.5,0.03714599341383095,67339.6452420029,2501.3980186491535,66088.94623267831,776130.7809582076,11.525614341581033
2021,m,68,0.041580820378348,0.5,0.04073394495412844,64838.24722335374,2641.1175933182603,63517.688426694614,710041.8347255292,10.95097207485558
2021,m,69,0.04475703324808184,0.5,0.043777360850531584,62197.12963003548,2722.826187681356,60835.7165361948,646524.1462988346,10.394758570765667
2021,m,70,0.046511627906976744,0.5,0.04545454545454545,59474.303442354125,2703.3774291979134,58122.614727755164,585688.4297626398,9.847756020048596
2021,m,71,0.05119222511018194,0.5,0.04991460525590877,56770.92601315621,2833.69836195909,55354.076832176666,527565.8150348846,9.29288725909853
2021,m,72,0.061669128508124074,0.5,0.05982446713236612,53937.22765119712,3226.7659028299895,52323.84469978213,472211.7382027079,8.754838888947369
2021,m,73,0.06278026905829596,0.5,0.0608695652173913,50710.46174836713,3086.7237585962575,49167.099869069,419887.89350292576,8.280103927794467
2021,m,74,0.07112905730703525,0.5,0.06868626274745052,47623.737989770874,3271.096580581143,45988.1896994803,370720.79363385675,7.784369923114478
2021,m,75,0.0857315355202254,0.5,0.08220764183712852,44352.64140918973,3646.1260594972628,42529.578379441096,324732.60393437644,7.321606867524531
2021,m,76,0.08106046156780469,0.5,0.0779030336357804,40706.51534969247,3171.161034482502,39120.93483245122,282203.02555493533,6.932625480973953
2021,m,77,0.09331963001027749,0.5,0.08915946582875098,37535.35431520997,3346.6321404370246,35862.038244991454,243082.0907224841,6.476083552619699
2021,m,78,0.10464078536367694,0.5,0.09943814269055444,34188.72217477294,3399.663034022793,32488.890657761545,207220.05247749266,6.061064564454401
2021,m,79,0.1132648295189164,0.5,0.10719416510111615,30789.05914075015,3300.4074888416,29138.85539632935,174731.16181973112,5.675105595820878
2021,m,80,0.12851104072139677,0.5,0.12075205461733633,27488.65165190855,3319.311165628191,25828.996069094454,145592.30642340178,5.296451359893938
2021,m,81,0.1417380257616365,0.5,0.13235794859759487,24169.340486280358,3199.0043257208636,22569.83832341993,119763.31035430734,4.955174942497523
2021,m,82,0.15608257429502692,0.5,0.14478348478472458,20970.336160559495,3036.158346432927,19452.256987343033,97193.47203088741,4.634807534162784
2021,m,83,0.1715886188162036,0.5,0.1580305011082086,17934.177814126568,2834.1471069301388,16517.104260661497,77741.21504354438,4.3348078651427455
2021,m,84,0.18829141449066147,0.5,0.17208989007936815,15100.030707196429,2598.5626245965177,13800.74939489817,61224.11078288288,4.054568627711761
2021,m,85,0.20621536582593802,0.5,0.18694037673764227,12501.468082599911,2337.0291531348375,11332.953506032492,47423.36138798471,3.7934233863293714
2021,m,86,0.22537180882318625,0.5,0.2025475544622511,10164.438929465074,2058.7822476440515,9135.047805643047,36090.40788195222,3.550654210468217
2021,m,87,0.2457568464498671,0.5,0.21886327260973415,8105.656681821022,1774.0305480343077,7218.641407803869,26955.36007630917,3.3254998496005093
2021,m,88,0.2673493555782874,0.5,0.2358254628211892,6331.6261337867145,1493.158663410989,5585.04680208122,19736.718668505302,3.1171642563016415
2021,m,89,0.2901092990606638,0.5,0.2533584743572354,4838.4674703757255,1225.866736521506,4225.5341021149725,14151.671866424083,2.924825257805268
2021,m,90,0.3139764842567726,0.5,0.27137396286688614,3612.6007338542195,980.3657774018402,3122.4178451532994,9926.137764309111,2.747643178857214
2021,m,91,0.3388699061026918,0.5,0.2897723428041005,2632.2349564523793,762.7488901420556,2250.8605113813514,6803.719919155812,2.584769229083407
2021,m,92,0.36468779636086396,0.5,0.3084447739123111,1869.4860663103236,576.6332070553035,1581.1694627826719,4552.859407774461,2.4353534855491743
2021,m,93,0.39130846990943513,0.5,0.3272756106820923,1292.8528592550201,423.11920903477585,1081.2932547376322,2971.689944991789,2.298552324588712
2021,m,94,0.4185920144620358,0.5,0.3461452051102903,869.7336502202443,301.0541327468079,719.2065838468403,1890.396690254157,2.1735351849102864
2021,m,95,0.4463828146913553,0.5,0.3649329221989917,568.6795174734364,207.52987810629367,464.91457842028956,1171.1901064073168,2.0594905749564374
2021,m,96,0.4745128401584629,0.5,0.3835202084690545,361.1496393671427,138.50818497861044,291.8955468778375,706.2755279870273,1.9556312702531362
2021,m,97,0.5028055651428178,0.5,0.4017935489240661,222.64145438853225,89.45590009638394,177.9135043403403,414.3799811091898,1.8611986803951348
2021,m,98,0.5310803346120608,0.5,0.41964715805313196,133.1855542921483,55.89093935243116,105.24008461593273,236.46647676884953,1.775466401184546
2021,m,99,0.5591569509883424,0.5,0.43698527421102235,77.29461493971715,33.77660850446768,60.40631068748331,131.2263921529168,1.6977430090732915
2021,m,100,0.5868602363287362,0.5,0.453723960875139,43.51800643524947,19.74516224919118,33.64542531065388,70.82008146543347,1.6273742128056077
2021,m,101,0.6140243267830071,0.5,0.4697923584656662,23.77284418605829,11.168300537605125,18.188693917255726,37.17465615477959,1.5637445761151652
2021,m,102,0.6404964804130227,0.5,0.4851333718216788,12.604543648453165,6.114884760447609,9.54710126822936,18.985962237523864,1.5062792249407484
2021,m,103,0.6661402223530436,0.5,0.4997038166020624,6.489658888005556,3.2429073147818728,4.8682052306146195,9.438860969294502,1.4544463942072177
2021,m,104,0.690837707193599,0.5,0.5134740793521183,3.246751573223683,1.6671227749460724,2.4131901857506466,4.570655738679882,1.4077626931406093
2021,m,105,0.7144912403926301,0.5,0.5264273686064903,1.5796287982776105,0.831559831652315,1.163848882451453,2.157465552929235,1.3658054064864378
2021,m,106,0.7370239613378328,0.5,0.5385586474570593,0.7480689666252955,0.4028790108703192,0.5466294611901359,0.9936166704777821,1.328242066985089
2021,m,107,0.7583797442510053,0.5,0.5498733420092826,0.34518995575497635,0.18981075459902524,0.2502845784554637,0.44698720928764624,1.2949021309441804
2021,m,108,0.7785224150289658,0.5,0.5603859164986077,0.1553792011559511,0.08707231604459918,0.11184304313365151,0.1967026308321825,1.2659521311012267
2021,m,109,0.7974344100466269,0.5,0.5701183964726704,0.06830688511135193,0.038943011807726885,0.04883537920748848,0.084859587698531,1.2423284645492958
2021,m,110,0.8151150166401694,0.5,1.0,0.029363873303625044,0.029363873303625044,0.03602420849104251,0.03602420849104251,1.226820730308601
2023,m,0,0.002149321266968326,0.04826877828054299,0.002144933641855889,100000.0,214.4933641855896,99795.85996845293,7511785.81665301,75.1178581665301
2023,m,1,0.0,0.5,0.0,99785.50663581441,0.0,99785.50663581441,7411989.956684558,74.2792235723769
2023,m,2,0.0005626828719333784,0.5,0.0005625246104517073,99785.50663581441,56.13180324903806,99757.44073418989,7312204.450048744,73.2792235723769
2023,m,3,0.00010362694300518135,0.5,0.00010362157401170923,99729.37483256537,10.334114795346977,99724.2077751677,7212447.009314554,72.32018671954434
2023,m,4,9.712509712509713e-05,0.5,9.71203807118924e-05,99719.04071777003,9.684751198728918,99714.19834217065,7112722.801539386,71.32762961158221
2023,m,5,0.0003741114852225963,0.5,0.0003740415186085655,99709.3559665713,37.29543892521178,99690.70824710869,7013008.603197215,70.33450908607219
2023,m,6,0.0,0.5,0.0,99672.06052764608,0.0,99672.06052764608,6913317.894950107,69.36063986589859
2023,m,7,8.870753126940477e-05,0.5,8.870359693085554e-05,99672.06052764608,8.841270282311598,99667.63989250493,6813645.834422461,68.36063986589859
2023,m,8,0.0,0.5,0.0,99663.21925736377,0.0,99663.21925736377,6713978.194529956,67.36665988274189
2023,m,9,0.0,0.5,0.0,99663.21925736377,0.0,99663.21925736377,6614314.975272592,66.36665988274189
2023,m,10,8.86839304717985e-05,0.5,8.867999822640004e-05,99663.21925736377,8.838134106976213,99658.80019031028,6514651.756015228,65.36665988274187
2023,m,11,9.04649900488511e-05,0.5,9.046089827671989e-05,99654.3811232568,9.014824833619059,99649.87371083998,6414992.955824918,64.3724127681911
2023,m,12,0.0002689376961004034,0.5,0.0002689015372204544,99645.36629842318,26.79479217455082,99631.96890233591,6315343.082114078,63.37819124675158
2023,m,13,0.0001764757786993735,0.5,0.0001764602082230457,99618.57150624863,17.57871387086925,99609.78214931319,6215711.113211743,62.395103836856954
2023,m,14,0.0001841112031667127,0.5,0.0001840942562592047,99600.99279237776,18.335970690794056,99591.82480703236,6116101.33106243,61.40602778741058
2023,m,15,0.0005677517032551098,0.5,0.0005675905779964053,99582.65682168696,56.522177743841894,99554.39573281504,6016509.506255398,60.4172423018255
2023,m,16,0.0002854967643700038,0.5,0.0002854560159855369,99526.13464394312,28.410333881896804,99511.92947700218,5916955.110522582,59.45127007786061
2023,m,17,0.00048374613003095975,0.5,0.00048362915316535276,99497.72431006122,48.12000014995283,99473.66430998626,5817443.18104558,58.46810287757827
2023,m,18,0.0004779200917606576,0.5,0.00047780591523723066,99449.60430991127,47.51760920727975,99425.84550530763,5717969.516735594,57.496151507218556
2023,m,19,0.0005596492864471598,0.5,0.0005594927265945542,99402.08670070399,55.614744517355575,99374.27932844532,5618543.671230286,56.523397623910185
2023,m,20,0.0008271298593879239,0.5,0.0008267879288962382,99346.47195618664,82.13846379180904,99305.40272429073,5519169.391901841,55.55475985433969
2023,m,21,0.0005465476407360175,0.5,0.000546398324378472,99264.33349239483,54.23786549079523,99237.21455964944,5419863.989177551,54.60031613059484
2023,m,22,0.000721110510185686,0.5,0.0007208506037123805,99210.09562690403,71.51565732702147,99174.33779824052,5320626.774617902,53.6298926132175
2023,m,23,0.0003704389701796629,0.5,0.0003703703703703704,99138.57996957701,36.717992581325234,99120.22097328634,5221452.436819661,52.66821895595021
2023,m,24,0.0001889644746787604,0.5,0.0001889466225791214,99101.86197699569,18.72496211185353,99092.49949593976,5122332.215846375,51.68754767731217
2023,m,25,0.0005519271456167786,0.5,0.000551774875850653,99083.13701488383,54.67158562528493,99055.8012220712,5023239.716350435,50.69722121934701
2023,m,26,0.0008047929893588482,0.5,0.0008044692737430168,99028.46542925855,79.66535766376182,98988.63275042667,4924183.915128364,49.72493407611146
2023,m,27,0.0005156854318865492,0.5,0.0005155525004296271,98948.80007159479,51.01330129143025,98923.29342094908,4825195.282377938,48.76456590566686
2023,m,28,0.0003367286808653927,0.5,0.00033667199730662403,98897.78677030336,33.296115401157294,98881.13871260278,4726271.988956989,47.78946165836924
2023,m,29,0.0006781385097906248,0.5,0.0006779086518091688,98864.4906549022,67.02109357166046,98830.98010811638,4627390.850244386,46.80538805785004
2023,m,30,0.0006759611322348965,0.5,0.0006757327476982854,98797.46956133054,66.76068557231338,98764.08921854438,4528559.870136269,45.83680017558621
2023,m,31,0.0006534879921581441,0.5,0.0006532745386248571,98730.70887575822,64.49825828892062,98698.45974661376,4429795.780917725,44.86745645159033
2023,m,32,0.0009701673538685423,0.5,0.0009696969696969696,98666.2106174693,95.6763254472462,98618.37245474568,4331097.3211711105,43.89645952820519
2023,m,33,0.0008157937673356176,0.5,0.0008154611432765229,98570.53429202206,80.38044058714877,98530.34407172848,4232478.948716365,42.93858178933424
2023,m,34,0.001123325042124689,0.5,0.0011226944667201283,98490.15385143491,110.57435075541434,98434.8666760572,4133948.604644636,41.9732170474664
2023,m,35,0.0008633545247625775,0.5,0.0008629819950574666,98379.5795006795,84.89980579041003,98337.12959778428,4035513.737968579,41.019831132137604
2023,m,36,0.0004775549188156638,0.5,0.00047744091668656,98294.67969488908,46.92990197893232,98271.21474389962,3937176.6083707944,40.05482921956671
2023,m,37,0.0008769831778681336,0.5,0.0008765987966689245,98247.74979291015,86.12385924388946,98204.68786328821,3838905.393626895,39.07372333431215
2023,m,38,0.0010228971594932726,0.5,0.0010223742676261256,98161.62593366626,100.35792042291723,98111.4469734548,3740700.705763607,38.107566680806855
2023,m,39,0.0011688615288708798,0.5,0.0011681788092364005,98061.26801324335,114.55309529992519,98003.99146559338,3642589.258790152,37.14605503875612
2023,m,40,0.0022240969399493827,0.5,0.002221626383728502,97946.71491794342,217.6010060612316,97837.91441491281,3544585.267324559,36.18891425091793
2023,m,41,0.001990964086070909,0.5,0.0019889840881272955,97729.11391188219,194.3816525175207,97631.92308562342,3446747.352909646,35.268378223682845
2023,m,42,0.0026826090288955317,0.5,0.0026790156531057447,97534.73225936467,261.2970744443155,97404.0837221425,3349115.4298240226,34.33766979457168
2023,m,43,0.001848001848001848,0.5,0.001846295868912993,97273.43518492035,179.59554153689533,97183.6374141519,3251711.34610188,33.42856495116327
2023,m,44,0.0024951267056530215,0.5,0.002492017755626509,97093.83964338346,241.95957235325477,96972.85985720683,3154527.7086877283,32.489473279396634
2023,m,45,0.0033957198136302614,0.5,0.003389964129449328,96851.8800710302,328.32439931052795,96687.71787137495,3057554.8488305216,31.569390770609115
2023,m,46,0.002847425452819742,0.5,0.0028433773003712186,96523.55567171967,274.45288714808703,96386.32922814562,2960867.1309591467,30.675073150321666
2023,m,47,0.003935458480913027,0.5,0.003927729772191673,96249.10278457159,378.0404665537062,96060.08255129473,2864480.801731001,29.76111692326516
2023,m,48,0.003526771401090093,0.5,0.0035205632901264207,95871.06231801788,337.5201425822306,95702.30224672676,2768420.719179706,28.876499876432607
2023,m,49,0.004248713130157692,0.5,0.004239706481858948,95533.54217543565,405.0341779961309,95331.02508643758,2672718.4169329796,27.976754091509132
2023,m,50,0.005432545888550498,0.5,0.005417829584633065,95128.50799743952,515.3900449705397,94870.81297495426,2577387.3918465422,27.093743464534473
2023,m,51,0.005169442848937392,0.5,0.005156115726152964,94613.11795246898,487.836185375083,94369.19985978144,2482516.5788715878,26.238608689745703
2023,m,52,0.0057793923381770146,0.5,0.005762739771136906,94125.2817670939,542.4195047086978,93854.07201473955,2388147.379011806,25.372007755802542
2023,m,53,0.005524406332453826,0.5,0.005509188833614275,93582.8622623852,515.5656597936031,93325.07943248839,2294293.3069970664,24.51616943030003
2023,m,54,0.007307567392010393,0.5,0.007280964323274817,93067.2966025916,677.6196662271104,92728.48676947804,2200968.227564578,23.649211999387642
2023,m,55,0.010077204388459975,0.5,0.010026683916875556,92389.67693636449,926.3620878231741,91926.49589245289,2108239.7407951,22.81899678301937
2023,m,56,0.008240659252740219,0.5,0.008206844348830723,91463.31484854131,750.625188590071,91088.00225424627,2016313.244902647,22.04504886184763
2023,m,57,0.010054627503760589,0.5,0.010004332584977745,90712.68965995124,907.5199170360283,90258.92970143323,1925225.2426484008,21.223328840379086
2023,m,58,0.011854562813270745,0.5,0.01178471151184403,89805.16974291521,1058.3280176924454,89276.00573406898,1834966.3129469675,20.43274700331747
2023,m,59,0.014682155534043239,0.5,0.014575158164491071,88746.84172522277,1293.4992547441798,88100.09209785068,1745690.3072128985,19.670449936887785
2023,m,60,0.013787305590584279,0.5,0.013692911413542624,87453.34247047859,1197.4908712664765,86854.59703484536,1657590.2151150478,18.95399499081006
2023,m,61,0.013281448270027916,0.5,0.013193831673599731,86255.85159921211,1138.0451868630043,85686.8290057806,1570735.6180802025,18.210191992290877
2023,m,62,0.01762369683931822,0.5,0.01746975599753947,85117.8064123491,1486.9873090695328,84374.31275781433,1485048.7890744219,17.44698144451908
2023,m,63,0.020136997606668317,0.5,0.019936269303047635,83630.81910327957,1667.2865316774405,82797.17583744085,1400674.4763166076,16.748305126449257
2023,m,64,0.020232675771370764,0.5,0.0200300450676014,81963.53257160213,1641.7332513090078,81142.66594594764,1317877.3004791667,16.078825047320752
2023,m,65,0.022782188470831896,0.5,0.022525597269624578,80321.79932029312,1809.2965034605295,79417.15106856286,1236734.634533219,15.397247633878152
2023,m,66,0.024110117482027002,0.5,0.023822930653614585,78512.5028168326,1870.3979100471188,77577.30386180904,1157317.4834646562,14.740550128234283
2023,m,67,0.02541914548404543,0.5,0.025100133511348464,76642.10490678548,1923.7270657510817,75680.24137390993,1079740.1796028472,14.088080969540972
2023,m,68,0.03215108245048365,0.5,0.03164241352735845,74718.3778410344,2364.269809739417,73536.2429361647,1004059.9382289372,13.437924741421783
2023,m,69,0.03421834563404581,0.5,0.03364274607736889,72354.10803129498,2434.1908841513796,71137.01258921929,930523.6952927725,12.86068919390586
2023,m,70,0.03188493260913297,0.5,0.03138458492153854,69919.9171471436,2194.407577411461,68822.71335843788,859386.6827035532,12.291014031023652
2023,m,71,0.035173642030276044,0.5,0.03456574053817545,67725.50956973214,2340.98239160308,66555.0183739306,790563.9693451154,11.673060481459027
2023,m,72,0.0369573017581629,0.5,0.0362867711819623,65384.52717812906,2372.5933765535665,64198.23048985227,724008.9509711848,11.073093011726538
2023,m,73,0.039787470653651305,0.5,0.03901138841773686,63011.93380157549,2458.1830244859884,61782.8422893325,659810.7204813325,10.471202527430371
2023,m,74,0.04548459605976465,0.5,0.04447317388493859,60553.7507770895,2693.017487694735,59207.24203324213,598027.878192,9.875984072290757
2023,m,75,0.05203652703290332,0.5,0.050716959807868896,57860.73328939477,2934.5204846920606,56393.47304704874,538820.6361587578,9.312371370473414
2023,m,76,0.05488761108207005,0.5,0.053421521241414395,54926.21280470271,2934.2418440568727,53459.09188267427,482427.1631117091,8.783186359981556
2023,m,77,0.06546881453944652,0.5,0.0633936606339366,51991.970960645835,3295.9613627686704,50343.9902792615,428968.07122903486,8.25065992504367
2023,m,78,0.07058297967388877,0.5,0.06817691477885654,48696.009597877164,3319.9436964248525,47036.03774966474,378624.0809497734,7.775258878014493
2023,m,79,0.07292173067574137,0.5,0.07035647279549719,45376.06590145231,3192.4999461622137,43779.8159283712,331588.04320010863,7.307553808658758
2023,m,80,0.08438517546983446,0.5,0.08096888853646109,42183.5659552901,3415.5564499043394,40475.78773033793,287808.2272717374,6.82275717460165
2023,m,81,0.09413120445970774,0.5,0.08990000651271884,38768.00950538576,3485.244307019326,37025.387351876096,247332.4395413995,6.379807544853171
2023,m,82,0.10487391979750138,0.5,0.0996486476563791,35282.76519836643,3515.8798375947736,33524.82527956905,210307.0521895234,5.960617060684928
2023,m,83,0.11668472435355484,0.5,0.11025234227000046,31766.88536077166,3502.3735176476657,30015.698601947828,176782.22690995436,5.5649845712686545
2023,m,84,0.12963302133001325,0.5,0.12174212179434926,28264.511843123993,3440.981643263429,26544.021021492277,146766.52830800653,5.192607929073819
2023,m,85,0.14378428038900154,0.5,0.13414062385317155,24823.530199860565,3329.8438272473395,23158.608286236893,120222.50728651424,4.843086632665548
2023,m,86,0.15919778848337757,0.5,0.14746012554523616,21493.686372613225,3169.4616909354772,19908.95552714549,97063.89900027735,4.515926087204567
2023,m,87,0.17592411148074985,0.5,0.1617005947519289,18324.224681677748,2963.0380293952658,16842.705666980117,77154.94347313186,4.210543409799952
2023,m,88,0.19400232032263848,0.5,0.17684787160490287,15361.186652282482,2716.5931647817997,14002.890069891582,60312.23780615175,3.9262746538653706
2023,m,89,0.21345706781719187,0.5,0.19287211025754683,12644.593487500682,2438.7894292830897,11425.198772859138,46309.34773626017,3.662383277251061
2023,m,90,0.23429563729269248,0.5,0.20972662111679163,10205.804058217593,2140.4288009100155,9135.589657762584,34884.14896340103,3.418069636102089
2023,m,91,0.2565051191081043,0.5,0.22734725211657336,8065.375257307577,1833.6409020378787,7148.554806288637,25748.559305638446,3.1924812527859934
2023,m,92,0.2800499011144624,0.5,0.24565243153457053,6231.734355269698,1530.8406970495207,5466.3140067449385,18600.00449934981,2.984723583992507
2023,m,93,0.3048696793750789,0.5,0.26454396281332354,4700.893658220178,1243.593037109587,4079.097139665384,13133.69049260487,2.793871005705214
2023,m,94,0.3308782002709584,0.5,0.2839086145578046,3457.300621110591,981.5574294493449,2966.5219063859186,9054.593352939486,2.6189777358819533
2023,m,95,0.35796292964308635,0.5,0.30362048965483057,2475.743191661246,751.6863601118005,2099.9000116053458,6088.071446553567,2.459088433347732
2023,m,96,0.38598580570399177,0.5,0.3235440921578371,1724.0568315494454,557.8084023921824,1445.1526303533542,3988.171434948221,2.3132482421498652
2023,m,97,0.414785169817472,0.5,0.3435379469792128,1166.248429157263,400.650591020418,965.923133647054,2543.0188045948667,2.1805120941791665
2023,m,98,0.44417888635092956,0.5,0.36345857402775666,765.597838136845,278.263098527951,626.4662888728694,1577.0956709478128,2.059953140392644
2023,m,99,0.4739685670561766,0.5,0.3831645829034611,487.334739608894,186.7294122366087,393.9700334905896,950.6293820749434,1.9506702576505468
2023,m,100,0.5039447175777882,0.5,0.4025206419615233,300.6053273722853,120.99984935094614,240.1054026968122,556.6593485843538,1.8517946885716963
2023,m,101,0.5338925363108613,0.5,0.42140108837304113,179.60547802133914,75.68594391595263,141.76250606336282,316.5539458875416,1.762496051762583
2023,m,102,0.563598031201565,0.5,0.43969298177172117,103.9195341053865,45.69268981512547,81.07318919782377,174.79143982417878,1.681988293432108
2023,m,103,0.5928540877933964,0.5,0.45729845777626044,58.226844290261035,26.627046095114828,44.91332124270362,93.718250626355,1.6095368342335226
2023,m,104,0.6214661268062764,0.5,0.4741363014012365,31.599798195146207,14.982611441272091,24.10849247451016,48.804929383651384,1.544469653959623
2023,m,105,0.6492570310264797,0.5,0.49014272561912875,16.617186753874115,8.144793207665941,12.544790150041145,24.69643690914122,1.4861984326789561
2023,m,106,0.6760710929754655,0.5,0.5052713993661183,8.472393546208174,4.280858143073074,6.331964474671637,12.151646759100075,1.4342637287592186
2023,m,107,0.7017768262032347,0.5,0.5194928162807814,4.1915354031351,2.1774725311152534,3.102799137577474,5.819682284428438,1.3884368673292249
2023,m,108,0.7262685815332413,0.5,0.5327931271722253,2.014062872019847,1.0730788559049276,1.4775234440673832,2.7168831468509644,1.3489564723102605
2023,m,109,0.7494670028789729,0.5,0.545172574971225,0.9409840161149194,0.5129986790721353,0.6844846765788518,1.239359702783581,1.3170890063580227
2023,m,110,0.7713184353784069,0.5,1.0,0.4279853370427842,0.4279853370427842,0.5548750262047291,0.5548750262047291,1.2964813935886317
2003,f,0,0.011054030832293458,0.08558292524915265,0.010943414854716324,100000.0,1094.3414854716248,98999.31546007654,7577902.526294376,75.77902526294376
2003,f,1,0.0008736982214490648,0.5,0.000873316713819252,98905.65851452838,86.37596467204276,98862.47053219235,7478903.210834299,75.61653522316637
2003,f,2,0.0001658165222735214,0.5,0.00016580277585368376,98819.28254985633,16.38451135462674,98811.09029417901,7380040.740302107,74.68219308897255
2003,f,3,8.348963637137862e-05,0.5,8.348615125717336e-05,98802.8980385017,8.2486736902938,98798.77370165655,7281229.650007929,73.69449474215386
2003,f,4,0.0003332630303541301,0.5,0.00033320750748228994,98794.64936481141,32.91911886744492,98778.18980537768,7182430.876306272,72.70060597901676
2003,f,5,8.047331461962861e-05,0.5,8.047007677272581e-05,98761.73024594397,7.947364015097264,98757.75656393642,7083652.686500895,71.72467178187993
2003,f,6,7.730713102672523e-05,0.5,7.73041429459714e-05,98753.78288192887,7.634076548361918,98749.96584365469,6984894.9299369585,70.73040369793405
2003,f,7,0.00014781589625964298,0.5,0.0001478049722974171,98746.14880538051,14.595171788649168,98738.85121948618,6886144.964093304,69.73583321882514
2003,f,8,7.063509810669852e-05,0.5,7.063260353625838e-05,98731.55363359186,6.973666684323689,98728.0668002497,6787406.112873818,68.74606813200708
2003,f,9,0.00020588534016868407,0.5,0.00020586414796361808,98724.57996690753,20.32385153794894,98714.41804113856,6688678.046073568,67.75088886998164
2003,f,10,0.00013506041243656239,0.5,0.0001350512923949369,98704.25611536959,13.330137353259488,98697.59104669295,6589963.628032429,66.76473626760136
2003,f,11,0.0,0.5,0.0,98690.92597801633,0.0,98690.92597801633,6491266.036985736,65.77368661463045
2003,f,12,0.00013002110687633183,0.5,0.00013001265468169703,98690.92597801633,12.831069279403891,98684.51044337662,6392575.11100772,64.77368661463045
2003,f,13,0.0002618464076692615,0.5,0.0002618121303863485,98678.09490873692,25.83512225051527,98665.17734761167,6293890.600564344,63.78204409383146
2003,f,14,0.00025461363393399807,0.5,0.00025458122400870995,98652.25978648641,25.115013047659886,98639.70227996257,6195225.423216732,62.798616439451976
2003,f,15,0.00012473464131862615,0.5,0.00012472686243840164,98627.14477343875,12.30145431884739,98620.99404627932,6096585.72093677,61.814480536180334
2003,f,16,0.0004383480357303369,0.5,0.00043825198228254265,98614.8433191199,43.21815056708874,98593.23424383636,5997964.72689049,60.82212905293515
2003,f,17,0.000373714524790214,0.5,0.00037364470656323713,98571.62516855281,36.83076596156752,98553.20978557202,5899371.492646654,59.848576936405465
2003,f,18,0.0005569299088500618,0.5,0.0005567748665622196,98534.79440259124,54.861697005238966,98507.36355408863,5800818.282861082,58.87076050679346
2003,f,19,0.0003114869671398855,0.5,0.00031143846262879804,98479.932705586,30.67043884161103,98464.5974861652,5702310.9193069935,57.90327798409986
2003,f,20,6.231680192490151e-05,0.5,6.231486029349858e-05,98449.2622667444,6.134852024144493,98446.19484073232,5603846.321820828,56.92116114224835
2003,f,21,0.0002494692826372523,0.5,0.00024943816905670385,98443.12741472025,24.555473458545748,98430.84967799098,5505400.126980096,55.92467723812755
2003,f,22,0.0002529873785095161,0.5,0.0002529553812501249,98418.5719412617,24.895507387496764,98406.12418756796,5406969.277302105,54.938505717488965
2003,f,23,0.0003855274092230303,0.5,0.00038545310785400634,98393.6764338742,37.92614837462315,98374.7133596869,5308563.153114537,53.95227971466412
2003,f,24,0.00032782298219901154,0.5,0.0003277692570513517,98355.75028549958,32.23799119780597,98339.63128990069,5210188.43975485,52.9728910066886
2003,f,25,0.0003993567233166822,0.5,0.0003992769963402051,98323.51229430178,39.25831665849546,98303.88313597253,5111848.80846495,51.99009564634115
2003,f,26,0.0003955658618692463,0.5,0.0003954876411644284,98284.25397764328,38.87020776922873,98264.81887375866,5013544.925328977,51.01066266901113
2003,f,27,0.0006566360410299681,0.5,0.0006564205263421341,98245.38376987405,64.49028652491688,98213.13862661159,4915280.106455219,50.03064691536621
2003,f,28,0.00019922756057624388,0.5,0.00019920771674251657,98180.89348334914,19.558391618556925,98171.11428753985,4817066.967828607,49.0631812048599
2003,f,29,0.0005405701528776404,0.5,0.0005404240843127025,98161.33509173058,53.04874963185284,98134.81071691465,4718895.853541067,48.07285729285687
2003,f,30,0.0003393466185168107,0.5,0.0003392890502208646,98108.28634209873,33.287067291807034,98091.64280845283,4620761.042824152,47.09858071225286
2003,f,31,0.0006841718115287621,0.5,0.0006839378460312159,98074.99927480692,67.07720375353529,98041.46067293014,4522669.400015699,46.11439646655661
2003,f,32,0.0001397795044154779,0.5,0.00013976973594326668,98007.92207105338,13.698541388221201,98001.07280035928,4424627.939342769,45.145615230318015
2003,f,33,0.00020712184607747018,0.5,0.0002071003985690327,97994.22352966516,20.294642750464845,97984.07620828993,4326626.866542409,44.151856208469646
2003,f,34,0.0004754401683293182,0.5,0.00047532717351362485,97973.9288869147,46.569670695840614,97950.64405156678,4228642.790334119,43.16089839792975
2003,f,35,0.0007486964676071995,0.5,0.0007484162992874114,97927.35921621886,73.2904317835928,97890.71400032706,4130692.1462825527,42.18118592539788
2003,f,36,0.0010291442211285702,0.5,0.001028614924575873,97854.06878443527,100.6541555821459,97803.74170664418,4032801.4322822257,41.21240416856009
2003,f,37,0.0008126121097645698,0.5,0.0008122820746393715,97753.41462885312,79.40334643780079,97713.71295563423,3934997.6905755815,40.254324675161975
2003,f,38,0.0008636635182148052,0.5,0.0008632907218637616,97674.01128241532,84.32106770732207,97631.85074856166,3837283.9776199474,39.28664265179811
2003,f,39,0.0007423811252459808,0.5,0.0007421056626275444,97589.690214708,72.42186172241054,97553.4792838468,3739652.1268713856,38.3201557320629
2003,f,40,0.0011304010783755236,0.5,0.0011297625359810329,97517.26835298559,110.17135639641492,97462.18267478739,3642098.6475875387,37.348243127608406
2003,f,41,0.0012855043111731931,0.5,0.0012846785812458616,97407.09699658917,125.1368111728516,97344.52859100275,3544636.464912751,36.38991997715394
2003,f,42,0.0013034038499048044,0.5,0.001302554972321986,97281.96018541632,126.71510095674603,97218.60263493794,3447291.9363217484,35.43608629751415
2003,f,43,0.0011512004888331409,0.5,0.0011505382387417104,97155.24508445957,111.78082456398988,97099.35467217758,3350073.3336868105,34.481651822034976
2003,f,44,0.001875489898632039,0.5,0.001873732815148266,97043.46425989558,181.83352347943583,96952.54749815587,3252973.9790146328,33.52079404649783
2003,f,45,0.0016288637688806912,0.5,0.001627538249836878,96861.63073641615,157.64600896509364,96782.8077319336,3156021.431516477,32.58278234138729
2003,f,46,0.0024859230447586145,0.5,0.0024828369739336746,96703.98472745105,240.10022880803444,96583.93461304704,3059238.6237845435,31.635083418813114
2003,f,47,0.0024379237194689786,0.5,0.002434955601460651,96463.88449864302,234.88527589863224,96346.44186069371,2962654.6891714963,30.712579164414354
2003,f,48,0.0024231568473707197,0.5,0.0024202245555187793,96228.99922274439,232.89578687188623,96112.55132930845,2866308.247310803,29.78632502117232
2003,f,49,0.00223354174604676,0.5,0.002231050174195964,95996.1034358725,214.17212329273752,95889.01737422612,2770195.695981494,28.8573764645775
2003,f,50,0.0035076627938368937,0.5,0.0035015217151159314,95781.93131257976,335.38251240675163,95614.24005637638,2674306.678607268,27.92078466114653
2003,f,51,0.003972984141544898,0.5,0.003965107486962287,95446.54880017301,378.45582525228383,95257.32088754687,2578692.4385508914,27.01713651218175
2003,f,52,0.0048037372913116065,0.5,0.004792226991557719,95068.09297492073,455.58788119032397,94840.29903432557,2483435.1176633444,26.122698372822967
2003,f,53,0.004994368809451907,0.5,0.0049819280165036275,94612.5050937304,471.35268983805145,94376.82874881139,2388594.818629019,25.24607942959225
2003,f,54,0.004310196636506891,0.5,0.004300927714422609,94141.15240389235,404.894291441582,93938.70525817157,2294217.9898802075,24.369979879121928
2003,f,55,0.004856960975510077,0.5,0.004845194515170607,93736.25811245077,454.17040367906156,93509.17291061123,2200279.284622036,23.47308639078028
2003,f,56,0.006337789281816719,0.5,0.006317768937687584,93282.08770877171,589.3346761691209,92987.42037068715,2106770.111711425,22.584937402867713
2003,f,57,0.006776183639840741,0.5,0.0067533028297657675,92692.75303260259,625.9822313538461,92379.76191692566,2013782.6913407377,21.725352041625467
2003,f,58,0.008668220382158868,0.5,0.008630813485474169,92066.77080124874,794.6111269954708,91669.465237751,1921402.929423812,20.86966788019192
2003,f,59,0.008954118400872475,0.5,0.00891420895963513,91272.15967425327,813.6191035334778,90865.35012248653,1829733.4641860612,20.04700525019138
2003,f,60,0.007716680092492241,0.5,0.007687020951717895,90458.5405707198,695.3566966289509,90110.86222240533,1738868.1140635747,19.222818576253072
2003,f,61,0.010722042008636789,0.5,0.010664867430334493,89763.18387409084,957.3124561419099,89284.52764601988,1648757.2518411693,18.367856182038402
2003,f,62,0.011446789533435597,0.5,0.011381647869582203,88805.87141794893,1010.7571572304878,88300.49283933369,1559472.7241951495,17.56046868630758
2003,f,63,0.014293603384304212,0.5,0.014192174725957421,87795.11426071844,1246.0036016735103,87172.1124598817,1471172.231355816,16.75688042260516
2003,f,64,0.015098328387552212,0.5,0.014985202632403194,86549.11065904493,1296.9559608800773,85900.63267860489,1384000.1188959342,15.990922475773555
2003,f,65,0.014665558634880432,0.5,0.014558802151576646,85252.15469816486,1241.1692532461893,84631.57007154176,1298099.4862173293,15.226588592549348
2003,f,66,0.01820422486916871,0.5,0.0180400225555457,84010.98544491867,1515.5600723399548,83253.20540874869,1213467.9161457876,14.444157626759312
2003,f,67,0.02045779807118118,0.5,0.02025065615397768,82495.42537257871,1670.5864934962156,81660.1321258306,1130214.7107370389,13.700331935165941
2003,f,68,0.023012064091464005,0.5,0.02275029842869349,80824.8388790825,1838.789204950197,79905.44427660739,1048554.5786112082,12.973172519154561
2003,f,69,0.02610831067071209,0.5,0.025771880538873398,78986.0496741323,2035.6190364392533,77968.24015591267,968649.1343346009,12.263547022934995
2003,f,70,0.032044185418390166,0.5,0.031538866771041583,76950.43063769305,2426.929379856476,75736.96594776481,890680.8941786882,11.574735668112053
2003,f,71,0.03553528494006914,0.5,0.03491492896534622,74523.50125783657,2601.9827526662557,73222.50988150344,814943.9282309234,10.935395069689205
2003,f,72,0.04007238449549166,0.5,0.03928525752325354,71921.51850517032,2825.4553759390546,70508.79081720079,741721.41834942,10.312927671237905
2003,f,73,0.04091409630379409,0.5,0.0400938935919858,69096.06312923126,2770.3302027285245,67710.89802786699,671212.6275322192,9.714194950251239
2003,f,74,0.044292856281550115,0.5,0.043333181100203275,66325.73292650274,2874.1049965078564,64888.68042824881,603501.7295043522,9.0990585836889
2003,f,75,0.06013451393364185,0.5,0.05837921118929307,63451.62792999488,3704.2559872296188,61599.499936380074,538613.0490761034,8.488561549127567
2003,f,76,0.060421661208134726,0.5,0.05864980197568521,59747.37194276526,3504.171533010798,57995.28617625986,477013.54913972336,7.983841525225184
2003,f,77,0.07183795166369368,0.5,0.06934707572665859,56243.20040975446,3900.301477924877,54293.049670792025,419018.2629634635,7.450114145545523
2003,f,78,0.083525105824739,0.5,0.08017672126074676,52342.898931829586,4196.68201763674,50244.55792301122,364725.2132926715,6.967997966021767
2003,f,79,0.09557663468362552,0.5,0.09121750367106471,48146.216914192846,4391.777718118268,45950.32805513371,314480.65536966024,6.531783295251088
2003,f,80,0.10545353603347268,0.5,0.10017180073433468,43754.43919607458,4382.960964391743,41562.9587138787,268530.32731452654,6.137213326199315
2003,f,81,0.11591106688883997,0.5,0.10956137873910879,39371.478231682835,4313.593438059979,37214.681512652845,226967.36860064784,5.764766241822327
2003,f,82,0.12725811190112132,0.5,0.11964520072967667,35057.884793622856,4194.507663290886,32960.63096197741,189752.687087995,5.412553786545377
2003,f,83,0.13954064350731327,0.5,0.13043981560319098,30863.37713033197,4025.8132217722414,28850.47051944585,156792.0561260176,5.080197655101236
2003,f,84,0.1528010904773905,0.5,0.1419556048659436,26837.56390855973,3809.7426177680136,24932.69259967572,127941.58560657174,4.767257789957803
2003,f,85,0.16707698626574913,0.5,0.15419570908152352,23027.821290791715,3550.791232536234,21252.425674523598,103008.89300689602,4.47323659959472
2003,f,86,0.18239949360985788,0.5,0.1671549999383064,19477.03005825548,3255.6829581860875,17849.188579162437,81756.46733237241,4.197583876383624
2003,f,87,0.19879183714934517,0.5,0.18081915149100394,16221.347100069393,2933.130218675604,14754.781990731592,63907.27875320998,3.939702316889366
2003,f,88,0.21626768893302784,0.5,0.19516386943054254,13288.21688139379,2593.3798244050686,11991.526969191254,49152.49676247839,3.6989535316286037
2003,f,89,0.23482956522640688,0.5,0.21015433917674764,10694.837056988721,2247.566414314457,9571.053849831493,37160.969793287135,3.474664419408211
2003,f,90,0.2544673059176818,0.5,0.22574495114632037,8447.270642674264,1906.9286985502476,7493.8062933991405,27589.915943455642,3.2661337739169602
2003,f,91,0.2751567186388386,0.5,0.24187935396683974,6540.341944124017,1581.973684166942,5749.355102040546,20096.109650056504,3.0726389876467053
2003,f,92,0.29685847685558153,0.5,0.2584908733793501,4958.368259957075,1281.6929420527526,4317.521788930699,14346.754548015957,2.8934427206381317
2003,f,93,0.31951736297508576,0.5,0.2755033164013593,3676.675317904322,1012.9362434136629,3170.2071961974907,10029.232759085258,2.727799408951304
2003,f,94,0.343061942492444,0.5,0.2928321580158569,2663.7390744906593,780.028461574261,2273.7248437035287,6859.025562887768,2.5749615000107697
2003,f,95,0.3674047423140781,0.5,0.3103860829094642,1883.7106129163983,584.6775584781069,1591.371833677345,4585.300719184239,2.4341853189886664
2003,f,96,0.3924429853537111,0.5,0.3280688298581881,1299.0330544382914,426.17225411667823,1085.9469273799523,2993.9288855068935,2.3047364924840066
2003,f,97,0.41805990493930395,0.5,0.3457812638018972,872.8608003216132,301.8189106583428,721.9513449924418,1907.981958126941,2.1858948842976202
2003,f,98,0.4441266282081312,0.5,0.3634235829538299,571.0418896632704,207.5300895581513,467.2768448841947,1186.0306131344992,2.0769590368122954
2003,f,99,0.47050458022697966,0.5,0.3808975575214288,363.51180010511905,138.46075679025773,294.2814217099902,718.7537682503046,1.9772501691622058
2003,f,100,0.49704832355342576,0.5,0.3981086940649198,225.05104331486132,89.59477695202713,180.25365483884775,424.47234654031445,1.8861158797048967
2003,f,101,0.5236087152037406,0.5,0.41496822550120865,135.45626636283419,56.21004648560435,107.35124312003201,244.2186917014667,1.8029338786535032
2003,f,102,0.550036238177788,0.5,0.43139484054613625,79.24621987722983,34.186410387821624,62.15301468331902,136.86744858143467,1.727116432726672
2003,f,103,0.5761843507246421,0.5,0.4473160863371987,45.05980948940821,20.15597763190185,34.981820673457285,74.71443389811566,1.6581169504429016
2003,f,104,0.601912695100885,0.5,0.46266940180907706,24.903831857506358,11.522240988266304,19.142711363373206,39.732613224658365,1.5954417557907825
2003,f,105,0.6270900188512318,0.5,0.4774027645428339,13.381590869240053,6.3884084749563455,10.18738663176188,20.589901861285156,1.5386736945167467
2003,f,106,0.6515966842616002,0.5,0.4914749578087157,6.993182394283708,3.436974022179238,5.274695383194089,10.402515229523278,1.4875223672167324
2003,f,107,0.6753266729213171,0.5,0.5048554853182813,3.5562083721044697,1.7953713035917371,2.6585227203086013,5.127819846329189,1.4419345858788024
2003,f,108,0.6981890287387352,0.5,0.5175241773665522,1.7608370685127326,0.9112757553585833,1.305199190833441,2.469297126020588,1.4023427665038006
2003,f,109,0.7201087204239052,0.5,0.5294705428624797,0.8495613131541493,0.4498176896706886,0.624652468318805,1.1640979351871468,1.3702341634004302
2003,f,110,0.7410269397648366,0.5,1.0,0.3997436234834607,0.3997436234834607,0.5394454668683416,0.5394454668683416,1.3494786037297755
2004,f,0,0.012410714285714285,0.08995008928571428,0.01227210855800439,100000.0,1227.2108558004402,98883.1768702512,7580782.741543154,75.80782741543155
2004,f,1,0.0009852216748768472,0.5,0.0009847365829640572,98772.78914419956,97.2651788716903,98724.15655476371,7481899.564672903,75.74859057336114
2004,f,2,0.00026350461133069827,0.5,0.00026346989856408903,98675.52396532787,25.998030289905728,98662.52495018291,7383175.408118139,74.82276365426145
2004,f,3,0.0002504800868330968,0.5,0.00025044872062445216,98649.52593503796,24.706647560640704,98637.17261125764,7284512.883167956,73.84235062583986
2004,f,4,0.00025265285497726126,0.5,0.0002526209422761147,98624.81928747732,24.914694780207356,98612.36194008723,7185875.710556698,72.86072372524093
2004,f,5,0.00016813787305590584,0.5,0.00016812373907195696,98599.90459269712,16.57698463226552,98591.61610038098,7087263.348616611,71.879008178488
2004,f,6,0.0001625619767536373,0.5,0.00016254876462938882,98583.32760806485,16.02459811574954,98575.31530900698,6988671.73251623,70.89101070214336
2004,f,7,0.00015626220798499883,0.5,0.00015624999999999998,98567.3030099491,15.401141095295316,98559.60243940145,6890096.417207223,69.90245453415477
2004,f,8,0.0002992220227408737,0.5,0.0002991772625280479,98551.9018688538,29.484488218062324,98537.15962474477,6791536.814767822,68.91330036233637
2004,f,9,7.150518412584913e-05,0.5,7.150262772156877e-05,98522.41738063574,7.044611732198973,98518.89507476965,6692999.655143077,67.93377419156347
2004,f,10,0.0003475118154017237,0.5,0.0003474514436607484,98515.37276890354,34.22930849133991,98498.25811465787,6594480.760068307,66.93859622840365
2004,f,11,0.0002738225629791895,0.5,0.0002737850787132101,98481.1434604122,26.962667614076054,98467.66212660517,6495982.501953648,65.96168843799957
2004,f,12,6.612007405448295e-05,0.5,6.611788819465106e-05,98454.18079279813,6.509582517959643,98450.92600153915,6397514.839827043,64.97961577975994
2004,f,13,0.0003294241665568586,0.5,0.00032936991535193177,98447.67121028017,32.42570113312104,98431.45835971361,6299063.913825504,63.98387931768302
2004,f,14,0.00013274923669188903,0.5,0.00013274042609676777,98415.24550914705,13.063681623301818,98408.7136683354,6200632.45546579,63.00479588692874
2004,f,15,0.00012904058326343635,0.5,0.00012903225806451613,98402.18182752375,12.697055719676428,98395.83329966391,6102223.741797455,62.013093901649874
2004,f,16,0.00018975332068311195,0.5,0.0001897353192296746,98389.48477180407,18.667960302031133,98380.15079165305,6003827.908497791,61.021032099340104
2004,f,17,0.00019029495718363463,0.5,0.00019027685282085435,98370.81681150204,18.717689432305633,98361.45796678588,5905447.757706137,60.03251725582542
2004,f,18,0.00031583601793948584,0.5,0.0003157861496194777,98352.09912206973,31.05823068875179,98336.57000672535,5807086.2997393515,59.04384707165106
2004,f,19,0.00018811136192626034,0.5,0.00018809367064798267,98321.04089138098,18.49356548319338,98311.79410863938,5708749.729732626,58.06234024759055
2004,f,20,0.0002523977788995457,0.5,0.00025236593059936905,98302.54732589779,24.808213836193318,98290.14321897969,5610437.935623987,57.07316939635315
2004,f,21,0.00012605571662674902,0.5,0.00012604777210562803,98277.7391120616,12.38769006266375,98271.54526703026,5512147.792405007,56.0874501408682
2004,f,22,0.00031537782263151254,0.5,0.0003153280988868918,98265.35142199893,30.9858264503564,98249.85850877376,5413876.247137977,55.09445769840251
2004,f,23,0.00012790995139421848,0.5,0.00012790177143953444,98234.36559554857,12.56434937591257,98228.08342086061,5315626.388629203,54.111678295096326
2004,f,24,0.0002595885521448504,0.5,0.0002595548634092531,98221.80124617266,25.49394620626117,98209.05427306953,5217398.305208342,53.11853620085841
2004,f,25,0.00013232764324467382,0.5,0.00013231888852133642,98196.3072999664,12.993226238831994,98189.81068684699,5119189.250935272,52.132197143598944
2004,f,26,0.00020155872077398548,0.5,0.00020153840986194622,98183.31407372757,19.78770899338997,98173.42021923087,5020999.440248425,51.13902996264792
2004,f,27,0.000399493974299221,0.5,0.00039941419251764083,98163.52636473418,39.20790561765898,98143.92241192535,4922826.020029195,50.14923772948064
2004,f,28,0.00039750894395123893,0.5,0.0003974299529707889,98124.31845911652,38.99754327049595,98104.81968748127,4824682.0976172695,49.16907626346951
2004,f,29,0.0005355110783854341,0.5,0.0005353677307100315,98085.32091584602,52.51171567468555,98059.06505800868,4726577.277929788,48.188426502524635
2004,f,30,0.00013622122326658494,0.5,0.0001362119457876456,98032.80920017134,13.353239692180068,98026.13258032524,4628518.21287178,47.213971022914336
2004,f,31,0.0006151322534344885,0.5,0.0006149431177616071,98019.45596047916,60.27638984963414,97989.31776555434,4530492.080291455,46.220334890637645
2004,f,32,0.0006892273761113792,0.5,0.0006889899407468652,97959.17957062952,67.49288932797208,97925.43312596553,4432502.7625259,45.2484675959339
2004,f,33,0.00042211903756859433,0.5,0.00042202996412745304,97891.68668130155,41.313225018486264,97871.03006879232,4334577.329399935,44.279320097034244
2004,f,34,0.0007645791339403629,0.5,0.0007642869550112905,97850.37345628307,74.78576397562574,97812.98057429524,4236706.299331143,43.297804082720134
2004,f,35,0.00034164673727365904,0.5,0.0003415883859948762,97775.58769230744,33.3990051895089,97758.88818971268,4138893.318756847,42.33053890488124
2004,f,36,0.0009596271163205155,0.5,0.0009591668950397369,97742.18868711793,93.75107163740904,97695.31315129923,4041134.4305671346,41.34483261371598
2004,f,37,0.0004827586206896552,0.5,0.00048264212086737685,97648.43761548052,47.12924903011299,97624.87299096546,3943439.1174158356,40.38404723836226
2004,f,38,0.0010890280424720937,0.5,0.0010884353741496598,97601.30836645041,106.23271658933663,97548.19200815575,3845814.2444248702,39.40330625472266
2004,f,39,0.0009355787222667736,0.5,0.0009351412731280476,97495.07564986107,91.17166916692804,97449.4898152776,3748266.0524167144,38.44569612805932
2004,f,40,0.0013541878258514456,0.5,0.0013532715339332837,97403.90398069414,131.81393055104127,97337.99701541863,3650816.562601437,37.481213928807655
2004,f,41,0.001064358192010218,0.5,0.0010637920641112018,97272.0900501431,103.47727745484735,97220.35141141567,3553478.5655860184,36.53132737000124
2004,f,42,0.0013626909560352865,0.5,0.001361763124888013,97168.61277268826,132.32063377037412,97102.45245580307,3456258.2141746026,35.569698028518864
2004,f,43,0.0017892780951070126,0.5,0.0017876787678767878,97036.29213891788,173.46971917022893,96949.55727933277,3359155.7617187994,34.617519771981875
2004,f,44,0.0020410940263981495,0.5,0.0020390131176510574,96862.82241974765,197.50456552657124,96764.07013698437,3262206.2044394664,33.67862016556718
2004,f,45,0.002021046762840616,0.5,0.00201900650955547,96665.31785422108,195.16790599591332,96567.73390122312,3165442.134302482,32.7464100317367
2004,f,46,0.0019188401677208444,0.5,0.0019170009585004792,96470.14994822517,184.93336991743126,96377.68326326646,3068874.400401259,31.811647458289446
2004,f,47,0.00327355536578423,0.5,0.0032682060390763767,96285.21657830774,314.67992629500804,96127.87661516023,2972496.7171379924,30.871787204430213
2004,f,48,0.003816793893129771,0.5,0.003809523809523809,95970.53665201273,365.60204438862274,95787.73562981842,2876368.8405228322,29.971373932736135
2004,f,49,0.0032892384697890595,0.5,0.0032838378069674472,95604.9346076241,313.9510987971589,95447.95905822553,2780581.104893014,29.08407517148465
2004,f,50,0.0037618461983650437,0.5,0.0037547837388981153,95290.98350882695,357.79703534254804,95112.08499115567,2685133.145834788,28.17824989272002
2004,f,51,0.002931047116582399,0.5,0.00292675788395405,94933.1864734844,277.8464519601548,94794.26324750432,2590021.0608436326,27.282567425112674
2004,f,52,0.003218390804597701,0.5,0.0032132201055772324,94655.34002152424,304.1484416574094,94503.26580069555,2495226.797596128,26.361183606003884
2004,f,53,0.0037201203102738643,0.5,0.0037132135097768127,94351.19157986683,350.3461192379036,94176.01852024789,2400723.531795433,25.444549152972353
2004,f,54,0.004225352112676056,0.5,0.004216444132115248,94000.84546062893,396.3493132563308,93802.67080400077,2306547.5132751847,24.537518806054283
2004,f,55,0.00614560352978254,0.5,0.0061267771581179796,93604.4961473726,573.4938888928591,93317.74920292618,2212744.8424711837,23.63930081934738
2004,f,56,0.00654732305652246,0.5,0.006525959274709844,93031.00225847974,607.1165320242872,92727.4439924676,2119427.0932682576,22.78194410267221
2004,f,57,0.008104978772674644,0.5,0.008072266000384394,92423.88572645545,746.0701903730805,92050.85063126891,2026699.6492757897,21.928310342568363
2004,f,58,0.005328218243819267,0.5,0.005314061005420341,91677.81553608237,487.18150460241304,91434.22478378116,1934648.7986445208,21.102693027007014
2004,f,59,0.008738277919863598,0.5,0.00870026525198939,91190.63403147996,793.3827045709622,90793.94267919447,1843214.5738607396,20.212761907373544
2004,f,60,0.010611205432937181,0.5,0.010555203715431708,90397.251326909,954.1614030706114,89920.17062537369,1752420.631181545,19.385773410788357
2004,f,61,0.009023789991796555,0.5,0.008983258472846062,89443.08992383839,803.4903953958565,89041.34472614047,1662500.4605561714,18.587243150609016
2004,f,62,0.010819496518478843,0.5,0.010761280698950508,88639.59952844253,953.8756115681317,88162.66172265846,1573459.115830031,17.75119838312381
2004,f,63,0.012122547939166851,0.5,0.012049512542447148,87685.7239168744,1056.5702301299316,87157.43880180943,1485296.4541073726,16.938862881663905
2004,f,64,0.016339869281045753,0.5,0.01620745542949757,86629.15368674447,1404.0381472730078,85927.13461310796,1398139.015305563,16.139359047201438
2004,f,65,0.016945244956772333,0.5,0.016802880493798935,85225.11553947146,1432.0274314799462,84509.10182373149,1312211.8806924552,15.397009113876916
2004,f,66,0.01654047757716948,0.5,0.016404805914972273,83793.08810799151,1374.6093474277732,83105.78343427763,1227702.7788687237,14.651599631779595
2004,f,67,0.019002375296912115,0.5,0.018823529411764708,82418.47876056374,1551.406659022381,81642.77543105255,1144596.995434446,13.887625841283084
2004,f,68,0.021302836640879022,0.5,0.02107832260927446,80867.07210154136,1704.5422342237434,80014.80098442949,1062954.2200033935,13.144462787878444
2004,f,69,0.027158211025078007,0.5,0.02679436748189955,79162.52986731761,2121.1099160617596,78101.97490928674,982939.4190189639,12.416725699222154
2004,f,70,0.02898723607300489,0.5,0.02857310835440061,77041.41995125586,2201.31284004412,75940.7635312338,904837.4441096772,11.744817848401137
2004,f,71,0.033227647431832597,0.5,0.03268463073852296,74840.10711121174,2446.121265361464,73617.046478531,828896.6805784435,11.075567801455847
2004,f,72,0.033160766755281935,0.5,0.032619916041566305,72393.98584585027,2361.4857402059715,71213.24297574729,755279.6340999125,10.432905790104472
2004,f,73,0.03815904456743373,0.5,0.037444619122481065,70032.5001056443,2622.3402926509734,68721.32995931881,684066.3911241652,9.767841931849475
2004,f,74,0.04728877679697352,0.5,0.04619648906683092,67410.15981299333,3114.112710794274,65853.10345759618,615345.0611648463,9.128372679606649
2004,f,75,0.05548527019699982,0.5,0.053987514288226505,64296.04710219905,3471.1837616064513,62560.45522139582,549491.9577072501,8.546279008938583
2004,f,76,0.06055329851035016,0.5,0.058773824054079424,60824.8633405926,3574.9098160934154,59037.4084325459,486931.5024858543,8.005468088917045
2004,f,77,0.07984480294057586,0.5,0.07677957781050565,57249.953524499186,4395.627261282112,55052.139893858126,427894.0940533084,7.474138714718748
2004,f,78,0.07563805104408353,0.5,0.07288173485356583,52854.32626321707,3852.114992579649,50928.26876692725,372841.9541594503,7.054142593790328
2004,f,79,0.09304784562516522,0.5,0.08891134124778985,49002.211270637425,4356.852328179943,46823.78510654745,321913.68539252307,6.5693705864538545
2004,f,80,0.10287688941222962,0.5,0.09784394885901714,44645.35894245748,4368.278217158273,42461.21983387835,275089.9002859756,6.161668464588526
2004,f,81,0.11360474792205415,0.5,0.107498573736402,40277.08072529921,4329.728732235591,38112.21635918142,232628.68045209724,5.775708573287348
2004,f,82,0.12529505330696283,0.5,0.11790838463770338,35947.35199306362,4238.494205505056,33828.10489031109,194516.46409291582,5.411148618970588
2004,f,83,0.1380010417965506,0.5,0.12909352156403914,31708.85778755856,4093.408116569244,29662.153729273938,160688.3592026047,5.06761739193435
2004,f,84,0.15177195633699203,0.5,0.14106695264804614,27615.449670989317,3895.6273310919496,25667.636005443343,131026.20547333077,4.744670357874958
2004,f,85,0.16665137779630523,0.5,0.1538331265510798,23719.822339897368,3648.8944317825626,21895.37512400609,105358.56946788743,4.441794207314594
2004,f,86,0.1826753903192497,0.5,0.16738667703815605,20070.927908114805,3359.6059276117267,18391.12494430894,83463.19434388133,4.158412342766506
2004,f,87,0.199870622782136,0.5,0.1817112522093352,16711.32198050308,3036.6352431506,15193.004358927778,65072.06939957239,3.893891187991667
2004,f,88,0.21825222695550817,0.5,0.19677854871810813,13674.686737352478,2690.885010350983,12329.244232176987,49879.065040644615,3.6475471795927645
2004,f,89,0.2378218723726239,0.5,0.21254763420510867,10983.801727001495,2334.5810716521555,9816.511191175417,37549.82080846763,3.418654282165241
2004,f,90,0.2585658562961957,0.5,0.22896463751578697,8649.22065534934,1980.3656721461193,7659.03781927628,27733.309617292216,3.206451855305578
2004,f,91,0.28045344236262487,0.5,0.2459628748851508,6668.85498320322,1640.2907438608281,5848.709611272807,20074.271798015936,3.0101526946644976
2004,f,92,0.3034355509232308,0.5,0.26346346074376775,5028.564239342392,1324.842937069499,4366.142770807643,14225.562186743127,2.8289510702568785
2004,f,93,0.32744392521368065,0.5,0.2813764247262097,3703.7213022728934,1042.139858215848,3182.6513731649693,9859.419415935485,2.6620305933615938
2004,f,94,0.3523908880376234,0.5,0.299602323601576,2661.5814440570452,797.4159850943288,2262.873451509881,6676.768042770516,2.5085717582224825
2004,f,95,0.3781697822423442,0.5,0.31803430105463115,1864.1654589627165,592.8685587913933,1567.7311795670198,4413.894591260636,2.3677590259164405
2004,f,96,0.40465615476922107,0.5,0.3365605132082234,1271.2969001713232,427.86833716168417,1057.362731590481,2846.163411693616,2.2387873448838427
2004,f,97,0.4317096999826749,0.5,0.35506680751057634,843.428563009639,299.4734872310654,693.6918193941062,1788.8006801031352,2.1208680361975034
2004,f,98,0.45917692656453785,0.5,0.37343952084489224,543.9550757785736,203.1343228598975,442.3879143486248,1095.108860709029,2.0132340141170264
2004,f,99,0.48689445829837985,0.5,0.3915682522623256,340.8207529186761,133.45458655509591,274.0934596411281,652.7209463604041,1.9151443706720264
2004,f,100,0.5146928283600021,0.5,0.4093484679762398,207.36616636358016,84.8850225110376,164.92365510806135,378.627486719276,1.8258884434185816
2004,f,101,0.5424005852617227,0.5,0.4266838108880362,122.48114385254256,52.26072122092863,96.35078324207825,213.70383161121467,1.7447896458943664
2004,f,102,0.5698485015776085,0.5,0.44348801201921695,70.22042263161393,31.14191563604369,54.64946481359208,117.35304836913642,1.671209656267476
2004,f,103,0.5968736675304204,0.5,0.45968633360438854,39.07850699557024,17.963855603527133,30.09657919380667,62.70358355554433,1.6045542262567023
2004,f,104,0.6233232616506228,0.5,0.4752165093511359,21.114651392043104,10.034030930692827,16.09763592669669,32.60700436173766,1.5442833393889401
2004,f,105,0.6490578186782416,0.5,0.4900291825280671,11.080620461350277,5.429827386579251,8.365706768060651,16.50936843504097,1.4899317680473236
2004,f,106,0.6739538570269598,0.5,0.5040878736600911,5.650793074771026,2.8484962655544948,4.226544941993779,8.143661666980318,1.4411537565123644
2004,f,107,0.6979057791878313,0.5,0.5173685341953836,2.8022968092165312,1.4498201925647574,2.0773867129341523,3.9171167249865397,1.3978236395600403
2004,f,108,0.720827012416964,0.5,0.5298587592135372,1.3524766166517739,0.7166215819644317,0.994165825669558,1.8397300120523874,1.3602675191582023
2004,f,109,0.742650408165322,0.5,0.5415567408477066,0.6358550346873422,0.34435158023688245,0.463679244568901,0.8455641863828295,1.3298065443463916
2004,f,110,0.7633279622543832,0.5,1.0,0.2915034544504597,0.2915034544504597,0.3818849418139285,0.3818849418139285,1.310052886110236
2005,f,0,0.01192409258588975,0.0883836540339791,0.011795869155978097,100000.0,1179.5869155978144,98924.6692862534,7594695.575393062,75.94695575393062
2005,f,1,0.0004496760975947931,0.5,0.0004495750160254019,98820.41308440219,44.42718879604945,98798.19949000416,7495770.906106809,75.852454691772
2005,f,2,0.00027029166352590564,0.5,0.0002702551396702667,98775.98589560614,26.694717864287668,98762.638536674,7396972.706616805,74.88634650971218
2005,f,3,0.000265063446398881,0.5,0.00026502832173870425,98749.29117774185,26.171358913721633,98736.20549828498,7298210.068080131,73.90645523666454
2005,f,4,0.0002527411436860477,0.5,0.00025270920867883696,98723.11981882813,24.94824148771295,98710.64569808426,7199473.862581846,72.92591518373781
2005,f,5,8.504203406523649e-05,0.5,8.50384181452101e-05,98698.17157734041,8.393136384765967,98693.97500914804,7100763.216883762,71.94422250588063
2005,f,6,8.500590131792801e-05,0.5,8.500228846985527e-05,98689.77844095565,8.388857016063412,98685.58401244762,7002069.241874614,70.9502985262433
2005,f,7,8.221149299057995e-05,0.5,8.220811376469569e-05,98681.38958393958,8.112410901376279,98677.3333784889,6903383.657862166,69.9562874719155
2005,f,8,7.913530944619704e-05,0.5,7.913217837148575e-05,98673.27717303821,7.8082313697523205,98669.37305735334,6804706.324483677,68.96199781173394
2005,f,9,0.00015162553189986764,0.5,0.0001516140376203188,98665.46894166846,14.959070119948592,98657.98940660848,6706036.9514263235,67.96741578749265
2005,f,10,7.253639668692457e-05,0.5,7.253376601791203e-05,98650.50987154851,7.155493000565912,98646.93212504822,6607378.962019715,66.97764634590429
2005,f,11,0.00014117265688814236,0.5,0.00014116269273194913,98643.35437854794,13.924761524176574,98636.39199778586,6508732.029894668,65.98246856972382
2005,f,12,0.0,0.5,0.0,98629.42961702376,0.0,98629.42961702376,6410095.637896881,64.99171355636105
2005,f,13,6.714205293706805e-05,0.5,6.713979898509923e-05,98629.42961702376,6.621960078497068,98626.11863698452,6311466.208279857,63.99171355636105
2005,f,14,0.0002677594878772422,0.5,0.00026772364510418934,98622.80765694527,26.403657556322287,98609.60582816711,6212840.089642873,62.99597666347059
2005,f,15,0.0003372267552283498,0.5,0.00033716990387202807,98596.40399938895,33.24374005860591,98579.78212935964,6114230.483814706,62.01271279480537
2005,f,16,0.00026235233325711427,0.5,0.000262317923397485,98563.16025933034,25.854883522726595,98550.23281756898,6015650.701685347,61.03346002560712
2005,f,17,0.00019265894203814152,0.5,0.00019264038509174872,98537.30537580761,18.982264453487005,98527.81424358087,5917100.468867778,60.04934320357937
2005,f,18,0.0003222567639679714,0.5,0.0003222048476222066,98518.32311135413,31.74308128609846,98502.45157071107,5818572.654624197,59.060817022306914
2005,f,19,0.00012829927494028174,0.5,0.0001282910451162469,98486.58003006803,12.634946281978046,98480.26255692705,5720070.203053486,58.07969168293938
2005,f,20,0.0001910765529178741,0.5,0.00019105829953723312,98473.94508378605,18.814264496439137,98464.53795153783,5621589.940496558,57.087079589565114
2005,f,21,0.0003199480095661027,0.5,0.00031989683438838815,98455.13081928961,31.495484678380308,98439.38307695041,5523125.402545021,56.09789308677567
2005,f,22,0.000319477978637384,0.5,0.00031942695369863904,98423.63533461123,31.439162006878178,98407.91575360778,5424686.019468071,55.115684368147384
2005,f,23,0.00038369217415177784,0.5,0.00038361857842857675,98392.19617260435,37.745074424208724,98373.32363539224,5326278.103714463,54.13313566424362
2005,f,24,0.00038846007897587605,0.5,0.0003883846430113275,98354.45109818014,38.19935837833327,98335.35141899098,5227904.780079071,53.153718227357416
2005,f,25,0.00026255890989747424,0.5,0.0002625244458313148,98316.25173980181,25.810419504196034,98303.34653004972,5129569.428660081,52.174176068425666
2005,f,26,0.00046845371467525005,0.5,0.0004683440159282463,98290.44132029761,46.03374001530756,98267.42445028995,5031266.082130031,51.18774536513391
2005,f,27,0.0002719079768169005,0.5,0.00027187101486809647,98244.4075802823,26.70980679396598,98231.05267688533,4932998.65767974,50.21149579072626
2005,f,28,0.00020194121123263107,0.5,0.00020192082316482959,98217.69777348834,19.83219838378136,98207.78167429645,4834767.605002855,49.225014580904705
2005,f,29,0.0005354473152465552,0.5,0.0005353040017012794,98197.86557510456,52.56571040088602,98171.58271990411,4736559.823328558,48.23485516297603
2005,f,30,0.0005405468134869986,0.5,0.0005404007575332534,98145.29986470367,53.03779439521895,98118.78096750606,4638388.240608654,47.26042150773206
2005,f,31,0.00034359739187654625,0.5,0.00034353837243215765,98092.26207030845,33.69845605982118,98075.41284227854,4540269.459641148,46.28570453790608
2005,f,32,0.00041396625148329273,0.5,0.00041388058518608713,98058.56361424863,40.584535691174096,98038.27134640305,4442194.04679887,45.30143908974602
2005,f,33,0.0004169860136345881,0.5,0.0004168990930891305,98017.97907855746,40.86360658428748,97997.54727526531,4344155.775452467,44.31998921310958
2005,f,34,0.0004965569512810692,0.5,0.0004964336974794024,97977.11547197317,48.63914170212229,97952.79590112211,4246158.228177201,43.338265346175
2005,f,35,0.0007005738824213017,0.5,0.0007003285664699105,97928.47633027105,68.58210944496386,97894.18527554857,4148205.4322760785,42.359542267214984
2005,f,36,0.00013778917998751746,0.5,0.00013777968771242304,97859.89422082609,13.483105665320181,97853.15266799342,4050311.24700053,41.38887824526753
2005,f,37,0.0009660545115493741,0.5,0.000965588106176239,97846.41111516076,94.47933080482471,97799.17144975835,3952458.0943325367,40.394512678453516
2005,f,38,0.0011802304527766957,0.5,0.0011795343915721804,97751.93178435594,115.30176538226078,97694.28090166481,3854658.9228827786,39.43307157741175
2005,f,39,0.0007541528280311935,0.5,0.000753868561977204,97636.63001897368,73.6051858687133,97599.82742603932,3756964.6419811137,38.47904870591114
2005,f,40,0.0009398625766009849,0.5,0.0009394211132269895,97563.02483310497,91.65276539851038,97517.1984504057,3659364.8145550746,37.50770151719797
2005,f,41,0.0006805561240284216,0.5,0.0006803246244836617,97471.37206770646,66.3121745998651,97438.21598040653,3561847.616104669,36.54250002380705
2005,f,42,0.0013555837306524613,0.5,0.0013546655493628654,97405.05989310659,131.95127897080965,97339.08425362119,3464409.4001242626,35.56703731742626
2005,f,43,0.0018015225592662742,0.5,0.0017999012778879904,97273.10861413578,175.0819924987154,97185.56761788642,3367070.3158706413,34.61460586427005
2005,f,44,0.0015917009529101116,0.5,0.0015904352042950024,97098.02662163707,154.428119806631,97020.81256173375,3269884.748252755,33.67611950544114
2005,f,45,0.00259724507891202,0.5,0.002593876612278747,96943.59850183043,251.4597328640375,96817.86863539842,3172863.9356910214,32.728968025992074
2005,f,46,0.0023114081880275476,0.5,0.002308739967794754,96692.1387689664,223.2370053474733,96580.52026629266,3076046.067055623,31.8127833991287
2005,f,47,0.002066837699812762,0.5,0.002064703995784042,96468.90176361892,199.17972694024502,96369.31190014881,2979465.5467893304,30.88524376580981
2005,f,48,0.002860184265073272,0.5,0.0028560997792492285,96269.72203667868,274.9559318573447,96132.24407075,2883096.234889182,29.94811010039818
2005,f,49,0.003472179726809609,0.5,0.003466162157822496,95994.76610482133,332.7334256215545,95828.39939201056,2786963.9908184316,29.032457746448497
2005,f,50,0.0035947586844522665,0.5,0.003588309131745346,95662.03267919978,343.2649454240891,95490.40020648774,2691135.591426421,28.1316998610209
2005,f,51,0.005230965223551103,0.5,0.005217319415340202,95318.76773377569,497.3084575437242,95070.11350500383,2595645.1912199333,27.231208007950155
2005,f,52,0.004486201753365092,0.5,0.004476161272091491,94821.45927623197,424.43614377547055,94609.24120434423,2500575.0777149294,26.37140470945827
2005,f,53,0.004697199311005464,0.5,0.004686193318990863,94397.0231324565,442.3626991359488,94175.84178288851,2405965.836510585,25.487729979944067
2005,f,54,0.0055583792085772635,0.5,0.005542974232214254,93954.66043332055,520.7882617783325,93694.26630243138,2311789.9947276968,24.605378637586263
2005,f,55,0.0053511455613780385,0.5,0.0053368663869389705,93433.87217154221,498.64409179385984,93184.55012564528,2218095.7284252653,23.73973888562488
2005,f,56,0.005396141708411679,0.5,0.005381621711722918,92935.22807974835,500.1422412178945,92685.1569591394,2124911.17829962,22.864431736006704
2005,f,57,0.005752009318578917,0.5,0.005735513953724586,92435.08583853046,530.1627246406279,92170.00447621015,2032226.0213404805,21.985439867394717
2005,f,58,0.00582388577552519,0.5,0.005806976192502027,91904.92311388983,533.689700496092,91638.07826364179,1940056.0168642704,21.109380772345858
2005,f,59,0.007838719365584425,0.5,0.007808116548386137,91371.23341339374,713.4372396615654,91014.51479356296,1848417.9386006286,20.229757983431977
2005,f,60,0.008055208127893844,0.5,0.008022895083052721,90657.79617373217,727.3379871626385,90294.12718015086,1757403.4238070657,19.385022557125296
2005,f,61,0.008571974693310854,0.5,0.008535392110725543,89930.45818656954,767.5917233195796,89546.66232490975,1667109.2966269148,18.53776051233202
2005,f,62,0.01128291491011197,0.5,0.011219619901774211,89162.86646324996,1000.3734710703138,88662.6797277148,1577562.634302005,17.69304528754944
2005,f,63,0.00996342417421919,0.5,0.009914035304709686,88162.49299217964,874.0460680756951,87725.4699581418,1488899.9545742902,16.888133536631745
2005,f,64,0.012940842624990265,0.5,0.012857648223893818,87288.44692410395,1122.3241445601598,86727.28485182388,1401174.4846161483,16.052232958554633
2005,f,65,0.015277581191444668,0.5,0.015161763653831218,86166.12277954379,1306.4303885504487,85512.90758526856,1314447.1997643244,15.254802669110926
2005,f,66,0.016389575487339117,0.5,0.016256358083360886,84859.69239099334,1379.5095463518373,84169.93761781743,1228934.2921790557,14.481955538051064
2005,f,67,0.018876757895417862,0.5,0.018700257776107124,83480.1828446415,1561.1009383913624,82699.63237544583,1144764.3545612383,13.7130072737343
2005,f,68,0.0232961249983046,0.5,0.02302789464228734,81919.08190625014,1886.4239873300394,80975.86991258513,1062064.7221857924,12.964802552367967
2005,f,69,0.028792005719242942,0.5,0.0283833982370565,80032.6579189201,2271.5988016828196,78896.85851807869,981088.8522732072,12.258606396243065
2005,f,70,0.032353751427461414,0.5,0.03183870072297912,77761.05911723728,2475.8110891356046,76523.15357266949,902191.9937551285,11.602105269617395
2005,f,71,0.03270562350352682,0.5,0.03217939983572842,75285.24802810168,2422.6340980282694,74073.93097908754,825668.840182459,10.967206216472343
2005,f,72,0.03671969652315489,0.5,0.036057682935789724,72862.6139300734,2627.2570309634466,71548.98541459168,751594.9092033715,10.315233954201542
2005,f,73,0.04313979754213517,0.5,0.042228923927801386,70235.35689910996,2965.963543534497,68752.3751273427,680045.9237887799,9.682387245011602
2005,f,74,0.04646431856300384,0.5,0.04540936105412322,67269.39335557546,3054.6601707751615,65742.06327018788,611293.5486614371,9.087246341441423
2005,f,75,0.05174221276082983,0.5,0.05043734289719114,64214.7331848003,3238.820516693413,62595.32292645359,545551.4853912492,8.495737011337171
2005,f,76,0.06635657741102384,0.5,0.06422567928151415,60975.91266810689,3916.219410919446,59017.80296264717,482956.16246479563,7.920441717593235
2005,f,77,0.06204673093165575,0.5,0.060179752476921165,57059.69325718744,3433.8382166265874,55342.774148874145,423938.35950214847,7.429734288814244
2005,f,78,0.08284832422086469,0.5,0.07955291151779469,53625.855040560855,4266.092901107819,51492.80859000694,368595.5853532743,6.873467753091873
2005,f,79,0.08369859281943375,0.5,0.08033656413443362,49359.762139453036,3965.393696776555,47377.06529106476,317102.77676326735,6.42431735929717
2005,f,80,0.10796188879927529,0.5,0.10243248644383404,45394.36844267648,4649.858030130868,43069.43942761105,269725.71147220256,5.941832009686604
2005,f,81,0.11937297003894687,0.5,0.11264932763274149,40744.51041254561,4589.841702698497,38449.589561196364,226656.2720445915,5.562866500288145
2005,f,82,0.13181193155429896,0.5,0.12366187617516072,36154.668709847116,4470.95416515107,33919.19162727158,188206.68248339513,5.205598314115792
2005,f,83,0.1453331520232093,0.5,0.13548772309433552,31683.714544696046,4292.754342831748,29537.33737328017,154287.49085612354,4.869614976440689
2005,f,84,0.1599857839552178,0.5,0.14813596010086955,27390.960201864298,4057.5861875878763,25362.16710807036,124750.15348284337,4.554427904807534
2005,f,85,0.17581181774187624,0.5,0.16160572004277382,23333.37401427642,3770.8067086044903,21447.970659974177,99387.98637477301,4.259477704080126
2005,f,86,0.19284398308664574,0.5,0.1758848185954376,19562.56730567193,3440.758601819145,17842.18800476236,77940.01571479884,3.984140450328371
2005,f,87,0.21110354728641567,0.5,0.19094858542060883,16121.808703852786,3078.436566422348,14582.590420641613,60097.82771003648,3.7277348226861364
2005,f,88,0.2305980922138793,0.5,0.20675897914447652,13043.372137430439,2696.834307736626,11694.954983562126,45515.23728939486,3.489529916790477
2005,f,89,0.25131937399325766,0.5,0.2232640796294327,10346.537829693812,2310.010245897697,9191.532706744963,33820.282305832734,3.26875355433109
2005,f,90,0.2732413888301919,0.5,0.240398041468708,8036.527583796115,1931.9654913538343,7070.544838119198,24628.749599087772,3.064600891652038
2005,f,91,0.29631878231187825,0.5,0.2580815735118028,6104.562092442281,1575.474990418007,5316.824597233277,17558.204760968576,2.8762431268749666
2005,f,92,0.3204857445923104,0.5,0.2762229807609674,4529.087102024274,1251.0379394471965,3903.5681323006756,12241.380163735297,2.702836109789988
2005,f,93,0.34565552731829174,0.5,0.2947197687748021,3278.0491625770774,966.1058912271501,2794.9962169635023,8337.812031434622,2.5435286714491343
2005,f,94,0.37172069783838124,0.5,0.3134607697923053,2311.9432713499273,724.7035175534888,1949.5915125731829,5542.815814471119,2.397470510266763
2005,f,95,0.3985542114701324,0.5,0.3323287083228766,1587.2397537964384,527.4853371778909,1323.497085207493,3593.224301897936,2.2638194975292705
2005,f,96,0.4260113345718785,0.5,0.3512030867300604,1059.7544166185476,372.1890222922483,873.6599054724234,2269.727216690443,2.1417482966786427
2005,f,97,0.45393239319980744,0.5,0.3699632430442812,687.5653943262993,254.37392308997767,560.3784327813105,1396.0673112180195,2.030450227335736
2005,f,98,0.4821462595607848,0.5,0.38849141762186123,433.1914712363216,168.2911687622983,349.04588685517245,835.688878436709,1.929144348229355
2005,f,99,0.5104744280705815,0.5,0.40667566445829545,264.9003024740233,107.72850652382687,211.03604921210987,486.64299158153665,1.8370797882696186
2005,f,100,0.5387354818594796,0.5,0.42441245707480046,157.17179595019644,66.70566810208204,123.81896189915543,275.6069423694268,1.7535394356425074
2005,f,101,0.5667497156019096,0.5,0.44160886599650817,90.4661278481144,39.950644130100926,70.49080578306393,151.78798047027138,1.6778432334929998
2005,f,102,0.5943436662899745,0.5,0.45818422132169717,50.51548371801347,23.14539757202687,38.94278493200004,81.29717468720744,1.6093516027882246
2005,f,103,0.6213543119837487,0.5,0.47407121512965533,27.3700861459866,12.975369997431214,20.882401147270993,42.35438975520741,1.547470093053325
2005,f,104,0.6476327284938725,0.5,0.48921643967007744,14.394716148555387,7.042131784257636,10.873650256426568,21.47198860793641,1.4916576600985132
2005,f,105,0.6730470413258133,0.5,0.5035803941497314,7.352584364297751,3.7026173321922142,5.501275698201644,10.598338351509843,1.4414439639717205
2005,f,106,0.6974845688509156,0.5,0.517137022324493,3.649967032105537,1.8875330825656245,2.7062004908227246,5.0970626533082,1.3964681347732295
2005,f,107,0.7208531153661312,0.5,0.5298728632538693,1.7624339495399126,0.9338659231385389,1.2955009879706432,2.390862162485475,1.3565683769934274
2005,f,108,0.7430814324554148,0.5,0.5417859081130233,0.8285680264013737,0.4489064806172837,0.6041147860927318,1.095361174514832,1.3219930526069066
2005,f,109,0.7641189180918722,0.5,0.5528842576855261,0.37966154578409,0.20990889191257597,0.274707099827802,0.4912463884221,1.2939060957768613
2005,f,110,0.783934661342487,0.5,1.0,0.16975265387151403,0.16975265387151403,0.21653928859429797,0.21653928859429797,1.275616514120579
2006,f,0,0.010210652193910404,0.08286808941219759,0.010115921495780085,100000.0,1011.5921495780058,99072.2365591219,7615517.507614032,76.15517507614032
2006,f,1,0.0005499541704857929,0.5,0.0005498029872628975,98988.407850422,54.42412234056974,98961.19578925171,7516445.2710549105,75.93258073624898
2006,f,2,0.0003620564808110065,0.5,0.0003619909502262443,98933.98372808142,35.8132067793922,98916.07712469173,7417484.075265659,74.97407660902954
2006,f,3,0.00027151778441487917,0.5,0.00027148092846477533,98898.17052130203,26.848967156591243,98884.74603772373,7318567.998140967,74.00104531321533
2006,f,4,0.0,0.5,0.0,98871.32155414544,0.0,98871.32155414544,7219683.252103244,73.02100486387744
2006,f,5,0.00025466893039049235,0.5,0.00025463650638713235,98871.32155414544,25.176247902432806,98858.73343019423,7120811.930549098,72.02100486387744
2006,f,6,0.00017164435290078958,0.5,0.00017162962327297692,98846.14530624301,16.964926680899225,98837.66284290256,7021953.1971189035,71.03922136127451
2006,f,7,0.00017164435290078958,0.5,0.00017162962327297692,98829.18037956211,16.962014996926882,98820.69937206365,6923115.534276001,70.05133005947404
2006,f,8,8.309788931361143e-05,0.5,8.30944368274544e-05,98812.21836456518,8.210745636664797,98808.11299174685,6824294.834903938,69.06326917715656
2006,f,9,8.003201280512204e-05,0.5,8.002881037173383e-05,98804.00761892852,7.907167189696338,98800.05403533367,6725486.721912191,68.06896687684302
2006,f,10,0.00023025558369790466,0.5,0.00023022907793254286,98796.10045173882,22.745735110336682,98784.72758418365,6626686.667876857,67.07437477366777
2006,f,11,0.0,0.5,0.0,98773.35471662848,0.0,98773.35471662848,6527901.940292674,66.08970566020173
2006,f,12,0.0,0.5,0.0,98773.35471662848,0.0,98773.35471662848,6429128.585576045,65.08970566020172
2006,f,13,7.055171440666009e-05,0.5,7.05492257222477e-05,98773.35471662848,6.968383697254467,98769.87052477986,6330355.230859417,64.08970566020172
2006,f,14,0.0003405994550408719,0.5,0.0003405414609228674,98766.38633293123,33.63404949188407,98749.56930818528,6231585.360334637,63.094192181220535
2006,f,15,0.0001359064963305246,0.5,0.00013589726167017734,98732.75228343935,13.41751067248697,98726.0435281031,6132835.791026452,62.11551536029777
2006,f,16,0.00013689253935660506,0.5,0.00013688317021422216,98719.33477276686,13.51301550513017,98712.5782650143,6034109.747498348,61.123889878185686
2006,f,17,0.0004659211927582535,0.5,0.00046581267675927467,98705.82175726173,45.978423044478404,98682.83254573948,5935397.169233334,60.1321894044884
2006,f,18,0.00019555439671468613,0.5,0.00019553527782304058,98659.84333421725,19.29147987633769,98650.19759427907,5836714.336687595,59.15997977936483
2006,f,19,0.0002615404733882568,0.5,0.0002615062761506276,98640.55185434091,25.79512339287612,98627.65429264447,5738064.139093315,58.171452118055015
2006,f,20,0.00039052330122363966,0.5,0.0003904470618858593,98614.75673094804,38.50384202419082,98595.50480993594,5639436.484800671,57.1865375096632
2006,f,21,0.00032299741602067185,0.5,0.0003229452607782981,98576.25288892385,31.83473369575222,98560.33552207597,5540840.979990736,56.208679246858566
2006,f,22,0.00032425421530479895,0.5,0.0003242016534284325,98544.4181552281,31.948263302067062,98528.44402357706,5442280.64446866,55.22667591274351
2006,f,23,0.000194149624644059,0.5,0.0001941307794350794,98512.46989192603,19.124302564188838,98502.90774064393,5343752.200445082,54.244424145567486
2006,f,24,0.0002589164347206939,0.5,0.00025888292019933984,98493.34558936184,25.498244926377083,98480.59646689866,5245249.292704438,53.25485961836362
2006,f,25,0.00026196869474097846,0.5,0.0002619343854364482,98467.84734443546,25.792115079413634,98454.95128689575,5146768.696237539,52.2685204870419
2006,f,26,0.000265375174152458,0.5,0.00026533996683250415,98442.05522935605,26.12061166948115,98428.9949235213,5048313.744950643,51.28208399538985
2006,f,27,0.00027052617340727714,0.5,0.0002704895861509332,98415.93461768657,26.620485425402876,98402.62437497386,4949884.750027122,50.29556208814956
2006,f,28,0.00020594494405162353,0.5,0.00020592373957511068,98389.31413226116,20.26069550034299,98379.183784511,4851482.125652148,49.309034913389866
2006,f,29,0.0004078303425774878,0.5,0.00040774719673802244,98369.05343676082,40.10970578460547,98348.99858386852,4753102.941867637,48.31908792253752
2006,f,30,6.754474839581223e-05,0.5,6.754246732633144e-05,98328.94373097621,6.641379469176172,98325.62304124163,4654753.943283769,47.33859397512676
2006,f,31,0.0007495230307985827,0.5,0.0007492422436399551,98322.30235150704,73.66722241368552,98285.46874030019,4556428.320242528,46.34175778302133
2006,f,32,0.0009009633377226419,0.5,0.000900557653008209,98248.63512909335,88.47856026311638,98204.3958489618,4458142.851502228,45.37613011768022
2006,f,33,0.0004868549172346641,0.5,0.0004867364322219518,98160.15656883024,47.77812439466652,98136.2675066329,4359938.455653266,44.416580087625086
2006,f,34,0.0007700385019250962,0.5,0.0007697421363843113,98112.37844443557,75.52123178957845,98074.61782854078,4261802.188146633,43.437966296579376
2006,f,35,0.0006432246998284735,0.5,0.0006430178973314757,98036.85721264599,63.0394537858665,98005.33748575306,4163727.5703180926,42.47104291895848
2006,f,36,0.0004937226689236846,0.5,0.0004936008179670698,97973.81775886012,48.35995658513275,97949.63778056756,4065722.2328323396,41.4980484157428
2006,f,37,0.0006933851060879212,0.5,0.0006931447979482913,97925.45780227499,67.8765216623433,97891.51954144382,3967772.595051772,40.51829507974578
2006,f,38,0.0009027150892299146,0.5,0.0009023078257851813,97857.58128061265,88.29766140189895,97813.43244991169,3869881.075510328,39.54605279291755
2006,f,39,0.0016760946993505132,0.5,0.0016746912288046892,97769.28361921075,163.7333617236145,97687.41693834894,3772067.6430604164,38.58131617034003
2006,f,40,0.0008964280788856709,0.5,0.00089602646724334,97605.55025748714,87.45715638055117,97561.82167929686,3674380.2261220673,37.645197598178726
2006,f,41,0.001079476453919849,0.5,0.0010788941335131493,97518.09310110658,105.21169855816697,97465.4872518275,3576818.4044427704,36.678510527624155
2006,f,42,0.0015045821365066339,0.5,0.0015034511036697874,97412.88140254842,146.45550405631366,97339.65365052025,3479352.917190943,35.717585468115715
2006,f,43,0.0014336917562724014,0.5,0.0014326647564469916,97266.4258984921,139.3501803703257,97196.75080830694,3382013.2635404225,34.77061311032354
2006,f,44,0.0024621623578825404,0.5,0.0024591349631129756,97127.07571812178,238.84858776336478,97007.65142424009,3284816.5127321156,33.819781852232175
2006,f,45,0.0022940563086548487,0.5,0.002291427976252474,96888.22713035841,222.0123942160135,96777.22093325041,3187808.8613078753,32.901921685684606
2006,f,46,0.001578694488297069,0.5,0.0015774493330132711,96666.2147361424,152.48605596044217,96589.97170816218,3091031.6403746246,31.976338877153974
2006,f,47,0.00260196905766526,0.5,0.002598588334445342,96513.72868018196,250.79944946215255,96388.32895545088,2994441.6686664624,31.026069654703313
2006,f,48,0.0029312933438192606,0.5,0.002927003391040514,96262.9292307198,281.76192028980586,96122.0482705749,2898053.3397110114,30.10560101246299
2006,f,49,0.002798708288482239,0.5,0.0027947973771901536,95981.16731043,268.24791465883027,95847.04335310058,2801931.2914404366,29.192511093121066
2006,f,50,0.0030496659889631137,0.5,0.0030450228376712827,95712.91939577117,291.4480254203081,95567.19538306101,2706084.248087336,28.272925590094342
2006,f,51,0.003684438664932813,0.5,0.0036776636019469986,95421.47137035086,350.9280721029645,95246.00733429939,2610517.0527042747,27.357753084442674
2006,f,52,0.0039384435854423454,0.5,0.003930703159120687,95070.5432982479,373.6940848817467,94883.69625580702,2515271.0453699753,26.456891462997778
2006,f,53,0.004133146357664773,0.5,0.004124622523385137,94696.84921336615,390.5887571590574,94501.55483478663,2420387.3491141684,25.55932292594735
2006,f,54,0.005184554669968274,0.5,0.0051711496160228455,94306.26045620709,487.67178254666214,94062.42456493375,2325885.7942793816,24.663111261414624
2006,f,55,0.0053454603478538375,0.5,0.005331211458126119,93818.58867366043,500.1667349222407,93568.50530619931,2231823.3697144478,23.78871182423822
2006,f,56,0.005533596837944664,0.5,0.005518328734726055,93318.42193873819,514.9617292638286,93060.94107410627,2138254.8644082486,22.91353432671604
2006,f,57,0.0071052211400287404,0.5,0.007080068414144227,92803.46020947436,657.0548473523959,92474.93278579816,2045193.9233341424,22.03790590046714
2006,f,58,0.006542526421741319,0.5,0.0065211938801103585,92146.40536212196,600.9045747216442,91845.95307476114,1952718.9905483443,21.191483084711148
2006,f,59,0.008687164470473402,0.5,0.00864959424656203,91545.50078740032,791.8314369093277,91149.58506894566,1860873.0374735831,20.327301958783984
2006,f,60,0.0091991341991342,0.5,0.00915701589011581,90753.66935049099,831.0327923287696,90338.15295432661,1769723.4524046374,19.50029640752
2006,f,61,0.010838933448948623,0.5,0.01078050884001725,89922.63655816222,969.4117783329275,89437.93066899576,1679385.2994503106,18.67589034007115
2006,f,62,0.01212383632820957,0.5,0.012050785452980417,88953.2247798293,1071.9562271724717,88417.24666624307,1589947.368781315,17.87397109791848
2006,f,63,0.010565958782299404,0.5,0.010510432384619387,87881.26855265682,923.6701309972705,87419.43348715818,1501530.1221150719,17.085894944898104
2006,f,64,0.015772179627601315,0.5,0.015648772006085634,86957.59842165955,1360.7796318972978,86277.20860571091,1414110.6886279136,16.262071564705085
2006,f,65,0.014036676477247,0.5,0.01393884892086331,85596.81878976226,1193.1211252170033,85000.25822715375,1327833.4800222027,15.512649871761557
2006,f,66,0.018198157717366884,0.5,0.018034064343760436,84403.69766454525,1522.1417145337036,83642.6268072784,1242833.221795049,14.724866992611812
2006,f,67,0.019885687068349606,0.5,0.019689913340800565,82881.55595001155,1631.9306542064442,82065.59062290832,1159190.5949877705,13.986110440384524
2006,f,68,0.020702179176755448,0.5,0.020490084476664068,81249.6252958051,1664.8116860083537,80417.21945280093,1077125.004364862,13.256984268461283
2006,f,69,0.024834437086092714,0.5,0.024529844644317247,79584.81360979675,1952.2031138952589,78608.71205284912,996707.7849120612,12.523843930814563
2006,f,70,0.02614765735920492,0.5,0.02581021897810219,77632.61049590149,2003.7146767409286,76630.75315753103,918099.072859212,11.826203794959103
2006,f,71,0.03061099546957267,0.5,0.03014954172696575,75628.89581916056,2280.176550264121,74488.8075440285,841468.319701681,11.126280644289073
2006,f,72,0.03788456648868548,0.5,0.037180286961946356,73348.71926889644,2727.126430708813,71985.15605354204,766979.5121576525,10.456617645168489
2006,f,73,0.04061052057781412,0.5,0.039802324028315746,70621.59283818763,2810.9035215413314,69216.14107741696,694994.3561041105,9.841102815346046
2006,f,74,0.04533050333535476,0.5,0.04432584686087021,67810.6893166463,3005.7662301797172,66307.80620155644,625778.2150266935,9.228312251842517
2006,f,75,0.05050183208539111,0.5,0.04925802190971953,64804.92308646658,3192.1623212508566,63208.84192584115,559470.4088251371,8.633146714465788
2006,f,76,0.06321334503950835,0.5,0.061276595744680855,61612.760765215724,3775.420234123856,59725.050648153796,496261.56689929595,8.054525730317003
2006,f,77,0.07189676362146662,0.5,0.06940187839841819,57837.34053109187,4014.020074426742,55830.3304938785,436536.51625114214,7.547658869558004
2006,f,78,0.07550930026572188,0.5,0.07276218926704363,53823.320456665126,3916.302630048609,51865.16914164082,380706.1857572636,7.073257140718071
2006,f,79,0.09301769488283118,0.5,0.08888381126470925,49907.01782661652,4435.925953285463,47689.054849973785,328841.0166156228,6.58907366010246
2006,f,80,0.1034170607361862,0.5,0.09833243503310818,45471.091873331054,4471.28318751882,43235.45027957164,281151.96176564903,6.1830923820535215
2006,f,81,0.11391280709873601,0.5,0.10777436677256047,40999.80868581223,4418.728418909537,38790.444476357465,237916.51148607742,5.802868820907625
2006,f,82,0.12532486618330307,0.5,0.11793478557314746,36581.080266902696,4314.181857311265,34423.98933824706,199126.06700971996,5.443416803354558
2006,f,83,0.13770253999819373,0.5,0.1288322742960394,32266.89840959143,4157.01790658692,30188.38945629797,164702.0776714729,5.104366573470065
2006,f,84,0.15109152022517822,0.5,0.14047893249038684,28109.88050300451,3948.8460054944117,26135.457500257304,134513.68821517495,4.785281396012961
2006,f,85,0.16553241944051725,0.5,0.15287918846607143,24161.0344975101,3693.7193464800985,22314.17482427005,108378.23071491765,4.485661850534028
2006,f,86,0.1810591590653809,0.5,0.16602865475961476,20467.31515103,3398.160801066595,18768.234750496704,86064.05589064759,4.2049509305726644
2006,f,87,0.1976972486280536,0.5,0.1799130874386535,17069.154349963406,3070.96425906884,15533.672220428987,67295.82114015089,3.9425398447050286
2006,f,88,0.21546200611320873,0.5,0.19450751628209034,13998.190090894566,2722.753187024471,12636.81349738233,51762.148919721905,3.69777439680518
2006,f,89,0.23435678502645088,0.5,0.2097756156017639,11275.436903870095,2365.311717688195,10092.781045025997,39125.33542233957,3.4699618077691063
2006,f,90,0.254371289003571,0.5,0.22566938307309858,8910.1251861819,2010.742453869747,7904.753959247027,29032.554377313572,3.258377830912877
2006,f,91,0.2754800676569052,0.5,0.24212918546069356,6899.382732312153,1670.5419211563158,6064.111771733995,21127.800418066545,3.0622740088208005
2006,f,92,0.29764129592256133,0.5,0.2590842151477355,5228.840811155837,1354.7101176907586,4551.485752310458,15063.68864633255,2.880884920840173
2006,f,93,0.32079594142927353,0.5,0.27645338024135785,3874.130693465079,1071.0165257052167,3338.6224306124705,10512.202894022092,2.7134352776880184
2006,f,94,0.3448674185429365,0.5,0.2941466249356065,2803.114167759862,824.526571755745,2390.8508818819896,7173.580463409622,2.559146732557976
2006,f,95,0.36976181249558876,0.5,0.31206664783427646,1978.5875960041171,617.4511985314844,1669.861996738375,4782.729581527633,2.4172442964803063
2006,f,96,0.3953687320319523,0.5,0.330110956818383,1361.1363974726328,449.3260385300176,1136.473378207624,3112.867584789258,2.2869622695927108
2006,f,97,0.4215628151342164,0.5,0.34817417289326114,911.8103589426152,317.4688175603526,753.0759501624389,1976.3942065816343,2.1675496304665463
2006,f,98,0.44820587177266497,0.5,0.3661504752850984,594.3415413822626,217.6184378587934,485.53232245286586,1223.3182564191954,2.0582748659535377
2006,f,99,0.4751496036767589,0.5,0.38393606832567917,376.72310352346915,144.63758721424855,304.40430991634486,737.7859339663296,1.958430282257342
2006,f,100,0.5022387981499964,0.5,0.401431548836443,232.0855163092206,93.166448274516,185.5022921719626,433.3816240499847,1.8673359326420265
2006,f,101,0.5293148556549211,0.5,0.4185440610302069,138.9190680347046,58.14375088977687,109.84719258981616,247.87933187802204,1.7843434697970846
2006,f,102,0.5562194836432366,0.5,0.4351891433442077,80.77531714492773,35.15254107165779,63.19904660909883,138.03213928820588,1.7088405736686556
2006,f,103,0.582798375243225,0.5,0.45129219596039294,45.62277607326994,20.589202799915263,35.328174673312304,74.83309267910707,1.640257325834919
2006,f,104,0.6089046926871633,0.5,0.4667895261900069,25.033573273354676,11.68540980711205,19.19086836979865,39.504918005794764,1.5780774711792003
2006,f,105,0.634402191604022,0.5,0.48162895827060503,13.348163466242626,6.428862065072185,10.133732433706534,20.31404963599611,1.5218610176126581
2006,f,106,0.6591678514794959,0.5,0.4957700215221473,6.919301401170442,3.4303822045764933,5.2041102988821955,10.180317202289576,1.471292636647901
2006,f,107,0.6830939161384819,0.5,0.5091837538967648,3.4889191965939483,1.7765009735641915,2.6006687098118526,4.9762069034073795,1.426288951680335
2006,f,108,0.7060892915602264,0.5,0.5218521752126831,1.7124182230297569,0.8936291745619162,1.2656036357487987,2.375538193595527,1.3872418324260305
2006,f,109,0.7280802920166369,0.5,0.5337674951483407,0.8187890484678407,0.43704297945557263,0.6002675587400544,1.1099345578467283,1.3555806100773988
2006,f,110,0.7490107652278426,0.5,1.0,0.3817460690122681,0.3817460690122681,0.509666999106674,0.509666999106674,1.3350942956017575
2007,f,0,0.00979938984931127,0.08154423592493298,0.0097119790649721,100000.0,971.1979064972111,99107.99768472,7582205.197057572,75.82205197057573
2007,f,1,0.0006480881399870382,0.5,0.0006478781988986072,99028.80209350279,64.15860193941626,98996.72279253308,7483097.199372852,75.5648562961241
2007,f,2,0.0003691058410999354,0.5,0.00036903773410831256,98964.64349156337,36.521687790969736,98946.3826476679,7384100.476580319,74.61352070863374
2007,f,3,9.106638739641199e-05,0.5,9.106224104175205e-05,98928.1218037724,9.008616473496659,98923.61749553565,7285154.093932651,73.64088149154418
2007,f,4,0.00036383481899217757,0.5,0.0003637686431429611,98919.1131872989,35.9836715850397,98901.12135150639,7186230.476437115,72.64754247068825
2007,f,5,0.0001785873738726672,0.5,0.00017857142857142857,98883.12951571387,17.657701699237805,98874.30066486425,7087329.355085609,71.6737970349061
2007,f,6,0.00017110103516126274,0.5,0.00017108639863130885,98865.47181401463,16.914537521646707,98857.0145452538,6988455.054420744,70.68650891149744
2007,f,7,0.00017322016282695306,0.5,0.00017320516151381313,98848.55727649298,17.1210803284921,98839.99673632873,6889598.039875491,69.69851892328928
2007,f,8,0.0002600780234070221,0.5,0.00026004420751527755,98831.43619616449,25.700542503225734,98818.58592491288,6790758.043139162,68.71050654025305
2007,f,9,0.00016795431642593214,0.5,0.00016794021328407085,98805.73565366126,16.593456319358665,98797.43892550158,6691939.457214248,67.7282489011687
2007,f,10,8.093889113719143e-05,0.5,8.093561571769657e-05,98789.1421973419,7.995560049967025,98785.14441731691,6593142.0182887465,66.73954112404618
2007,f,11,0.0002332452184730213,0.5,0.00023321801997901035,98781.14663729194,23.037543430007645,98769.62786557694,6494356.87387143,65.74490269603405
2007,f,12,0.0,0.5,0.0,98758.10909386193,0.0,98758.10909386193,6395587.246005853,64.76012253259469
2007,f,13,0.00021772262138036142,0.5,0.00021769892239033417,98758.10909386193,21.49953392703901,98747.35932689841,6296829.136911991,63.76012253259469
2007,f,14,7.160246312473149e-05,0.5,7.159989976014033e-05,98736.60955993489,7.0695313471514964,98733.07479426131,6198081.777585093,62.773897191828794
2007,f,15,6.914194842010648e-05,0.5,6.913955819822312e-05,98729.54002858774,6.8261167786840815,98726.1269701984,6099348.702790831,61.778356315898236
2007,f,16,0.00041385018623258383,0.5,0.00041376456796083034,98722.71391180906,40.84796106963768,98702.28993127424,6000622.575820633,60.78259336732889
2007,f,17,0.00020843465573542694,0.5,0.00020841293549619643,98681.86595073942,20.566577363031683,98671.5826620579,5901920.285889359,59.80754649324845
2007,f,18,0.0002702885330089871,0.5,0.00027025200999932435,98661.29937337639,26.663414464797825,98647.96766614399,5803248.703227301,58.81990952972691
2007,f,19,0.0003970617431010522,0.5,0.0003969829297340215,98634.63595891159,39.15626675621024,98615.05782553348,5704600.735561158,57.83567486311333
2007,f,20,0.0003981155862252007,0.5,0.0003980363539869975,98595.47969215538,39.24458525626687,98575.85739952725,5605985.677735624,56.858445186728545
2007,f,21,0.00033025099075297226,0.5,0.0003301964668978042,98556.23510689911,32.542920623047394,98539.9636465876,5507409.820336097,55.88088682935666
2007,f,22,0.00045877572421025033,0.5,0.00045867051076237586,98523.69218627606,45.18991221727629,98501.09723016742,5408869.856689509,54.899179442677664
2007,f,23,0.00032868787799105966,0.5,0.0003286338690065398,98478.50227405879,32.36337121628458,98462.32058845065,5310368.759459342,53.92414219177457
2007,f,24,0.0003932878867330886,0.5,0.0003932105642571597,98446.1389028425,38.71006182691781,98426.78387192904,5211906.438870891,52.94170494603729
2007,f,25,0.00045871559633027525,0.5,0.0004586104104563174,98407.42884101559,45.1306713327358,98384.86350534922,5113479.654998962,51.96233368986972
2007,f,26,0.00046382189239332097,0.5,0.0004637143519591932,98362.29816968285,45.61200935297529,98339.49216500636,5015094.791493612,50.98594568055101
2007,f,27,0.0004024954719259408,0.5,0.00040241448692152917,98316.68616032987,39.5640588170354,98296.90413092135,4916755.299328606,50.00936759921515
2007,f,28,0.0002734294893704286,0.5,0.00027339211263755045,98277.12210151284,26.868190035267617,98263.68800649521,4818458.395197684,49.029298906622245
2007,f,29,0.00041611762258131634,0.5,0.00041603106365275275,98250.25391147757,40.87515763894771,98229.8163326581,4720194.707191189,48.04257006240446
2007,f,30,0.00020597322348094748,0.5,0.00020595201318092884,98209.37875383862,20.226419267608435,98199.26554420483,4621964.890858531,47.062357480576935
2007,f,31,0.00020452686119443688,0.5,0.00020450594771464605,98189.15233457102,20.080265653479728,98179.11220174428,4523765.625314326,46.0719490672451
2007,f,32,0.00048123195380173246,0.5,0.0004811161895597787,98169.07206891754,47.230729886417976,98145.45670397433,4425586.513112581,45.08127070820932
2007,f,33,0.00041943376441803563,0.5,0.00041934582051998876,98121.84133903112,41.14698406725074,98101.26784699749,4327441.056408607,44.1027298036164
2007,f,34,0.00042075736325385696,0.5,0.0004206688634929538,98080.69435496387,41.259494224897935,98060.06460785141,4229339.78856161,43.12102209691955
2007,f,35,0.0008463817181548879,0.5,0.0008460236886632825,98039.43486073897,82.94368431533803,97997.9630185813,4131279.7239537584,42.13895897933391
2007,f,36,0.0007201497911565605,0.5,0.0007198905766323518,97956.49117642363,70.51795491787198,97921.23219896469,4033281.760935177,41.17421635357551
2007,f,37,0.000852575488454707,0.5,0.0008522122008380086,97885.97322150576,83.41962067026179,97844.26341117063,3935360.5287362123,40.203518432931155
2007,f,38,0.0009076944560815529,0.5,0.0009072826883483964,97802.5536008355,88.73456375830574,97758.18631895634,3837516.2653250415,39.23738311565168
2007,f,39,0.0012580374615599665,0.5,0.0012572466298805616,97713.81903707719,122.85036967712222,97652.39385223863,3739758.079006085,38.272560788838334
2007,f,40,0.0009839752600506045,0.5,0.0009834913944502986,97590.96866740007,95.97987786045996,97542.97872846984,3642105.6851538466,37.320109994670844
2007,f,41,0.0014569168863604828,0.5,0.0014558563555062568,97494.98878953961,141.93869905926113,97424.01944000999,3544562.7064253767,36.35635790550169
2007,f,42,0.0012891844212240466,0.5,0.0012883539582980166,97353.05009048035,125.42518743645633,97290.33749676212,3447138.6869853665,35.40863572103371
2007,f,43,0.0014431006047278725,0.5,0.00144206008583691,97227.62490304389,140.20807711340603,97157.52086448719,3349848.3494886043,34.4536684180972
2007,f,44,0.0012972972972972972,0.5,0.001296456352636128,97087.41682593049,125.86959830499836,97024.48202677799,3252690.828624117,33.50270235797824
2007,f,45,0.0026926715668437523,0.5,0.0026890512009884082,96961.54722762549,260.7345650221396,96831.17994511442,3155666.346597339,32.545544464024935
2007,f,46,0.003004051977085371,0.5,0.002999546580168114,96700.81266260335,290.05859192158096,96555.78336664256,3058835.1666522245,31.631948919857976
2007,f,47,0.002621955426757745,0.5,0.0026185226019845645,96410.75407068177,252.45373860845575,96284.52720137754,2962279.383285582,30.72561159633542
2007,f,48,0.002331002331002331,0.5,0.002328288707799767,96158.30033207331,223.8842848243803,96046.35818966111,2865994.8560842047,29.804965834324975
2007,f,49,0.0025826816844823877,0.5,0.002579350863366053,95934.41604724893,247.44851885798562,95810.69178781993,2769948.4978945437,28.87335548621371
2007,f,50,0.0033136435672093357,0.5,0.0033081625314635025,95686.96752839095,316.5480407267896,95528.69350802756,2674137.806106724,27.94672958272285
2007,f,51,0.004815409309791332,0.5,0.004803843074459567,95370.41948766416,458.1445291641139,95141.34722308209,2578609.1125986963,27.037829197471765
2007,f,52,0.004137630662020906,0.5,0.004129088340758448,94912.27495850004,391.9011679260002,94716.32437453704,2483467.765375614,26.165928131651032
2007,f,53,0.0057172176207578975,0.5,0.005700920917994444,94520.37379057404,538.8531761193444,94250.94720251436,2388751.441001077,25.272344418503486
2007,f,54,0.004673590504451038,0.5,0.004662694741516486,93981.5206144547,438.2071419687418,93762.41704347033,2294500.493798563,24.414379324754833
2007,f,55,0.004430625728721337,0.5,0.004420832202272463,93543.31347248596,413.53929250643705,93336.54382623274,2200738.0767550925,23.526407126923072
2007,f,56,0.006176800898443767,0.5,0.006157783198048702,93129.77417997952,573.4729586835456,92843.03770063774,2107401.53292886,22.62865502987439
2007,f,57,0.006043256997455471,0.5,0.006025051530045981,92556.30122129597,557.6564842887601,92277.47297915159,2014558.4952282219,21.765762769749692
2007,f,58,0.00788034737857832,0.5,0.007849419303163796,91998.64473700721,722.135937863568,91637.57676807544,1922281.0222490702,20.89466673932227
2007,f,59,0.009717762379584249,0.5,0.00967077324139091,91276.50879914364,882.7144188623352,90835.15158971248,1830643.4454809949,20.056019556021514
2007,f,60,0.009259259259259259,0.5,0.009216589861751152,90393.79438028131,833.1225288505084,89977.23311585606,1739808.2938912823,19.246988201114917
2007,f,61,0.008630107057024251,0.5,0.008593027682601838,89560.6718514308,769.5973324917577,89175.87318518493,1649831.0607754262,18.421378789032264
2007,f,62,0.009415371140792644,0.5,0.009371254222512806,88791.07451893904,832.0837320070568,88375.03265293551,1560655.1875902412,17.576712479781456
2007,f,63,0.013241409498796236,0.5,0.01315431863890852,87958.99078693199,1157.0405919681216,87380.47049094792,1472280.1549373057,16.738256564399343
2007,f,64,0.014206955046649703,0.5,0.014106748078745132,86801.95019496387,1224.4932441441342,86189.7035728918,1384899.684446358,15.954707023698967
2007,f,65,0.01611111111111111,0.5,0.015982364287682557,85577.45695081973,1367.7300918014662,84893.591904919,1298709.980873466,15.175842180258032
2007,f,66,0.018659295093296474,0.5,0.018486819582334817,84209.72685901826,1556.7700275203679,83431.34184525808,1213816.388968547,14.41420646097911
2007,f,67,0.02254004576659039,0.5,0.02228884991797251,82652.9568314979,1842.2393500939215,81731.83715645093,1130385.047123289,13.676280806599225
2007,f,68,0.0211344588849751,0.5,0.02091346153846154,80810.71748140398,1690.0318319428188,79965.70156543257,1048653.2099668381,12.976660060073744
2007,f,69,0.02663528245787909,0.5,0.02628522525826762,79120.68564946116,2079.705044884671,78080.83312701882,968687.5084014055,12.243163724504486
2007,f,70,0.030858947879965983,0.5,0.03039004546542235,77040.98060457649,2341.2789032738074,75870.34115293958,890606.6752743867,11.560167955877262
2007,f,71,0.0322265625,0.5,0.03171552138395002,74699.70170130268,2369.139986682363,73515.1317079615,814736.334121447,10.906821788650316
2007,f,72,0.033413491963042656,0.5,0.03286443420888834,72330.56171462031,2377.1029867620673,71142.01022123928,741221.2024134855,10.247690393142088
2007,f,73,0.043908227848101264,0.5,0.04296497000193535,69953.45872785825,3005.548255774047,68450.68459997122,670079.1921922462,9.578928681697821
2007,f,74,0.049907314986453725,0.5,0.04869226488592098,66947.9104720842,3259.8453902656474,65317.98777695138,601628.507592275,8.986516582069292
2007,f,75,0.0519604717883328,0.5,0.05064471026875875,63688.06508181855,3225.4636036465527,62075.33327999528,536310.5198153236,8.420895172844993
2007,f,76,0.0618903464513959,0.5,0.0600326264274062,60462.601478172,3629.728767368244,58647.73709448788,474235.18653532834,7.843446609000691
2007,f,77,0.06930136729724667,0.5,0.0669804489500362,56832.87271080376,3806.691329289897,54929.52704615881,415587.44944084046,7.312448405618577
2007,f,78,0.08128460686600221,0.5,0.07811003511759072,53026.18138151386,4141.8768898617855,50955.24293658297,360657.92239468166,6.8015065953894105
2007,f,79,0.09202601782702963,0.5,0.08797789037309994,48884.304491652074,4300.737981531798,46733.935500886175,309702.6794580987,6.335421618016195
2007,f,80,0.11129914074358013,0.5,0.10543190076265706,44583.566510120276,4700.530159940325,42233.30143015011,262968.74395721254,5.898333501370281
2007,f,81,0.12244219597551981,0.5,0.11537859189540166,39883.03635017995,4601.648574596882,37582.21206288151,220735.4425270624,5.534569649837266
2007,f,82,0.13453198909347983,0.5,0.12605291443827418,35281.38777558307,4447.321754539145,33057.7268983135,183153.2304641809,5.191213895246332
2007,f,83,0.14761471510202495,0.5,0.13746852642049656,30834.066021043924,4238.713619465212,28714.709211311318,150095.5035658674,4.8678466039292
2007,f,84,0.16173193926642662,0.5,0.14963181727454108,26595.35240157871,3979.5109109050536,24605.596946126185,121380.79435455608,4.563985185146517
2007,f,85,0.17691904737839326,0.5,0.16254076842356838,22615.841490673658,3675.9962544397167,20777.8433634538,96775.1974084299,4.279088949590408
2007,f,86,0.1932035798219012,0.5,0.17618389975233423,18939.84523623394,3336.8957944253652,17271.39733902126,75997.35404497609,4.012564680284982
2007,f,87,0.2106034940645873,0.5,0.1905393659514718,15602.949441808576,2972.976093615078,14116.461395001037,58725.95670595483,3.7637727998141717
2007,f,88,0.2291254155317933,0.5,0.20557427046080473,12629.973348193498,2596.397556994287,11331.774569696354,44609.49531095379,3.532034002061803
2007,f,89,0.24876295188709827,0.5,0.22124426381032597,10033.575791199211,2219.871089308979,8923.64024654472,33277.720741257435,3.3166362056532677
2007,f,90,0.2694951590070597,0.5,0.23749348654699767,7813.704701890232,1855.7039725005798,6885.852715639942,24354.080494712714,3.116841680595014
2007,f,91,0.2912852565693849,0.5,0.25425490408427825,5958.000729389652,1514.850903985026,5200.57527739714,17468.22777907277,2.931894199493031
2007,f,92,0.31407969521769596,0.5,0.2714510618340213,4443.149825404626,1206.0977379937326,3840.1009564077603,12267.652501675631,2.761026070183993
2007,f,93,0.33780767389172467,0.5,0.2889952648066893,3237.052087410894,935.4927251943577,2769.3057248137147,8427.551545267872,2.603464917368234
2007,f,94,0.3623811937281588,0.5,0.3067931582678001,2301.559362216536,706.1026656752347,1948.5080293789188,5658.245820454157,2.4584400964591833
2007,f,95,0.38769571333082453,0.5,0.3247446575091353,1595.4566965413014,518.1160384889613,1336.3986772968208,3709.7377910752384,2.3251886429242266
2007,f,96,0.4136314396389697,0.5,0.3427461482692988,1077.3406580523401,369.25436092135135,892.7134775916645,2373.3391137784174,2.2029606847559577
2007,f,97,0.44005525079968283,0.5,0.3606928577993985,708.0862971309888,255.40167008077037,580.3854620906036,1480.6256361867527,2.0910242751285044
2007,f,98,0.4668232053263756,0.5,0.37848128258110175,452.6846270502184,171.33265825071436,367.01829792486126,900.240174096149,1.9886696395287158
2007,f,99,0.49378354935062935,0.5,0.3960115539932954,281.35196879950405,111.41863038336476,225.64265360782167,533.2218761712877,1.8952128838709859
2007,f,100,0.5207800954319337,0.5,0.413189628381843,169.9333384161393,70.21469294985056,134.825991941214,307.5792225634661,1.8099992940187772
2007,f,101,0.5476558165591958,0.5,0.4299292023667835,99.71864546628873,42.8719577064176,78.28266661307994,172.7532306222521,1.7324065104820714
2007,f,102,0.5742564812506614,0.5,0.44615327604937643,56.84668775987114,25.3623359766225,44.165519771559886,94.47056400917215,1.661848169733826
2007,f,103,0.6004341522369457,0.5,0.4617953134636693,31.484351783248638,14.53932610094574,24.21468873277577,50.305044237612265,1.5977792582147823
2007,f,104,0.6260503825257089,0.5,0.4767999781661309,16.945025682302898,8.07938787534655,12.905331744629624,26.090355504836495,1.539705869675065
2007,f,105,0.6509789672794631,0.5,0.4911234493478633,8.865637806956348,4.354122620421228,6.688576496745734,13.185023760206871,1.487205325471491
2007,f,106,0.6751081448742987,0.5,0.5047333478221095,4.51151518653512,2.2771121638501604,3.3729591046100396,6.496447263461136,1.4399701640925784
2007,f,107,0.6983421816464229,0.5,0.5176083199502309,2.2344030226849596,1.1565455946636796,1.6561302253531198,3.1234881588510968,1.3979072383717832
2007,f,108,0.7206023176550052,0.5,0.5297373401314462,1.07785742802128,0.5709813269609146,0.7923667645408228,1.467357933497977,1.3613655158379694
2007,f,109,0.7418270910280929,0.5,0.5411187988152328,0.5068761010603654,0.2742801869539335,0.36973600758339864,0.6749911689571543,1.3316689572562181
2007,f,110,0.7619720926573966,0.5,1.0,0.2325959141064319,0.2325959141064319,0.30525516137375563,0.30525516137375563,1.3123840225072745
2008,f,0,0.00890071572765645,0.07865140392732611,0.008828317678875555,100000.0,882.831767887561,99186.60419008844,7645907.645202634,76.45907645202634
2008,f,1,0.00018602920658543392,0.5,0.00018601190476190478,99117.16823211244,18.436973257455975,99107.94974548371,7546721.041012545,76.13939316082603
2008,f,2,9.322270905192505e-05,0.5,9.32183640177115e-05,99098.73125885498,9.23782160418341,99094.11234805289,7447613.091267061,75.15346560606525
2008,f,3,0.0003717126661090977,0.5,0.000371643593793552,99089.4934372508,36.825975448213285,99071.0804495267,7348518.978919009,74.16042532877127
2008,f,4,0.0002747755999267265,0.5,0.00027473785429735795,99052.66746180259,27.213517320880783,99039.06070314214,7249447.898469482,73.18781093164469
2008,f,5,9.137426900584795e-05,0.5,9.137009456804788e-05,99025.4539444817,9.047965091551305,99020.92996193594,7150408.837766339,72.20778651290195
2008,f,6,0.00026927564850552014,0.5,0.00026923939869867623,99016.40597939015,26.659117607196094,99003.07642058656,7051387.907804403,71.21433905884365
2008,f,7,8.621432882145013e-05,0.5,8.621061252640201e-05,98989.74686178296,8.533966710790992,98985.47987842756,6952384.831383817,70.23338327242384
2008,f,8,0.00026216901162282616,0.5,0.00026213464983179696,98981.21289507217,25.94640558217361,98968.23969228109,6853399.351505389,69.23939554843129
2008,f,9,8.756567425569177e-05,0.5,8.756184054988837e-05,98955.26648949,8.664705265924567,98950.93413685703,6754431.111813108,68.25741925044984
2008,f,10,0.00016967845931958937,0.5,0.00016966406515100103,98946.60178422407,16.787682691588998,98938.20794287827,6655480.177676251,67.26335273433709
2008,f,11,0.0,0.5,0.0,98929.81410153248,0.0,98929.81410153248,6556541.969733373,66.2746819983341
2008,f,12,0.0,0.5,0.0,98929.81410153248,0.0,98929.81410153248,6457612.155631841,65.2746819983341
2008,f,13,0.0,0.5,0.0,98929.81410153248,0.0,98929.81410153248,6358682.341530309,64.2746819983341
2008,f,14,0.0001471129091577786,0.5,0.00014710208884966168,98929.81410153248,14.552782303842832,98922.53771038057,6259752.527428777,63.27468199833411
2008,f,15,0.0002907188022385348,0.5,0.0002906765496693554,98915.26131922864,28.752346869921894,98900.88514579367,6160829.989718396,62.28391764376567
2008,f,16,0.00021054109060284932,0.5,0.00021051892916038032,98886.50897235872,20.81748197726847,98876.10023137007,6061929.104572603,61.301882001588964
2008,f,17,0.00027989643831782243,0.5,0.0002798572727908767,98865.69149038145,27.668282793078106,98851.85734898491,5963053.004341233,60.31468464387742
2008,f,18,0.0002115805063826786,0.5,0.00021155812559500722,98838.02320758837,20.90998692731955,98827.56821412471,5864201.146992248,59.33142890439778
2008,f,19,0.0004114379757251594,0.5,0.0004113533525298231,98817.11322066105,40.64875081063656,98796.78884525574,5765373.578778123,58.343877804888926
2008,f,20,0.00026867275658248256,0.5,0.0002686366689053056,98776.46446985041,26.534980381416972,98763.1969796597,5666576.789932867,57.36768186982921
2008,f,21,0.00020185708518368994,0.5,0.00020183671409829446,98749.929489469,19.931361285591265,98739.9638088262,5567813.592953207,56.382962719451626
2008,f,22,0.00013408420488066506,0.5,0.00013407521619628613,98729.9981281834,13.237245844095014,98723.37950526136,5469073.629144381,55.39424423004402
2008,f,23,0.00033231423634188487,0.5,0.0003322590291391168,98716.76088233931,32.799535130528966,98700.36111477404,5370350.249639119,54.40160517462733
2008,f,24,0.0001332533813045506,0.5,0.00013324450366422383,98683.96134720878,13.149095449334709,98677.38679948411,5271649.888524345,53.41952042213444
2008,f,25,0.00019920318725099602,0.5,0.00019918334827208448,98670.81225175945,19.653582761035068,98660.98546037893,5172972.501724861,52.42657259703078
2008,f,26,0.00046443736730360935,0.5,0.00046432954130874596,98651.15866899841,45.80664725434326,98628.25534537123,5074311.5162644815,51.43691756617054
2008,f,27,0.00046916890080428956,0.5,0.00046905886688779447,98605.35202174407,46.251714688391075,98582.22616439988,4975683.26091911,50.46058006893877
2008,f,28,0.0006102936190411609,0.5,0.0006101074467003356,98559.10030705568,60.13164103741292,98529.03448653697,4877101.03475471,49.48402551931135
2008,f,29,0.00027637670144406825,0.5,0.00027633851468048356,98498.96866601826,27.219058698727167,98485.3591366689,4778572.000268173,48.51392928255868
2008,f,30,0.0006304286915102269,0.5,0.0006302300339623962,98471.74960731954,62.05985409935238,98440.71968026986,4680086.641131504,47.52720104796053
2008,f,31,0.0005548234967750884,0.5,0.0005546696249046661,98409.68975322018,54.58486570240348,98382.39732036898,4581645.921451234,46.55685769298254
2008,f,32,0.00020641254988303288,0.5,0.00020639124901104193,98355.10488751778,20.299632944341283,98344.95507104561,4483263.524130865,45.582418210606114
2008,f,33,0.0004852686308492201,0.5,0.00048515091658869595,98334.80525457344,47.70722090183699,98310.95164412251,4384918.569059819,44.591724747996906
2008,f,34,0.0005639362752009023,0.5,0.0005637773079633545,98287.0980336716,55.41203553695232,98259.39201590313,4286607.617415696,43.61312627164119
2008,f,35,0.00035343182300134304,0.5,0.0003533693770097883,98231.68599813465,34.71206968378101,98214.32996329275,4188348.225399793,42.63744618492374
2008,f,36,0.0007115411982353779,0.5,0.000711288142826659,98196.97392845087,69.84634321676276,98162.05075684248,4090133.8954365,41.65234153159026
2008,f,37,0.0008705114254624592,0.5,0.0008701326952360236,98127.1275852341,85.38362200150732,98084.43577423335,3991971.844679658,40.68163353922895
2008,f,38,0.0007158708568974157,0.5,0.0007156147130385001,98041.7439632326,70.16011447204801,98006.66390599657,3893887.4089054246,39.71662734157097
2008,f,39,0.0009141410589972575,0.5,0.0009137234229485152,97971.58384876055,89.51893094596744,97926.82438328757,3795880.7449994283,38.74471143448244
2008,f,40,0.0005620740532565166,0.5,0.000561916134016998,97882.06491781458,55.001511508220574,97854.56416206047,3697953.9206161406,37.77968848247205
2008,f,41,0.001202943673931503,0.5,0.0012022205721155545,97827.06340630636,117.60970813671884,97768.258552238,3600099.35645408,36.80064831857154
2008,f,42,0.0008374624886593622,0.5,0.0008371119637251482,97709.45369816964,81.7937526597816,97668.55682183975,3502331.097901842,35.84434223448585
2008,f,43,0.0016371077762619372,0.5,0.0016357688113413304,97627.65994550986,159.69628126309544,97547.81180487832,3404662.541080002,34.87395419474654
2008,f,44,0.0012428364289166609,0.5,0.0012420645873585424,97467.96366424677,121.06150606930896,97407.43291121212,3307114.7292751237,33.93027416338894
2008,f,45,0.0019555298037227495,0.5,0.001953619623023769,97346.90215817746,190.17881829678663,97251.81274902906,3209707.2963639116,32.97184836091146
2008,f,46,0.0020506811190859823,0.5,0.002048580626280363,97156.72333988067,199.0333811469609,97057.20664930719,3112455.4836148825,32.03541017667574
2008,f,47,0.001894736842105263,0.5,0.0018929435271847724,96957.68995873371,183.53543161816197,96865.92224292463,3015398.2769655753,31.100145622786215
2008,f,48,0.0023575093606989323,0.5,0.0023547337073204517,96774.15452711555,227.87736366243917,96660.21584528433,2918532.3547226507,30.158179825842808
2008,f,49,0.003049861692318604,0.5,0.003045217945540172,96546.27716345311,294.0044557932415,96399.27493555649,2821872.138877366,29.228181777531713
2008,f,50,0.0034602076124567475,0.5,0.003454231433506045,96252.27270765987,332.4776259331993,96086.03389469328,2725472.8639418096,28.31593257251902
2008,f,51,0.0036189924724956573,0.5,0.0036124557474170945,95919.79508172667,346.5060150340578,95746.54207420963,2629386.830047116,27.41234828334231
2008,f,52,0.003810919750824478,0.5,0.0038036720064369835,95573.28906669261,363.5294441860897,95391.52434459957,2533640.2879729066,26.509920425621125
2008,f,53,0.005329245145276683,0.5,0.005315082456587426,95209.75962250652,506.0477230654942,94956.73576097377,2438248.7636283073,25.609231378123685
2008,f,54,0.006120492589042106,0.5,0.006101819518470869,94703.71189944103,577.8649577396573,94414.7794205712,2343292.0278673335,24.743402141993172
2008,f,55,0.005292582929556467,0.5,0.005278614177911602,94125.84694170137,496.85403017440694,93877.41992661417,2248877.248446762,23.892239183140067
2008,f,56,0.005865331977789943,0.5,0.005848181215641935,93628.99291152696,547.5593175846589,93355.21325273463,2154999.828520148,23.016373043299488
2008,f,57,0.006134969325153374,0.5,0.0061162079510703364,93081.4335939423,569.3054042442964,92796.78089182015,2061644.6152674132,22.148827490787422
2008,f,58,0.007516392131776747,0.5,0.007488249820759978,92512.128189698,692.7539273346338,92165.7512260307,1968847.834375593,21.282051044576885
2008,f,59,0.009080590238365494,0.5,0.009039548022598869,91819.37426236337,830.0056430496188,91404.37144083856,1876682.0831495624,20.438846357057038
2008,f,60,0.007677870670534039,0.5,0.007648508540834538,90989.36861931375,695.9329630099674,90641.40213780876,1785277.7117087238,19.620728649937835
2008,f,61,0.008734491315136476,0.5,0.008696511512995355,90293.43565630379,785.2379027329443,89900.81670493732,1694636.309570915,18.768100884115654
2008,f,62,0.00924397490921096,0.5,0.009201445941505093,89508.19775357084,823.6048429510265,89096.39533209533,1604735.4928659778,17.92836335822613
2008,f,63,0.013856556922735838,0.5,0.01376121539054329,88684.59291061982,1220.4077848656889,88074.38901818698,1515639.0975338824,17.090218805665707
2008,f,64,0.013314101852879175,0.5,0.013226055328998126,87464.18512575413,1156.806151778961,86885.78204986465,1427564.7085156953,16.321705924123954
2008,f,65,0.01494945149494515,0.5,0.014838537496663999,86307.37897397517,1280.675279144125,85667.0413344031,1340678.9264658308,15.533769445948469
2008,f,66,0.016711833785004515,0.5,0.016573348264277712,85026.70369483104,1409.1771720979887,84322.11510878205,1255011.8851314278,14.760208623819938
2008,f,67,0.01938212146129449,0.5,0.01919609097783724,83617.52652273305,1605.129646472109,82814.961699497,1170689.7700226458,14.00053097366341
2008,f,68,0.022891847699135714,0.5,0.022632794457274823,82012.39687626094,1856.1697214488668,81084.3120155365,1087874.8083231489,13.264760569850408
2008,f,69,0.023452041196178185,0.5,0.02318022934935917,80156.22715481208,1858.0397292278794,79227.20729019813,1006790.4963076124,12.56035285147738
2008,f,70,0.025849993633006493,0.5,0.025520145829404737,78298.1874255842,1998.1811612789752,77299.09684494471,927563.2890174143,11.846548681589656
2008,f,71,0.03387278885961611,0.5,0.033308660251665435,76300.00626430522,2541.450985857693,75029.28077137638,850264.1921724696,11.143697540824991
2008,f,72,0.03530005042864347,0.5,0.03468780971258672,73758.55527844753,2558.522730174096,72479.29391336048,775234.9114010932,10.51044056481973
2008,f,73,0.03761178327196212,0.5,0.03691751645798373,71200.03254827343,2628.528373409863,69885.76836156851,702755.6174877328,9.870158654931322
2008,f,74,0.04514175612441508,0.5,0.04414535666218034,68571.50417486357,3027.1135086615395,67057.9474205328,632869.8491261643,9.229341790611574
2008,f,75,0.046306009291173386,0.5,0.045258147198828265,65544.39066620203,2966.4176808284756,64061.18182578779,565811.9017056315,8.63249922616784
2008,f,76,0.05820995962314939,0.5,0.05656367500408696,62577.972985373555,3539.640126359205,60808.152922193956,501750.71987984376,8.018008509114201
2008,f,77,0.06600071352122726,0.5,0.06389224658953549,59038.33285901435,3772.0917212632194,57152.28699838274,440942.5669576498,7.46875031194794
2008,f,78,0.08221952207371405,0.5,0.07897296245866564,55266.24113775113,4364.538786603189,53083.97174444953,383790.27995926706,6.944389053032748
2008,f,79,0.09439884113954611,0.5,0.09014409221902017,50901.70235114794,4588.4877508469945,48607.458475724445,330706.30821481755,6.496959687780647
2008,f,80,0.10210234495601303,0.5,0.09714307697815688,46313.21460030095,4499.008171022935,44063.710514789476,282098.8497390931,6.091109247624111
2008,f,81,0.1134411570388886,0.5,0.10735208469000325,41814.20642927801,4488.8422298411315,39569.78531435745,238035.13922430365,5.6926858011021135
2008,f,82,0.1258626726232587,0.5,0.11841091547832436,37325.36419943688,4419.730545417195,35115.49892672828,198465.35390994622,5.317171263206065
2008,f,83,0.13943040358827083,0.5,0.1303434814747112,32905.633654019686,4289.034850596348,30761.116228721512,163349.85498321793,4.964191138232752
2008,f,84,0.1542027013649131,0.5,0.1431645232523472,28616.598803423338,4096.881724795792,26568.15794102544,132588.73875449641,4.6332808334523365
2008,f,85,0.17023049445869282,0.5,0.15687780159144096,24519.717078627546,3846.5993109391966,22596.417423157945,106020.58081347097,4.323890870090142
2008,f,86,0.1875547952539114,0.5,0.1714743746404229,20673.11776768835,3544.9099410821764,18900.662797147263,83424.16339031301,4.035393419017969
2008,f,87,0.20620404349687455,0.5,0.1869310720417657,17128.207826606173,3201.7942511816545,15527.310701015345,64523.50059316576,3.7670900100206577
2008,f,88,0.22619138410864809,0.5,0.20320928894369392,13926.413575424518,2829.9766001978223,12511.425275325608,48996.18989215041,3.518220224237227
2008,f,89,0.2475120079219768,0.5,0.2202542251605797,11096.436975226696,2444.0371280217623,9874.418411215815,36484.7646168248,3.287971147700718
2008,f,90,0.2701407122365114,0.5,0.2379946853341725,8652.399847204933,2059.225179020981,7622.787257694443,26610.346205608992,3.0754873417234854
2008,f,91,0.29402985954579164,0.5,0.25634353303841334,6593.174668183952,1690.1176883816433,5748.11582399313,18987.55894791455,2.8798810745210472
2008,f,92,0.3191079227485925,0.5,0.2751988552308405,4903.056979802309,1349.3156679731774,4228.39914581572,13239.443123921421,2.7002425585629712
2008,f,93,0.34527879915322185,0.5,0.2944458452256397,3553.7413118291315,1046.3843642748025,3030.5491296917303,9011.043978105701,2.535649949564749
2008,f,94,0.37242205022685787,0.5,0.31395935659192326,2507.356947554329,787.2081740004458,2113.752860554106,5980.49484841397,2.3851788849797924
2008,f,95,0.40039417797538085,0.5,0.3336070230874284,1720.1487735538833,573.853711612802,1433.2219177474822,3866.7419878598644,2.247911370986272
2008,f,96,0.4290309835622045,0.5,0.35325278801757,1146.2950619410813,404.93192652146,943.8290986803513,2433.520070112382,2.122943865771851
2008,f,97,0.4581509740821522,0.5,0.3727606472610748,741.3631354196212,276.3510022145178,603.1876343123623,1489.690971432031,2.0093944522731717
2008,f,98,0.4875596972117347,0.5,0.39199838923120717,465.01213320510345,182.28400718936808,373.87012961041944,886.5033371196686,1.9064090457370013
2008,f,99,0.5170548008912413,0.5,0.4108411153449357,282.72812601573537,116.15633863168827,224.64995669989122,512.6332075092491,1.8131666443426937
2008,f,100,0.5464315470555796,0.5,0.42917434610595717,166.5717873840471,71.48833793024895,130.8276184189226,287.98325080935797,1.7288837163365798
2008,f,101,0.5754884642703612,0.5,0.44689655749120016,95.08344945379815,42.492466235290934,73.8372163361527,157.15563239043536,1.6528179540520205
2008,f,102,0.6040328104015333,0.5,0.46392104430388753,52.59098321850722,24.39806385569809,40.39195129065817,83.31841605428265,1.5842718837962737
2008,f,103,0.6318855351961493,0.5,0.48017706450068404,28.19291936280913,13.53759325933818,21.424122733140038,42.92646476362448,1.522597366069553
2008,f,104,0.6588854810898187,0.5,0.4956102741361813,14.655326103470948,7.26333018769637,11.023661009622764,21.50234203048444,1.467203246019333
2008,f,105,0.6848926316387646,0.5,0.5101825105168024,7.391995915774578,3.7712670340398238,5.506362398754666,10.478681020861675,1.417571267659941
2008,f,106,0.7097903008258414,0.5,0.5238710173326137,3.620728881734754,1.896794922759962,2.672331420354773,4.972318622107009,1.3732921697591136
2008,f,107,0.7334862422944436,0.5,0.5366672280587498,1.7239339589747917,0.9251788591193479,1.2613445294151178,2.2999872017522365,1.3341504120726402
2008,f,108,0.7559127354500207,0.5,0.5485752329720162,0.7987550998554438,0.43817726499078613,0.5796664673600507,1.0386426723371187,1.3003268117162432
2008,f,109,0.7770257678699155,0.5,0.559610052495785,0.36057783486465766,0.20178298109742757,0.2596863443159439,0.4589762049770681,1.2728907897218478
2008,f,110,0.7968034763055383,0.5,1.0,0.1587948537672301,0.1587948537672301,0.1992898606611242,0.1992898606611242,1.2550146049018303
2009,f,0,0.010457044983322816,0.08366122780131614,0.010357794568120474,100000.0,1035.7794568120444,99050.87512427624,7658252.5925037665,76.58252592503767
2009,f,1,0.0006475485661424607,0.5,0.0006473389744301105,98964.22054318796,64.06339703169942,98932.18884467211,7559201.71737949,76.38317844458399
2009,f,2,0.0002813467129325706,0.5,0.0002813071405129167,98900.15714615626,27.82132040306169,98886.24648595473,7460269.5285348175,75.43233240276767
2009,f,3,0.00028182245185533113,0.5,0.000281782745503217,98872.3358257532,27.86051824329479,98858.40556663155,7361383.282048862,74.45341733426964
2009,f,4,0.00028071488724618694,0.5,0.0002806754923515928,98844.4753075099,27.743221773169353,98830.60369662332,7262524.876482231,73.47426200491395
2009,f,5,9.218289085545723e-05,0.5,9.217864220860027e-05,98816.73208573673,9.108792191153043,98812.17768964116,7163694.272785608,72.49474984226502
2009,f,6,9.18526683200147e-05,0.5,9.184845005740528e-05,98807.62329354558,9.075327053360525,98803.0856300189,7064882.095095967,71.50138683234037
2009,f,7,9.023641941887746e-05,0.5,9.023234829686443e-05,98798.54796649222,8.914824991341447,98794.09055399655,6966079.009465948,70.50790879870533
2009,f,8,0.0001738828029907842,0.5,0.00017386768669042855,98789.63314150088,17.17632498331659,98781.04497900922,6867284.918911952,69.5142263467628
2009,f,9,8.824567596187787e-05,0.5,8.824178248400619e-05,98772.45681651756,8.715857649818645,98768.09888769264,6768503.873932943,68.52622777730741
2009,f,10,0.0,0.5,0.0,98763.74095886774,0.0,98763.74095886774,6669735.775045251,67.53223106264275
2009,f,11,0.00017164435290078958,0.5,0.00017162962327297692,98763.74095886774,16.950783653795952,98755.26556704084,6570972.034086383,66.53223106264275
2009,f,12,0.0,0.5,0.0,98746.79017521394,0.0,98746.79017521394,6472216.768519342,65.54356609501124
2009,f,13,7.976389885937624e-05,0.5,7.976071784646061e-05,98746.79017521394,7.876114869402954,98742.85211777924,6373469.978344128,64.54356609501124
2009,f,14,0.00030630216708783217,0.5,0.0003062552637623459,98738.91406034454,30.23931216915662,98723.79440425997,6274727.126226348,63.548674663279485
2009,f,15,0.0003737200089692802,0.5,0.0003736501886933453,98708.67474817538,36.88251494533324,98690.23349070273,6176003.331822088,62.56798956705931
2009,f,16,0.0003693034936110496,0.5,0.0003692353136653989,98671.79223323005,36.433110155165195,98653.57567815247,6077313.098331385,61.591189951901036
2009,f,17,7.127583749109053e-05,0.5,7.127329745910694e-05,98635.35912307489,7.03006729077606,98631.8440894295,5978659.522653233,60.61375530851165
2009,f,18,0.00021334091878822358,0.5,0.00021331816404166813,98628.32905578411,21.039214076678036,98617.80944874577,5880027.678563803,59.61804011946774
2009,f,19,0.00014335889900365565,0.5,0.000143348623853211,98607.28984170743,14.135219300704193,98600.22223205707,5781409.869115057,58.630653761966826
2009,f,20,0.00027878449958182325,0.5,0.00027874564459930314,98593.15462240673,27.482412438301253,98579.41341618757,5682809.646883001,57.63898790587536
2009,f,21,0.0002729257641921397,0.5,0.00027288852503752213,98565.67220996843,26.89744090870954,98552.22348951407,5584230.233466813,56.65491959077872
2009,f,22,0.00020512820512820512,0.5,0.00020510716849553892,98538.77476905972,20.21100907989603,98528.66926451976,5485678.0099773,55.67024780685372
2009,f,23,0.0001362119457876456,0.5,0.00013620266957232365,98518.56375997982,13.41849138654652,98511.85451428655,5387149.34071278,54.68156594159715
2009,f,24,0.0002025658338960162,0.5,0.00020254531951524154,98505.14526859327,19.95175612231833,98495.16939053212,5288637.486198493,53.688946620788215
2009,f,25,0.000338089120292109,0.5,0.0003380319778251022,98485.19351247096,33.29114474951348,98468.5479400962,5190142.316807961,52.69972197547386
2009,f,26,0.00033674568965517244,0.5,0.0003366890003703579,98451.90236772144,33.147672592749586,98435.32853142507,5091673.768867865,51.71737311738556
2009,f,27,0.0001344628210299852,0.5,0.00013445378151260502,98418.7546951287,13.232773740513949,98412.13830825844,4993238.44033644,50.73462325147245
2009,f,28,0.00013574046423238766,0.5,0.00013573125212080082,98405.52192138818,13.356704705991433,98398.84356903518,4894826.302028181,49.74137839478603
2009,f,29,0.0002745367192862045,0.5,0.00027449903925336265,98392.16521668219,27.008554822037695,98378.66093927117,4796427.458459146,48.748062896027434
2009,f,30,0.0004193751310547285,0.5,0.00041928721174004196,98365.15666186015,41.24325226912333,98344.5350357256,4698048.797519875,47.76131057941459
2009,f,31,0.0004961020552799433,0.5,0.0004959790271725653,98323.91340959103,48.7665989206871,98299.53011013068,4599704.262484149,46.78113495465763
2009,f,32,0.00028040658955485456,0.5,0.00028036728113829115,98275.14681067034,27.55313571478473,98261.37024281295,4501404.732374018,45.80410081753521
2009,f,33,0.0003475118154017237,0.5,0.0003474514436607484,98247.59367495555,34.13626825856045,98230.52554082627,4403143.362131205,44.81680616727021
2009,f,34,0.000629546726357023,0.5,0.0006293486241739799,98213.457406697,61.81050429427705,98182.55215454986,4304912.8365903795,43.83220945744687
2009,f,35,0.0008539101971109372,0.5,0.000853545771391991,98151.64690240272,83.77692316869798,98109.75844081838,4206730.284435829,42.85949769766777
2009,f,36,0.0007856581672737662,0.5,0.0007853496590868527,98067.86997923402,77.0175682555564,98029.36119510623,4108620.525995011,41.895684354774055
2009,f,37,0.0008605851979345956,0.5,0.000860215053763441,97990.85241097846,84.29320637503406,97948.70580779095,4010591.164799905,40.92821999322231
2009,f,38,0.001462950771706532,0.5,0.0014618814414151012,97906.55920460343,143.12778189401433,97834.99531365643,3912642.458992114,39.96302689808087
2009,f,39,0.00064963187527068,0.5,0.000649420933001407,97763.43142270941,63.489618847946986,97731.68661328545,3814807.4636784573,39.02080162452561
2009,f,40,0.0009904492394764769,0.5,0.0009899589874133785,97699.94180386147,96.71893545849889,97651.58233613221,3717075.777065172,38.04583409606759
2009,f,41,0.0013450375194676482,0.5,0.0013441335644299812,97603.22286840297,131.1917678539612,97537.626984476,3619424.1947290394,37.08303976405633
2009,f,42,0.001068452168957903,0.5,0.001067881678709999,97472.03110054901,104.0885961989261,97419.98680244954,3521886.5677445633,36.132278439047795
2009,f,43,0.0015452693685467445,0.5,0.0015440763615946099,97367.94250435008,150.34353839806863,97292.77073515105,3424466.580942114,35.170370173829234
2009,f,44,0.0015092268642381834,0.5,0.001508088840142583,97217.59896595201,146.61277606600197,97144.29257791901,3327173.8102069627,34.22398666081252
2009,f,45,0.0015273535129130798,0.5,0.0015261879986125566,97070.98618988601,148.1485741364886,96996.91190281777,3230029.5176290437,33.27492224412557
2009,f,46,0.0020406675898258144,0.5,0.0020385875500546053,96922.83761574952,197.58569007943152,96824.0447707098,3133032.605726226,32.3250193947801
2009,f,47,0.0027239932268276522,0.5,0.0027202882035069664,96725.25192567009,263.1205617946398,96593.69164477277,3036208.560955516,31.39003001293534
2009,f,48,0.003175499259050173,0.5,0.0031704653538591606,96462.13136387545,305.82984544857754,96309.21644115116,2939614.869310743,30.47428900593019
2009,f,49,0.0023693379790940767,0.5,0.002366534419155008,96156.30151842687,227.55719716200838,96042.52291984587,2843305.652869592,29.56962370609394
2009,f,50,0.00249661174120836,0.5,0.0024934990916539025,95928.74432126486,239.19823682856804,95809.14520285057,2747263.129949746,28.63858116133759
2009,f,51,0.003910493156636976,0.5,0.0039028620988725065,95689.5460844363,373.46310267125955,95502.81453310067,2651453.9847468957,27.70892007792844
2009,f,52,0.003052103771528232,0.5,0.00304745319982586,95316.08298176504,290.4713020776544,95170.84733072622,2555951.1702137953,26.815528820070956
2009,f,53,0.00412614205717654,0.5,0.004117647058823529,95025.61167968738,391.28193044578074,94829.97071446449,2460780.322883069,25.895969301180347
2009,f,54,0.00411250642579129,0.5,0.004104067423964823,94634.3297492416,388.3856699126045,94440.13691428531,2365950.3521686047,25.000973308922976
2009,f,55,0.004967746719062801,0.5,0.004955438038534077,94245.944079329,467.0299362682563,94012.42911119487,2271510.2152543194,24.10194133492192
2009,f,56,0.006370858941687903,0.5,0.006350629459449363,93778.91414306074,595.5551348320878,93481.13657564469,2177497.7861431246,23.219481757075243
2009,f,57,0.006613652468309582,0.5,0.006591854351408618,93183.35900822865,614.2511305572698,92876.23344295002,2084016.64956748,22.364686911355587
2009,f,58,0.006740295598505766,0.5,0.006717656104568815,92569.10787767138,621.8474326289288,92258.18416135691,1991140.41612453,21.509772123501403
2009,f,59,0.008777580930906748,0.5,0.008739226297855281,91947.26044504246,803.5479164970602,91545.48648679393,1898882.231963173,20.651863065546674
2009,f,60,0.008428805237315876,0.5,0.008393431935786172,91143.7125285454,765.0085474832013,90761.20825480379,1807336.745476379,19.82952740607683
2009,f,61,0.007392761970257028,0.5,0.007365536142514561,90378.7039810622,665.6876106861455,90045.86017571912,1716575.5372215752,18.993141764693412
2009,f,62,0.00979216626698641,0.5,0.00974445659739485,89713.01637037605,874.2045942425029,89275.9140732548,1626529.6770458561,18.13036438693359
2009,f,63,0.011467379202850144,0.5,0.01140200365306913,88838.81177613355,1012.9404564057913,88332.34154793064,1537253.7629726012,17.3038532623146
2009,f,64,0.013477088948787063,0.5,0.013386880856760376,87825.87131972775,1175.7144754983747,87238.01408197856,1448921.4214246706,16.49766065115267
2009,f,65,0.015651390609165636,0.5,0.015529858667113572,86650.15684422938,1345.6646892740973,85977.32449959233,1361683.4073426921,15.714725246147964
2009,f,66,0.014616055846422338,0.5,0.014510016242555495,85304.49215495528,1237.7695667313528,84685.6073715896,1275706.0828430997,14.954735097956911
2009,f,67,0.017598343685300208,0.5,0.017444843509492047,84066.72258822393,1466.5308199074498,83333.45717827021,1191020.47547151,14.167561655821567
2009,f,68,0.020923003347680536,0.5,0.02070638348222209,82600.19176831648,1710.3512464598462,81745.01614508656,1107687.0182932399,13.41022332490665
2009,f,69,0.02473413788983152,0.5,0.02443198583652995,80889.84052185663,1976.299437949172,79901.69080288205,1025942.0021481534,12.683199713701269
2009,f,70,0.025292323335027962,0.5,0.02497646689676812,78913.54108390746,1970.981446588965,77928.05036061298,946040.3113452713,11.988314025084266
2009,f,71,0.02978611730743997,0.5,0.029349020621888943,76942.5596373185,2258.1887694965844,75813.4652525702,868112.2609846584,11.282601788615422
2009,f,72,0.034201321414691024,0.5,0.033626289644631255,74684.37086782191,2511.358286728442,73428.69172445769,792298.7957320882,10.608629175364099
2009,f,73,0.03866317169069463,0.5,0.03792992606878817,72173.01258109347,2737.5170313626004,70804.25406541217,718870.1040076305,9.960372697480368
2009,f,74,0.044863903706743265,0.5,0.043879598662207364,69435.49554973087,3046.8016776336735,67912.09471091404,648065.8499422183,9.333350972890553
2009,f,75,0.05043227665706052,0.5,0.049191848208011243,66388.6938720972,3265.7825516843295,64755.80259625503,580153.7552313042,8.7387433220032
2009,f,76,0.05787476280834915,0.5,0.05624711848778238,63122.911320412866,3550.4818723330463,61347.67038424635,515397.9526350492,8.16499020488585
2009,f,77,0.06271216723244595,0.5,0.06080554352533564,59572.42944807982,3622.3339517152053,57761.26247222222,454050.28225080285,7.6218191276978065
2009,f,78,0.06791658695236273,0.5,0.06568600240540291,55950.095496364615,3675.1381073567245,54112.526442686256,396289.01977858064,7.082901579753867
2009,f,79,0.09463028169014084,0.5,0.09035511662113889,52274.95738900789,4723.309871248879,49913.302453383454,342176.49333589437,6.545705829840532
2009,f,80,0.09967470592277947,0.5,0.09494299820978577,47551.64751775901,4514.69598515096,45294.29952518353,292263.1908825109,6.146226390439153
2009,f,81,0.11103556197671782,0.5,0.10519534959680836,43036.95153260805,4527.2871620536025,40773.30795158125,246968.8913573274,5.738531251922086
2009,f,82,0.1235136758741896,0.5,0.1163295318296856,38509.66437055445,4479.811227144928,36269.75875698199,206195.58340574615,5.354385367310782
2009,f,83,0.13717768433300007,0.5,0.12837274629864234,34029.85314340952,4368.505704158968,31845.600291330036,169925.82464876416,4.9934339690699865
2009,f,84,0.1520910070239719,0.5,0.14134254223225587,29661.347439250552,4192.410253097885,27565.14231270161,138080.2243574341,4.655224265864402
2009,f,85,0.16830937126341947,0.5,0.15524479439513728,25468.937186152667,3953.9199169269377,23491.977227689196,110515.0820447325,4.339210593554685
2009,f,86,0.18587806452451797,0.5,0.17007175975751512,21515.01726922573,3659.0968481905475,19685.468845130454,87023.10481704329,4.044761095382334
2009,f,87,0.20482898840691718,0.5,0.185800340510685,17855.92042103518,3317.6360943600303,16197.102373855167,67337.63597191284,3.771165774942953
2009,f,88,0.2251776233701747,0.5,0.20239069547097882,14538.284326675152,2942.4134758306154,13067.077588759843,51140.53359805767,3.51764571726142
2009,f,89,0.2469200504517468,0.5,0.2197853460803851,11595.870850844536,2548.6024880563164,10321.569606816378,38073.45600929783,3.283363233260304
2009,f,90,0.27003021034434693,0.5,0.23790891338259795,9047.26836278822,2152.425785271702,7971.055470152369,27751.88640248145,3.067432653664401
2009,f,91,0.29445760646735775,0.5,0.2566685962184474,6894.842577516518,1769.6895655183462,6009.997794757344,19780.83093232908,2.8689314817473357
2009,f,92,0.32012567126119884,0.5,0.2759554581258364,5125.153011998172,1414.3139473909655,4417.996038302689,13770.833137571739,2.6869116112892066
2009,f,93,0.34693100828773404,0.5,0.2956465333344816,3710.839064607206,1097.0967052132905,3162.290712000561,9352.83709926905,2.5204103267299875
2009,f,94,0.37474369258327894,0.5,0.3156076958988594,2613.7423593939156,824.9172037215621,2201.2837575331346,6190.54638726849,2.3684608259185795
2009,f,95,0.4034087563976727,0.5,0.3356971678860971,1788.8251556723535,600.5035386026159,1488.5733863710457,3989.2626297353554,2.230102040484744
2009,f,96,0.43274890891063744,0.5,0.35576948145003456,1188.3216170697376,422.76856550076707,976.937334319354,2500.6892433643097,2.1043875727269166
2009,f,97,0.46256844287702764,0.5,0.3756796642261908,765.5530515689705,287.6027133607666,621.7516948885873,1523.7519090449557,1.990393619256153
2009,f,98,0.4926581784627959,0.5,0.3952873945729812,477.95033820820396,188.92774392559608,383.48646624540595,902.0002141563684,1.88722580998246
2009,f,99,0.5228011975281899,0.5,0.4144608762992694,289.0225942826079,119.78855769665788,229.12831543427893,518.5137479109625,1.7940249591834916
2009,f,100,0.5527790436501984,0.5,0.4330802111723575,169.23403658595,73.29191230219371,132.58808043485317,289.38543247668355,1.7099718136765676
2009,f,101,0.5823780157302936,0.5,0.45104009729233824,95.9421242837563,43.273745071379054,74.30525174806678,156.79735204183038,1.634291018803065
2009,f,102,0.6113951733705423,0.5,0.46825174497156713,52.668379212377246,24.662060471019856,40.33734897686732,82.49210029376361,1.5662547723583202
2009,f,103,0.6396437018246455,0.5,0.4846439702316595,28.00631874135739,13.573093506384778,21.219771988165,42.154751316896295,1.5051871581624787
2009,f,104,0.6669573486565754,0.5,0.5001634907978872,14.433225234972612,7.218972316996058,10.823739076474583,20.934979328731295,1.450471324870932
2009,f,105,0.6931937335856712,0.5,0.5147745035502999,7.214252917976554,3.713713464337683,5.357396185807713,10.111240252256714,1.401564426312448
2009,f,106,0.7182364346043096,0.5,0.5284576613431071,3.5005394536388716,1.849886893109276,2.5755960070842336,4.753844066449,1.3580318489218273
2009,f,107,0.7419958539878808,0.5,0.5412085892899825,1.6506525605295956,0.8933473436921199,1.2039788886835356,2.178248059364766,1.319628437534969
2009,f,108,0.7644089557095178,0.5,0.5530360868863003,0.7573052168374758,0.41881711369837876,0.5478966599882864,0.9742691706812304,1.286494730288273
2009,f,109,0.785438032893232,0.5,0.5639601553637136,0.338488103139097,0.19089380323509383,0.24304120152155007,0.426372510692944,1.259638098765711
2009,f,110,0.8050687063278386,0.5,1.0,0.14759429990400316,0.14759429990400316,0.18333130917139398,0.18333130917139398,1.2421300096997956
2010,f,0,0.007132962609018766,0.07296100663843141,0.007086105492146059,100000.0,708.6105492146016,99343.0903897707,7709197.389584433,77.09197389584433
2010,f,1,9.09440580883744e-05,0.5,9.093992286556059e-05,99291.3894507854,9.029551297877333,99286.87467513647,7609854.299194663,76.64163369338839
2010,f,2,0.00037366404139654527,0.5,0.00037359424202938567,99282.35989948752,37.09131799354509,99263.81424049076,7510567.424519527,75.64855863743722
2010,f,3,0.00028382701924071135,0.5,0.0002837867460675932,99245.26858149398,28.16449183334771,99231.18633557731,7411303.610279036,74.676644198845
2010,f,4,0.00028414958048996684,0.5,0.00028410921573273495,99217.10408966063,28.18849363019399,99203.00984284552,7312072.423943458,73.69770052284207
2010,f,5,0.00018868254066556993,0.5,0.00018866474179416207,99188.91559603043,18.713451149771572,99179.55887045554,7212869.4141006125,72.71850257418555
2010,f,6,9.286089199608667e-05,0.5,9.285658062363447e-05,99170.20214488066,9.208605870924657,99165.5978419452,7113689.855230157,71.73213023038471
2010,f,7,9.236348418894103e-05,0.5,9.23592188793147e-05,99160.99353900974,9.15843190655869,99156.41432305647,7014524.257388212,70.73874521667345
2010,f,8,0.00018164035720992614,0.5,0.00018162386209833145,99151.83510710318,18.008339226289536,99142.83093749004,6915367.843065156,69.74523301152439
2010,f,9,8.772141099884689e-05,0.5,8.771756364462075e-05,99133.82676787689,8.695777758854092,99129.47887899747,6816225.012127666,68.75781188279903
2010,f,10,0.0,0.5,0.0,99125.13099011804,0.0,99125.13099011804,6717095.533248669,67.7637998170041
2010,f,11,0.0,0.5,0.0,99125.13099011804,0.0,99125.13099011804,6617970.402258551,66.76379981700411
2010,f,12,0.00017381157573824355,0.5,0.00017379647181893124,99125.13099011804,17.227598034674884,99116.51719110069,6518845.271268433,65.76379981700411
2010,f,13,0.0004200385580839367,0.5,0.0004199503604120096,99107.90339208336,41.62039974918298,99087.09319220876,6419728.754077332,64.77514440679948
2010,f,14,0.0,0.5,0.0,99066.28299233418,0.0,99066.28299233418,6320641.660885124,63.80214811707652
2010,f,15,7.782971259127264e-05,0.5,7.782668397704972e-05,99066.28299233418,7.710000299222884,99062.42799218456,6221575.377892789,62.80214811707652
2010,f,16,0.0003041008914626692,0.5,0.0003040546598161175,99058.57299203495,30.119220712964307,99043.51338167847,6122512.949900605,61.80699726406215
2010,f,17,7.517376779899679e-05,0.5,7.517094235751379e-05,99028.45377132199,7.4440621902031126,99024.73174022688,6023469.436518926,60.82564361176853
2010,f,18,0.00036277996474095084,0.5,0.00036271417202368196,99021.00970913179,35.91632354959438,99003.051547357,5924444.704778699,59.83017868815311
2010,f,19,0.0004344534347514567,0.5,0.000434359080354269,98985.0933855822,42.99507413174433,98963.59584851633,5825441.653231342,58.85170639319571
2010,f,20,0.00029185432459264706,0.5,0.0002918117413333095,98942.09831145045,28.87246599943319,98927.66207845072,5726478.057382826,57.87706300059443
2010,f,21,0.00014191015350093698,0.5,0.00014190008496951708,98913.22584545102,14.035795152070932,98906.20794787498,5627550.395304375,56.89381118857913
2010,f,22,0.00041680008618372714,0.5,0.0004167132431259027,98899.19005029894,41.212602228377364,98878.58374918476,5528644.1873565,55.90181461086484
2010,f,23,6.957299525550284e-05,0.5,6.957057513885581e-05,98857.97744807057,6.877606348134577,98854.5386448965,5429765.603607316,54.92491090523812
2010,f,24,6.931262088833969e-05,0.5,6.931021885187821e-05,98851.09984172243,6.8513913637871156,98847.67414604055,5330911.064962419,53.92869754103011
2010,f,25,0.00027479373727101346,0.5,0.00027475598665880767,98844.24845035865,27.158049008532544,98830.66942585437,5232063.390816378,52.932400952433916
2010,f,26,0.000343728281137563,0.5,0.00034366921672299096,98817.09040135011,33.96039205708075,98800.11020532157,5133232.721390524,51.94681102774495
2010,f,27,0.0002735348531412932,0.5,0.0002734974475992114,98783.13000929303,27.016933923398028,98769.62154233133,5034432.611185202,50.96449779138997
2010,f,28,0.00020463343475607418,0.5,0.00020461249947679316,98756.11307536963,20.206735134968767,98746.00970780215,4935662.989642871,49.97830347855048
2010,f,29,0.00013761428370111502,0.5,0.0001376048155070551,98735.90634023467,13.586536175876972,98729.11307214672,4836916.979935069,48.988429429791296
2010,f,30,0.0006258086811639212,0.5,0.000625612924164426,98722.31980405879,61.76195917291625,98691.43882447234,4738187.866862922,47.995102589436115
2010,f,31,0.0006372844988091673,0.5,0.0006370814977276773,98660.55784488587,62.85481595846068,98629.13043690665,4639496.42803845,47.02483474026841
2010,f,32,0.00028697612820598374,0.5,0.00028693495646455716,98597.70302892741,28.291127626114758,98583.55746511435,4540867.297601543,46.05449374687061
2010,f,33,0.0002838001721900833,0.5,0.0002837599066349015,98569.4119013013,27.97004711817135,98555.42687774221,4442283.740136429,45.067568675204626
2010,f,34,0.0007028192598719981,0.5,0.0007025723691757428,98541.44185418313,69.23249426548136,98506.82560705038,4343728.313258686,44.080218753916
2010,f,35,0.0004948248973413185,0.5,0.0004947025017839886,98472.20935991764,48.71444832654379,98447.85213575437,4245221.487651636,43.110858538120915
2010,f,36,0.0006471353987476223,0.5,0.0006469260743660747,98423.4949115911,63.67272518854588,98391.65854899683,4146773.6355158812,42.13194866978378
2010,f,37,0.0005769321066038958,0.5,0.0005767657292702934,98359.82218640255,56.73057457424875,98331.45689911544,4048381.9769668845,41.15889889771009
2010,f,38,0.0011581232473594596,0.5,0.0011574530107397276,98303.0916118283,113.78120935114566,98246.20100715273,3950050.520067769,40.182363090526444
2010,f,39,0.001033783616004869,0.5,0.0010332495377831665,98189.31040247716,101.45405958860647,98138.58337268286,3851804.319060616,39.2283467851246
2010,f,40,0.0014568271038570332,0.5,0.0014557667036616396,98087.85634288855,142.7930352975236,98016.45982523978,3753665.7356879334,38.2684042208664
2010,f,41,0.0013557451718863593,0.5,0.0013548267719589466,97945.06330759103,132.69859395033563,97878.71401061586,3655649.275862694,37.32346636381591
2010,f,42,0.001355261702386364,0.5,0.0013543439571378805,97812.3647136407,132.4715850832872,97746.12892109905,3557770.561852078,36.37342346510021
2010,f,43,0.0017228454897465172,0.5,0.0017213626687914445,97679.8931285574,168.14252152304107,97595.8218677959,3460024.432930979,35.42207430936896
2010,f,44,0.0017687319729730003,0.5,0.0017671691486855344,97511.75060703437,172.31975730707927,97425.59072838083,3362428.611063183,34.48229152006037
2010,f,45,0.0017959048951408374,0.5,0.0017942937047170265,97339.43084972729,174.65552799440047,97252.10308573008,3265003.020334802,33.54245028795491
2010,f,46,0.001955662447820371,0.5,0.0019537520081030707,97164.77532173289,189.83587490172067,97069.85738428202,3167750.917249072,32.60184471954972
2010,f,47,0.0019076301794985096,0.5,0.001905812386885667,96974.93944683117,184.81604081526166,96882.53142642353,3070681.0598647897,31.66468654046816
2010,f,48,0.0019265693840663988,0.5,0.0019247153352474336,96790.1234060159,186.2934348200506,96696.97668860588,2973798.528438366,30.724193996156558
2010,f,49,0.0028382030700187396,0.5,0.0028341810792986127,96603.82997119585,273.79274709214224,96466.93359764978,2877101.5517497603,29.782479148162338
2010,f,50,0.00259314203584587,0.5,0.0025897841967137364,96330.03722410371,249.47400807183294,96205.30022006779,2780634.6181521104,28.865706878978965
2010,f,51,0.0038730663774443545,0.5,0.0038655805524109316,96080.56321603188,371.40715663258743,95894.85963771559,2684429.3179320428,27.939358680654802
2010,f,52,0.004877883894260477,0.5,0.0048660159638109326,95709.15605939929,465.72228126791015,95476.29491876534,2588534.4582943274,27.045839341513194
2010,f,53,0.0046024137201069945,0.5,0.004591846930450327,95243.43377813138,437.3432690396585,95024.76214361156,2493058.163375562,26.175643448377933
2010,f,54,0.004001632896197694,0.5,0.0039936423508942,94806.09050909172,378.62161817980814,94616.77970000182,2398033.4012319506,25.294085942737865
2010,f,55,0.004871393302484009,0.5,0.004859556896025839,94427.46889091191,458.8756576230953,94198.03106210037,2303416.621531949,24.393501685330456
2010,f,56,0.006565448638434248,0.5,0.006543966600131851,93968.59323328882,614.9273355800251,93661.1295654988,2209218.5904698484,23.510180523669074
2010,f,57,0.006032947107813924,0.5,0.006014803611787025,93353.6658977088,561.5039668151003,93072.91391430124,2115557.4609043496,22.661750243664212
2010,f,58,0.005945496632041773,0.5,0.005927874552946917,92792.1619308937,550.0602954230853,92517.13178318215,2022484.5469900481,21.795855435465327
2010,f,59,0.007277405838035234,0.5,0.007251021524846913,92242.10163547061,668.8494644559105,91907.67690324265,1929967.415206866,20.922847387344436
2010,f,60,0.00908823710842674,0.5,0.009047125895781416,91573.2521710147,828.4747410773125,91159.01480047604,1838059.7383036234,20.07201551465065
2010,f,61,0.010072949758882037,0.5,0.010022471831273921,90744.77742993739,909.4869756267726,90290.03394212399,1746900.7235031473,19.2507026076724
2010,f,62,0.009286008619174793,0.5,0.00924309289901077,89835.29045431061,830.3559352788143,89420.1124866712,1656610.6895610231,18.44053357186572
2010,f,63,0.009172563436666463,0.5,0.009130687531365547,89004.9345190318,812.6762458429293,88598.59639611034,1567190.577074352,17.607906635100573
2010,f,64,0.013403908661892616,0.5,0.013314674322650787,88192.25827318887,1174.251196686615,87605.13267484556,1478591.9806782417,16.76555300464219
2010,f,65,0.014360579789917893,0.5,0.014258201767843958,87018.00707650225,1240.72030233244,86397.64692533604,1390986.848003396,15.985046023640876
2010,f,66,0.013365286281593242,0.5,0.013276563743956343,85777.28677416981,1138.8276156408974,85207.87296634936,1304589.20107806,15.209028521882697
2010,f,67,0.01761969831366855,0.5,0.017465827012290904,84638.45915852892,1478.2806862497237,83899.31881540405,1219381.3281117107,14.40694148067835
2010,f,68,0.020243283324678674,0.5,0.020040441160496927,83160.17847227919,1666.5666635701346,82326.89514049413,1135482.0092963066,13.654155512362337
2010,f,69,0.02164320696946082,0.5,0.02141150020423734,81493.61180870906,1744.9004858862172,80621.16156576594,1053155.1141558124,12.923161592443542
2010,f,70,0.02545249673485299,0.5,0.02513265235880268,79748.71132282284,2004.2966377390112,78746.56300395334,972533.9525900466,12.194980162791953
2010,f,71,0.03281841593754232,0.5,0.03228858581783987,77744.41468508383,2510.2572054170596,76489.2860823753,893787.3895860933,11.496483615016228
2010,f,72,0.03249314114410245,0.5,0.03197367851958592,75234.15747966677,2405.5127649467613,74031.40109719339,817298.1035037179,10.863391455199134
2010,f,73,0.03695656367500801,0.5,0.03628605963824013,72828.64471472001,2642.6645454905374,71507.31244197473,743266.7024065246,10.205691803245882
2010,f,74,0.03970971971321808,0.5,0.03893663821811002,70185.98016922947,2732.8061178327334,68819.57711031311,671759.3899645498,9.571133556086727
2010,f,75,0.04621403627978636,0.5,0.04517028566943849,67453.17405139674,3046.8791412119463,65929.73448079076,602939.8128542367,8.938642566987577
2010,f,76,0.05518276454061219,0.5,0.05370107758075424,64406.29491018479,3458.6874396607745,62676.951190354404,537010.0783734459,8.337850812910627
2010,f,77,0.0648267266874847,0.5,0.06279144477317329,60947.60747052402,3826.9883285424585,59034.11330625279,474333.12718309154,7.782637364600283
2010,f,78,0.07166800826300608,0.5,0.06918870009784653,57120.61914198156,3952.1013872178737,55144.56844837262,415299.0138768387,7.270562191291257
2010,f,79,0.07637443226581288,0.5,0.07356518273293358,53168.517754763685,3911.35172426841,51212.84189262948,360154.4454284661,6.773828961899125
2010,f,80,0.0976671933135221,0.5,0.09311981769543225,49257.166030495275,4586.818320953353,46963.756870018595,308941.6035358366,6.27201336237188
2010,f,81,0.1085254487086743,0.5,0.10293966219391718,44670.34770954192,4598.350503305068,42371.17245788939,261977.84666581804,5.86469235407043
2010,f,82,0.1204297664065497,0.5,0.11358996021890376,40071.997206236854,4551.77656854847,37796.108921962616,219606.67420792865,5.480302693117298
2010,f,83,0.1334444214447755,0.5,0.1250976309515544,35520.220637688384,4443.495452651325,33298.472911362725,181810.56528596603,5.1185088949886115
2010,f,84,0.14762948340597923,0.5,0.13748133423075376,31076.72518503706,4272.469641961361,28940.49036405638,148512.09237460332,4.778884888621066
2010,f,85,0.16303871088850463,0.5,0.15074969307556566,26804.2555430757,4040.7332962376895,24783.888894956854,119571.60201054695,4.460918596242666
2010,f,86,0.1797172010233352,0.5,0.16489955755633018,22763.52224683801,3753.6947469272673,20886.674873374373,94787.7131155901,4.164017856628347
2010,f,87,0.19769884758311057,0.5,0.17991441165883776,19009.82749991074,3420.141930382437,17299.756534719523,73901.03824221573,3.8875175612489237
2010,f,88,0.2170036894445653,0.5,0.19576303862528263,15589.685569528305,3051.8842183035813,14063.743460376514,56601.28170749621,3.630687832353041
2010,f,89,0.23763526114836409,0.5,0.2123985667140485,12537.801351224723,2663.011036745591,11206.295832851927,42537.53824711969,3.3927430380737786
2010,f,90,0.25957808627108697,0.5,0.22975801354089143,9874.790314479133,2268.81220678756,8740.384211085353,31331.24241426777,3.1728514142044753
2010,f,91,0.2827954785916579,0.5,0.24776243097005343,7605.978107691572,1884.4756258666712,6663.740294758237,22590.858203182415,2.9701450468727133
2010,f,92,0.3072278312632384,0.5,0.2663177230269687,5721.502481824901,1523.7375132527577,4959.633725198522,15927.117908424178,2.7837299658645165
2010,f,93,0.3327915759293397,0.5,0.2853161674306561,4197.7649685721435,1197.6902126076725,3598.919862268307,10967.484183225655,2.61269610503139
2010,f,94,0.3593789781133046,0.5,0.3046386201174724,3000.074755964471,913.9386339062794,2543.1054390113313,7368.564320957348,2.4561269036072684
2010,f,95,0.3868588999508302,0.5,0.3241573265673975,2086.1361220581916,676.2363081820613,1748.017967967161,4825.458881946017,2.3131083494135543
2010,f,96,0.41507860651020956,0.5,0.343739210302557,1409.8998138761303,484.6378486275031,1167.5808895623788,3077.440913978856,2.182737300686835
2010,f,97,0.44386662065458815,0.5,0.3632494645192206,925.2619652486272,336.1009134165655,757.2115085403445,1909.8600244164772,2.0641289668740233
2010,f,98,0.47303654988861005,0.5,0.3825552436011643,589.1610518320617,225.38664970393256,476.46772698009545,1152.6485158761327,1.9564234809681396
2010,f,99,0.5023917257573551,0.5,0.4015292414742181,363.77440212812917,146.0660597542449,290.74137225100674,676.1807888960373,1.858791561309121
2010,f,100,0.5317304224001594,0.5,0.42005295484506006,217.70834237388428,91.44903250857007,171.98382611959926,385.4394166450305,1.7704393522187178
2010,f,101,0.5608513657889839,0.5,0.438019459685579,126.25930986531421,55.30403468747902,98.60729252157469,213.45559052543123,1.6906126823687913
2010,f,102,0.5895592168470642,0.5,0.4553355744958682,70.95527517783519,32.308460986612005,54.80104468452919,114.84829800385654,1.6186012627815518
2010,f,103,0.61766971420791,0.5,0.4719233376582139,38.646814191223186,18.23833354297887,29.52764741973375,60.04725331932735,1.5537439392084296
2010,f,104,0.6450141954576067,0.5,0.4877207816618274,20.408480648244314,9.953640134291994,15.431660581098317,30.519605899593603,1.495437432390104
2010,f,105,0.6714432744648134,0.5,0.5026820377455536,10.45484051395232,5.255460533858323,7.827110247023159,15.087945318495287,1.443154039352388
2010,f,106,0.6968295285293079,0.5,0.5167768456683413,5.199379980093997,2.6869191855440984,3.855920387321947,7.260835071472127,1.396480945664768
2010,f,107,0.7210691324140209,0.5,0.5299895719843898,2.5124607945498982,1.3315780211310604,1.846671783984368,3.40491468415018,1.3552110709692338
2010,f,108,0.7440824567191977,0.5,0.5423178555711599,1.1808827734188378,0.640413813361428,0.8606758667381238,1.5582429001658118,1.319557652326876
2010,f,109,0.7658137170122341,0.5,0.553771002220282,0.5404689600574099,0.2992960376799454,0.39082094121743716,0.697567033427688,1.2906699273786062
2010,f,110,0.7862298118932809,0.5,1.0,0.24117292237746446,0.24117292237746446,0.3067460922102508,0.3067460922102508,1.2718927530768005
2011,f,0,0.006873772540617747,0.07212667380824853,0.006830209531226825,100000.0,683.0209531226865,99366.24307636739,7714535.711710018,77.14535711710018
2011,f,1,0.0003547986517651233,0.5,0.0003547357218871941,99316.97904687731,35.23128025785263,99299.3634067484,7615169.468633651,76.67540375990811
2011,f,2,0.0001834357516279923,0.5,0.00018341892883345562,99281.74776661946,18.210151828068774,99272.64269070543,7515870.105226902,75.70243548586974
2011,f,3,0.0,0.5,0.0,99263.53761479139,0.0,99263.53761479139,7416597.462536197,74.71623156649457
2011,f,4,0.0,0.5,0.0,99263.53761479139,0.0,99263.53761479139,7317333.9249214055,73.71623156649456
2011,f,5,0.00019082148649937983,0.5,0.00019080328181644726,99263.53761479139,18.939808741604793,99254.06771042058,7218070.387306614,72.71623156649456
2011,f,6,9.497578117580017e-05,0.5,9.49712711904649e-05,99244.59780604979,9.425385612426908,99239.88511324357,7118816.319596193,71.73001329007595
2011,f,7,9.344047841524949e-05,0.5,9.343611305769681e-05,99235.17242043736,9.272148789576022,99230.53634604257,7019576.434482949,70.73677873750815
2011,f,8,0.0,0.5,0.0,99225.90027164778,0.0,99225.90027164778,6920345.898136906,69.74334200235303
2011,f,9,9.131586156515387e-05,0.5,9.131169246221979e-05,99225.90027164778,9.060484889894724,99221.37002920284,6821119.997865259,68.74334200235303
2011,f,10,0.00017691287041132243,0.5,0.0001768972227136034,99216.83978675789,17.551183404706535,99208.06419505554,6721898.627836056,67.74957398646357
2011,f,11,9.005763688760806e-05,0.5,9.005358188121933e-05,99199.28860335318,8.933251258800738,99194.82197772378,6622690.563641001,66.76147235411865
2011,f,12,9.04895484571532e-05,0.5,9.048545446319505e-05,99190.35535209438,8.97528438239533,99185.86770990319,6523495.741663277,65.76743997445045
2011,f,13,0.0,0.5,0.0,99181.38006771199,0.0,99181.38006771199,6424309.873953374,64.77334626285138
2011,f,14,0.0005953393434257526,0.5,0.0005951621816945116,99181.38006771199,59.02900654457335,99151.86556443971,6325128.493885662,63.773346262851376
2011,f,15,0.00016417665407978985,0.5,0.00016416317819912995,99122.35106116741,16.272240180769586,99114.21494107702,6225976.628321223,62.811026591562936
2011,f,16,0.00015796540557617883,0.5,0.00015795293002685202,99106.07882098664,15.654095533245709,99098.25177322002,6126862.413380146,61.821257447254844
2011,f,17,0.0003086896125945362,0.5,0.00030864197530864197,99090.4247254534,30.583464421433746,99075.13299324267,6027764.1616069265,60.83094484969517
2011,f,18,0.00038200015280006114,0.5,0.000381927204674789,99059.84126103196,37.83364826835168,99040.9244368978,5928689.028613684,59.84957126057807
2011,f,19,0.0001474382602285293,0.5,0.00014742739200943533,99022.00761276361,14.598556333890883,99014.70833459667,5829648.104176786,58.87224713696234
2011,f,20,0.00014712373105781962,0.5,0.00014711290915777857,99007.40905642972,14.565267974467133,99000.1264224425,5730633.395842189,57.880854074021755
2011,f,21,0.00014825796886582654,0.5,0.00014824697946779337,98992.84378845525,14.675390080563375,98985.50609341497,5631633.2694197465,56.889296780425646
2011,f,22,0.0003605942593393913,0.5,0.00036052925694920145,98978.16839837469,35.684525506861974,98960.32613562126,5532647.763326331,55.897657562808384
2011,f,23,0.0001411631846414455,0.5,0.00014115322182228809,98942.48387286783,13.966050373754115,98935.50084768096,5433687.43719071,54.91763724238526
2011,f,24,0.00014133276800226132,0.5,0.00014132278123233464,98928.51782249408,13.980853281871532,98921.52739585313,5334751.936343028,53.92531955158867
2011,f,25,0.0002816703049081051,0.5,0.00028163064141378585,98914.5369692122,27.857364491777844,98900.60828696631,5235830.408947175,52.9328708335041
2011,f,26,0.00013956734124214934,0.5,0.00013955760240039075,98886.67960472043,13.800387914961902,98879.77941076295,5136929.800660209,51.947641696475706
2011,f,27,0.0004184975936388366,0.5,0.00041841004184100416,98872.87921680546,41.36940553004388,98852.19451404044,5038050.021249446,50.954822608150835
2011,f,28,6.931447979482915e-05,0.5,6.931207762952694e-05,98831.50981127542,6.850217280283687,98828.08470263527,4939197.826735405,49.97594224925931
2011,f,29,0.0006910372469076083,0.5,0.0006907985631389887,98824.65959399514,68.26793285024178,98790.52562757002,4840369.74203277,48.97937176731631
2011,f,30,0.0004876689424550648,0.5,0.0004875500609437577,98756.3916611449,48.14868477298296,98732.3173187584,4741579.2164052,48.01288439815228
2011,f,31,0.0004925068599169774,0.5,0.0004923856082720782,98708.24297637191,48.60251825938758,98683.94171724221,4642846.899086442,47.036060607398454
2011,f,32,0.0005013608365563673,0.5,0.0005012351867101071,98659.64045811252,49.45168330577144,98634.91461645963,4544162.9573692,46.0589855818347
2011,f,33,0.0002901494269548818,0.5,0.0002901073397156948,98610.18877480675,28.607539534321404,98595.8850050396,4445528.04275274,45.081832800308945
2011,f,34,0.000573641187437258,0.5,0.0005734767025089607,98581.58123527243,56.534240134918946,98553.31411520496,4346932.157747701,44.09477007041931
2011,f,35,0.0009229676961306355,0.5,0.0009225419579178939,98525.04699513751,90.89348975884786,98479.60025025808,4248378.843632496,43.11978500088577
2011,f,36,0.0005707762557077625,0.5,0.0005706134094151211,98434.15350537866,56.16784793460101,98406.06958141137,4149899.2433822383,42.159139847283576
2011,f,37,0.00043535045711797995,0.5,0.00043525571273122956,98377.98565744406,42.819580264389515,98356.57586731187,4051493.173800827,41.182924683051375
2011,f,38,0.0008002327949949076,0.5,0.00079991273679235,98335.16607717967,78.65955181972822,98295.83630126981,3953136.597933515,40.200639869066194
2011,f,39,0.0010217486498321413,0.5,0.0010212269312130718,98256.50652535995,100.34219063061755,98206.33543004464,3854840.761632245,39.23242233975938
2011,f,40,0.0010425199195770347,0.5,0.001041976778803215,98156.16433472933,102.27644393318042,98105.02611276275,3756634.4262022004,38.27201736807312
2011,f,41,0.0008076951318011601,0.5,0.0008073690777643217,98053.88789079615,79.16567703759938,98014.30505227734,3658529.4000894376,37.311415985503686
2011,f,42,0.00129366106080207,0.5,0.0012928248222365871,97974.72221375855,126.664152829675,97911.39013734371,3560515.0950371604,36.341160399198955
2011,f,43,0.0010059639290076884,0.5,0.0010054582016661877,97848.05806092887,98.3821324944729,97798.86699468164,3462603.704899817,35.38755672334031
2011,f,44,0.0015900549291702805,0.5,0.0015887917960569077,97749.6759284344,155.3038831823069,97672.02398684324,3364804.837905135,34.42267000832426
2011,f,45,0.001638410029918792,0.5,0.0016370689348375387,97594.3720452521,159.76871469026082,97514.48768790696,3267132.8139182916,33.47665183401563
2011,f,46,0.0017370761534185658,0.5,0.001735568745878024,97434.60333056183,169.10445230753976,97350.05110440806,3169618.3262303844,32.53072540847699
2011,f,47,0.002457692577768415,0.5,0.0024546761580811443,97265.4988782543,238.75530110031832,97146.12122770413,3072268.275125976,31.586413585062534
2011,f,48,0.0017713484389991882,0.5,0.0017697809896025367,97026.74357715397,171.71608626589295,96940.88553402103,2975122.153898272,30.662908433410497
2011,f,49,0.0032777115613825984,0.5,0.0032723486538747586,96855.02749088808,316.9434188308078,96696.55578147268,2878181.268364251,29.716384816833845
2011,f,50,0.003352353780313837,0.5,0.003346744045287855,96538.08407205727,323.0882580116595,96376.53994305144,2781484.7125827787,28.812304898309794
2011,f,51,0.0029619181946403386,0.5,0.0029575382015351033,96214.99581404561,284.55952568058274,96072.71605120532,2685108.172639727,27.90737711852346
2011,f,52,0.0031718569780853517,0.5,0.0031668346048654094,95930.43628836503,303.79582529782783,95778.53837571612,2589035.4565885216,26.98867592768922
2011,f,53,0.003218962616138708,0.5,0.0032137900810751585,95626.6404630672,307.32394860674685,95472.97848876382,2493256.9182128054,26.072827677928807
2011,f,54,0.0049933911000146864,0.5,0.004980955171403457,95319.31651446046,474.78124252734415,95081.92589319678,2397783.9397240416,25.155278357039887
2011,f,55,0.005512514898688915,0.5,0.0054973627516529235,94844.53527193311,521.3948154017562,94583.83786423224,2302702.013830845,24.278699950699977
2011,f,56,0.006837098692033293,0.5,0.006813805362168568,94323.14045653136,642.699520219292,94001.79069642171,2208118.1759666125,23.41014267844718
2011,f,57,0.005405811247090622,0.5,0.005391239236241108,93680.44093631206,505.053668844208,93427.91410188997,2114116.385270191,22.567318899656513
2011,f,58,0.007056681083541998,0.5,0.007031870250652149,93175.38726746786,655.1972338190972,92847.7886505583,2020688.4711683008,21.686933968599917
2011,f,59,0.0070214633367908725,0.5,0.006996899101534548,92520.19003364876,647.354434520239,92196.51281638864,1927840.6825177425,20.836972792820728
2011,f,60,0.008404746209624258,0.5,0.008369574136374826,91872.83559912852,768.93650866588,91488.36734479558,1835644.1697013539,19.980271183866304
2011,f,61,0.008836524300441826,0.5,0.00879765395894428,91103.89909046264,801.500578508465,90703.14880120842,1744155.8023565584,19.144688863697034
2011,f,62,0.010839656466271993,0.5,0.010781224083595954,90302.39851195418,973.5703936435602,89815.61331513239,1653452.65355535,18.310174267812684
2011,f,63,0.009553860986940135,0.5,0.009508439830767216,89328.82811831062,849.3777873158979,88904.13922465267,1563637.0402402175,17.5042824716034
2011,f,64,0.010582010582010581,0.5,0.010526315789473682,88479.45033099472,931.3626350631093,88013.76901346317,1474732.9010155648,16.66751879107187
2011,f,65,0.014380278475233965,0.5,0.014277620396600566,87548.08769593161,1249.9783625708078,86923.0985146462,1386719.1320021017,15.839513671827959
2011,f,66,0.017243374609420208,0.5,0.017095978429235274,86298.1093333608,1475.350615646923,85560.43402553734,1299796.0334874555,15.061697684088024
2011,f,67,0.018686165273909008,0.5,0.01851319496349106,84822.75871771388,1570.3402694821998,84037.58858297278,1214235.5994619182,14.314974162805017
2011,f,68,0.018748588208719223,0.5,0.01857446570437507,83252.41844823168,1546.3691912729555,82479.23385259521,1130198.0108789455,13.575557706851836
2011,f,69,0.02239961872989396,0.5,0.02215152586308472,81706.04925695872,1809.9136632859882,80801.09242531573,1047718.7770263503,12.823025792513379
2011,f,70,0.026328986960882646,0.5,0.025986882811533225,79896.13559367273,2076.2515127671504,78858.00983728917,966917.6846010345,12.102183383668036
2011,f,71,0.03019247704113725,0.5,0.029743462634775064,77819.88408090558,2314.6328144029394,76662.56767370412,888059.6747637453,11.411732171696277
2011,f,72,0.035873229939312204,0.5,0.03524112347641759,75505.25126650264,2660.889883000753,74174.80632500227,811397.1070900412,10.746234115904619
2011,f,73,0.03787878787878788,0.5,0.03717472118959107,72844.36138350189,2707.9688246654987,71490.37697116914,737222.3007650389,10.12051292321451
2011,f,74,0.04029662795578565,0.5,0.03950075435468386,70136.39255883639,2770.4404137902748,68751.17235194126,665731.9237938698,9.491961298628198
2011,f,75,0.04727997721446881,0.5,0.04618809126321647,67365.95214504612,3111.5047457088585,65810.19977219169,596980.7514419286,8.861757793559645
2011,f,76,0.0542042042042042,0.5,0.05277392003508515,64254.44739933726,3390.9590689512115,62558.967864861654,531170.5516697369,8.266673719385462
2011,f,77,0.066548786368751,0.5,0.06440572495332918,60863.48833038605,3919.9570891070034,58903.509785832546,468611.5838048752,7.699387541856047
2011,f,78,0.06624775583482945,0.5,0.06412372925536537,56943.531241279044,3651.4315801602133,55117.81545119894,409708.07401904266,7.194988879123822
2011,f,79,0.08305921052631579,0.5,0.079747335175681,53292.09966111883,4249.90293389104,51167.14819417331,354590.2585678437,6.653711541160158
2011,f,80,0.09606252015754745,0.5,0.09165997601095129,49042.19672722779,4495.206575542055,46794.59343945676,303423.1103736704,6.186980409162883
2011,f,81,0.10772942486554997,0.5,0.1022232015121409,44546.990151685735,4553.735951035131,42270.122176168166,256628.51693421367,5.760849746758983
2011,f,82,0.12062420531124714,0.5,0.11376292415142263,39993.254200650605,4549.749544197177,37718.37942855201,214358.3947580455,5.359863783091658
2011,f,83,0.13482921114282534,0.5,0.12631381511839818,35443.50465645343,4477.004294323346,33205.00250929176,176640.01532949347,4.983706240159619
2011,f,84,0.15042089145069473,0.5,0.13989902353415043,30966.500362130082,4332.183162931913,28800.408780664126,143435.01282020172,4.631941328301114
2011,f,85,0.16746659495522903,0.5,0.15452749799697668,26634.31719919817,4115.734397649936,24576.450000373203,114634.6040395376,4.304018878433599
2011,f,86,0.18602097748567267,0.5,0.1701913928562855,22518.582801548233,3832.4689721450886,20602.34831547569,90058.1540391644,3.999281608120231
2011,f,87,0.20612211928544652,0.5,0.1868637438368177,18686.113829403144,3491.7571879232055,16940.23523544154,69455.80572368871,3.716974345644731
2011,f,88,0.22778750994024874,0.5,0.20449662180425654,15194.356641479939,3107.1946036717163,13640.75933964408,52515.57048824716,3.4562549588234566
2011,f,89,0.25101011639578596,0.5,0.22301998073441967,12087.162037808223,2695.6786448057974,10739.322715405324,38874.81114860308,3.216206668447401
2011,f,90,0.27575480269850916,0.5,0.2423414001996427,9391.483393002425,2275.9452354118985,8253.510775296476,28135.488433197763,2.995851374678622
2011,f,91,0.3019554097783414,0.5,0.2623468799575202,7115.538157590527,1866.7392348625563,6182.168540159249,19881.977657901287,2.7941635920667665
2011,f,92,0.3295128197168092,0.5,0.2829027742863994,5248.79892272797,1484.8997769112075,4506.349034272367,13699.809117742037,2.6100845773344665
2011,f,93,0.35829431200018014,0.5,0.3038588611921757,3763.899145816763,1143.6941080900847,3192.0520917717204,9193.46008346967,2.4425362442793874
2011,f,94,0.3881344625519819,0.5,0.3250524362327722,2620.2050377266783,851.7040309424397,2194.353022255458,6001.40799169795,2.2904344909224528
2011,f,95,0.4188377383800454,0.5,0.346313216247859,1768.5010067842386,612.4552715970265,1462.2733709857253,3807.054969442492,2.1527016127432503
2011,f,96,0.4501828070436611,0.5,0.3674687502903852,1156.0457351872121,424.8106815877745,943.6403943933249,2344.781598456767,2.0282775387576244
2011,f,97,0.48192842413044823,0.5,0.38834997773901836,731.2350535994376,283.9751167873315,589.2474952057719,1401.1412040634423,1.916129700246799
2011,f,98,0.5138206033185779,0.5,0.4087965566359559,447.2599368121061,182.83832209000423,355.840775767104,811.8937088576704,1.8152614219027334
2011,f,99,0.545600635558077,0.5,0.4286616116737918,264.4216147221019,113.34739552816262,207.74791695802057,456.05293309056646,1.7247188115459569
2011,f,100,0.5770134284618921,0.5,0.44781561639458467,151.07421919393926,67.6533945896645,117.247521899107,248.3050161325459,1.643596223481308
2011,f,101,0.6078156002166791,0.5,0.4661492171196282,83.42082460427476,38.886552080756495,63.977548563896505,131.0574942334389,1.5710405028377419
2011,f,102,0.6377827905580223,0.5,0.4835749121125319,44.53427252351826,21.535656921555887,33.76644406274032,67.07994566954237,1.5062544388508396
2011,f,103,0.6667157397202239,0.5,0.5000276030846631,22.998615601962374,11.499942633714783,17.248644285104984,33.31350160680205,1.448500300338058
2011,f,104,0.6944448198210169,0.5,0.5154641243439133,11.498672968247591,5.9271533926947715,8.535096271900205,16.064857321697062,1.3971053325943368
2011,f,105,0.7208328603758515,0.5,0.529861919027453,5.57151957555282,2.952136054201438,4.095451548452101,7.529761049796857,1.3514734979729
2011,f,106,0.7457762672560777,0.5,0.5432170684477147,2.619383521351382,1.4228938376087497,1.9079366025470073,3.4343095013447553,1.3111136545491207
2011,f,107,0.769204571951455,0.5,0.5555418907960256,1.1964896837426324,0.6647001412243206,0.8641396131304722,1.526372898797748,1.2757092012889217
2011,f,108,0.7910786512059365,0.5,0.5668623138686089,0.5317895425183118,0.30145145056305916,0.3810638172367822,0.6622332856672759,1.2452920426589102
2011,f,109,0.8113879193564425,0.5,0.5772151994892104,0.23033809195525262,0.13295464769791523,0.16386076810629502,0.2811694684304938,1.2206815904558075
2011,f,110,0.8301468176546566,0.5,1.0,0.09738344425733739,0.09738344425733739,0.11730870032419877,0.11730870032419877,1.2046061958355936
2012,f,0,0.009706095791001451,0.08124392235123368,0.009620306377001063,100000.0,962.0306377001107,99116.12850472871,7685112.018643957,76.85112018643957
2012,f,1,0.000629156929714183,0.5,0.0006289590727346242,99037.96936229989,62.29082937563362,99006.82394761208,7585995.890139228,76.59684400826313
2012,f,2,0.00044694734960221686,0.5,0.00044684749095133834,98975.67853292426,44.22703361764434,98953.56501611543,7486989.066191616,75.64473593076777
2012,f,3,0.00036971993714761067,0.5,0.0003696516033638296,98931.45149930661,36.57016966982337,98913.16641447169,7388035.5011755,74.67832917853511
2012,f,4,9.491268033409264e-05,0.5,9.490817633939164e-05,98894.88132963679,9.385932836303255,98890.18836321864,7289122.334761029,73.70575945649703
2012,f,5,9.602458229306702e-05,0.5,9.601997215420806e-05,98885.49539680048,9.49498251445766,98880.74790554325,7190232.14639781,72.7127079410926
2012,f,6,0.0,0.5,0.0,98876.00041428603,0.0,98876.00041428603,7091351.398492267,71.71964246915148
2012,f,7,0.0,0.5,0.0,98876.00041428603,0.0,98876.00041428603,6992475.398077982,70.71964246915148
2012,f,8,0.0,0.5,0.0,98876.00041428603,0.0,98876.00041428603,6893599.397663696,69.71964246915148
2012,f,9,0.0,0.5,0.0,98876.00041428603,0.0,98876.00041428603,6794723.39724941,68.71964246915148
2012,f,10,0.0,0.5,0.0,98876.00041428603,0.0,98876.00041428603,6695847.396835124,67.71964246915148
2012,f,11,0.0,0.5,0.0,98876.00041428603,0.0,98876.00041428603,6596971.396420838,66.7196424691515
2012,f,12,9.083477155054956e-05,0.5,9.083064626004814e-05,98876.00041428603,8.980971017241245,98871.5099287774,6498095.3960065525,65.7196424691515
2012,f,13,9.13575735428467e-05,0.5,9.135340063033847e-05,98867.01944326879,9.03183843633451,98862.50352405061,6399223.886077775,64.7255669495502
2012,f,14,8.878629139660837e-05,0.5,8.878235006880632e-05,98857.98760483245,8.776844462627196,98853.59918260115,6300361.382553724,63.73143470953828
2012,f,15,0.00017213185299939755,0.5,0.00017211703958691914,98849.21076036982,17.013633521579322,98840.70394360903,6201507.783371123,62.73704904336376
2012,f,16,0.000332474441027346,0.5,0.00033241918058671987,98832.19712684824,32.85371798448614,98815.770267856,6102667.079427513,61.7477629440426
2012,f,17,0.00024015369836695484,0.5,0.00024012486492976345,98799.34340886376,23.724178991207737,98787.48131936815,6003851.309159657,60.76812964549543
2012,f,18,0.0003130135378355114,0.5,0.00031296455676394646,98775.61922987255,30.913267891359283,98760.16259592687,5905063.827840289,59.78260499787816
2012,f,19,0.0002325761686952477,0.5,0.0002325491260028681,98744.70596198119,22.962995068868622,98733.22446444676,5806303.665244362,58.80116416043522
2012,f,20,0.00014953271028037384,0.5,0.0001495215311004785,98721.74296691232,14.761026161315385,98714.36245383167,5707570.440779916,57.814725198813306
2012,f,21,0.00014928715384041204,0.5,0.00014927601134497688,98706.98194075101,14.7345845560194,98699.614648473,5608856.078326085,56.8232962658387
2012,f,22,7.523322299127295e-05,0.5,7.523039307880384e-05,98692.24735619499,7.424656562434393,98688.53502791378,5510156.463677611,55.8317052381089
2012,f,23,0.00029271862422246617,0.5,0.000292675788395405,98684.82269963255,28.882658286282094,98670.38137048941,5411467.928649697,54.83586817722323
2012,f,24,0.0002865124274765418,0.5,0.0002864713886700566,98655.94004134627,28.262104144203477,98641.80898927417,5312797.547279208,53.851775626005264
2012,f,25,0.00035842293906810036,0.5,0.00035835871707579287,98627.67793720207,35.34408813374466,98610.0058931352,5214155.738289934,52.867063762870664
2012,f,26,0.0005000714387769681,0.5,0.0004999464343106096,98592.33384906832,49.29088575820788,98567.68840618922,5115545.732396798,51.88583668409772
2012,f,27,0.0003541327289468093,0.5,0.0003540700350529335,98543.04296331012,34.891138676248374,98525.59739397198,5016978.043990609,50.91153970005318
2012,f,28,0.00028292544914415053,0.5,0.0002828854314002829,98508.15182463387,27.866521025352995,98494.2185641212,4918452.446596637,49.92939523779273
2012,f,29,0.0003507787287778869,0.5,0.0003507172167081682,98480.28530360851,34.538731562308385,98463.01593782735,4819958.228032516,48.9433820502539
2012,f,30,0.00020987827060305023,0.5,0.00020985624846979817,98445.7465720462,20.65945505342097,98435.4168445195,4721495.212094689,47.96037793912534
2012,f,31,0.0005635390250774866,0.5,0.0005633802816901408,98425.08711699279,55.450753305340186,98397.36174034011,4623059.795250169,46.970339886567515
2012,f,32,0.00021343198634035288,0.5,0.00021340921216432508,98369.63636368744,20.99298659726628,98359.13987038881,4524662.4335098285,45.99653511761969
2012,f,33,0.0004341848180041971,0.5,0.00043409058023440885,98348.64337709018,42.69221966882469,98327.29726725577,4426303.29363944,45.00624656984872
2012,f,34,0.0006592923595341001,0.5,0.0006590750979458826,98305.95115742135,64.79100438773457,98273.55565522748,4327975.996372185,44.025574702406566
2012,f,35,0.0007244277021153289,0.5,0.0007241653993772177,98241.16015303362,71.14284897749894,98205.58872854487,4229702.440716958,43.05428024392429
2012,f,36,0.0003586543289577505,0.5,0.0003585900240255316,98170.01730405612,35.20278886365122,98152.4159096243,4131496.8519884124,42.08511891356986
2012,f,37,0.0007914238434419742,0.5,0.0007911107914703872,98134.81451519247,77.63551078191085,98095.99675980152,4033344.4360787882,41.100036271575945
2012,f,38,0.0007316359379572724,0.5,0.0007313683902581729,98057.17900441056,71.71592116172542,98021.3210438297,3935248.4393189866,40.1321808283102
2012,f,39,0.0009536384976525822,0.5,0.0009531840011731496,97985.46308324883,93.39817575849884,97938.76399536958,3837227.1182751567,39.161187767363344
2012,f,40,0.0011024547993532265,0.5,0.0011018474308590737,97892.06490749033,107.86212021981191,97838.13384738044,3739288.3542797873,38.19807415252174
2012,f,41,0.0012009307213090145,0.5,0.0012002100367564323,97784.20278727052,117.36158162150241,97725.52199645978,3641450.2204324068,37.23965749717651
2012,f,42,0.0011830819284235432,0.5,0.0011823825007389887,97666.84120564902,115.47956394401263,97609.10142367701,3543724.698435947,36.28380579007585
2012,f,43,0.0015206372194062274,0.5,0.001519481929018487,97551.361641705,148.22753116571403,97477.24787612216,3446115.59701227,35.32616602184866
2012,f,44,0.001447282726680657,0.5,0.001446236170366621,97403.1341105393,140.86793565773405,97332.70014271043,3348638.3491361476,34.37916428167392
2012,f,45,0.0027648428405122236,0.5,0.0027610259391121126,97262.26617488156,268.54363980567723,97127.99435497873,3251305.648993437,33.42823251873914
2012,f,46,0.0029399110856159474,0.5,0.002935595890165754,96993.72253507588,284.73437324585393,96851.35534845295,3154177.6546384585,32.51939993846315
2012,f,47,0.0020976087260523003,0.5,0.002095411049800936,96708.98816183003,202.64508240936266,96607.66562062534,3057326.2992900056,31.61367270407135
2012,f,48,0.0021903483360418284,0.5,0.0021879521473691637,96506.34307942067,211.15126057535235,96400.76744913298,2960718.63366938,30.679005536794957
2012,f,49,0.0032643371169968098,0.5,0.0032590178505295907,96295.19181884531,313.82774905778933,96138.27794431642,2864317.866220247,29.74518054451489
2012,f,50,0.003224596925384327,0.5,0.0032194062815857453,95981.36406978752,309.0030064014427,95826.8625665868,2768179.5882759304,28.84080274440778
2012,f,51,0.0030122642186043175,0.5,0.0030077341735892296,95672.36106338608,287.7570298383216,95528.48254846691,2672352.725709344,27.9323379919392
2012,f,52,0.0037575327897908543,0.5,0.0037504865017867887,95384.60403354776,357.7386699061026,95205.73469859471,2576824.243160877,27.01509608672885
2012,f,53,0.004422533168998767,0.5,0.004412775346330524,95026.86536364166,419.3322087157576,94817.19925928378,2481618.5084622824,26.114914966055245
2012,f,54,0.004558153212762829,0.5,0.004547788454485439,94607.5331549259,430.25504698931763,94392.40563143123,2386801.3092029984,25.228448830754928
2012,f,55,0.004944649446494465,0.5,0.004932454816505319,94177.27810793658,464.525169008848,93945.01552343216,2292408.903571567,24.34142236457755
2012,f,56,0.0063823396906442405,0.5,0.006362037348901612,93712.75293892773,596.2040342658438,93414.65092179482,2198463.8880481347,23.459602018957504
2012,f,57,0.006656196245606163,0.5,0.006634117252431889,93116.54890466189,617.7461035753367,92807.67585287422,2105049.23712634,22.606607116438685
2012,f,58,0.006274094791745408,0.5,0.006254474209713274,92498.80280108655,578.5313765487517,92209.53711281218,2012241.5612734659,21.754244383040046
2012,f,59,0.006491027109583811,0.5,0.006470028544243577,91920.2714245378,594.7267799113761,91622.90803458211,1920032.0241606536,20.888015172332352
2012,f,60,0.008354755784061696,0.5,0.00832,91325.54464462642,759.8285314432869,90945.63037890478,1828409.1161260714,20.02078523857623
2012,f,61,0.00897308075772682,0.5,0.008933002481389578,90565.71611318314,809.0237667678884,90161.20422979919,1737463.4857471667,19.18456078430162
2012,f,62,0.011053369627979873,0.5,0.010992616899097621,89756.69234641525,986.6609330943029,89263.3618798681,1647302.2815173676,18.352974451861677
2012,f,63,0.008768971332209106,0.5,0.00873069173942243,88770.03141332095,775.0237799685565,88382.51952333667,1558038.9196374994,17.551406649651113
2012,f,64,0.011874169251218432,0.5,0.011804087385482734,87995.00763335239,1038.7007595903124,87475.65725355723,1469656.4001141628,16.701588415535575
2012,f,65,0.013459365046748176,0.5,0.013369393274480787,86956.30687376208,1162.553064291773,86375.03034161619,1382180.7428606055,15.895117818965934
2012,f,66,0.013438368860055607,0.5,0.013348676639815881,85793.7538094703,1145.2330773185968,85221.13727081101,1295805.7125189893,15.103730224891411
2012,f,67,0.01540270429159318,0.5,0.015284989207164111,84648.52073215171,1293.8517257933563,84001.59486925503,1210584.5752481783,14.30130810057224
2012,f,68,0.019494328922495273,0.5,0.01930614871584859,83354.66900635835,1609.2576359970844,82550.04018835981,1126582.9803789232,13.515535408016397
2012,f,69,0.023164688256309785,0.5,0.022899458843634295,81745.41137036127,1871.9256833315449,80809.4485286955,1044032.9401905634,12.771762019282006
2012,f,70,0.022835511051410427,0.5,0.0225777241171144,79873.48568702972,1803.3615241140506,78971.8049249727,963223.4916618679,12.059364673730286
2012,f,71,0.026891405043746784,0.5,0.026534628324763537,78070.12416291567,2071.561727931112,77034.34329895012,884251.6867368952,11.326377359047756
2012,f,72,0.035292591150901775,0.5,0.034680606910620936,75998.56243498456,2635.6762695799844,74680.72430019456,807217.3434379451,10.62148174353305
2012,f,73,0.03889199776161164,0.5,0.03815013036915054,73362.88616540458,2798.8036714673362,71963.4843296709,732536.6191377506,9.985111783718096
2012,f,74,0.0433766613115233,0.5,0.04245586448431135,70564.08249393724,2995.8591238223744,69066.15293202605,660573.1348080797,9.361322523605903
2012,f,75,0.05019022534386889,0.5,0.0489615302262508,67568.22337011487,3308.2436108699476,65914.10156467989,591506.9818760536,8.75421836439279
2012,f,76,0.04908709967075726,0.5,0.047911189015483496,64259.97975924492,3078.772036376329,62720.59374105676,525592.8803113737,8.17916348994427
2012,f,77,0.06208320101619562,0.5,0.060214060214060214,61181.20772286859,3683.9689257937353,59339.223259971724,462872.28657031694,7.56559577357448
2012,f,78,0.07581227436823104,0.5,0.07304347826086956,57497.23879707485,4199.79831213416,55397.33964100777,403533.0633103452,7.018303343827266
2012,f,79,0.08995937318630295,0.5,0.08608719800055539,53297.44048494069,4588.227311949908,51003.32682896574,348135.72366933746,6.53194075553598
2012,f,80,0.0988185134901323,0.5,0.09416584888591122,48709.213172990785,4586.744406999482,46415.840969491044,297132.3968403717,6.100127213821047
2012,f,81,0.11063725759764019,0.5,0.10483777560486089,44122.4687659913,4625.701479621479,41809.618026180564,250716.5558708807,5.682287571001192
2012,f,82,0.12367554100552342,0.5,0.11647310393466716,39496.767286369824,4600.311081228712,37196.611745755465,208906.93784470012,5.289216110524394
2012,f,83,0.13801190983257794,0.5,0.12910303183800814,34896.45620514111,4505.2382964859935,32643.837056898115,171710.32609894464,4.920566291589444
2012,f,84,0.15371862719774876,0.5,0.14274717714426371,30391.21790865512,4338.260566436711,28222.08762543676,139066.48904204654,4.575877461049094
2012,f,85,0.1708585632900677,0.5,0.15741105033680425,26052.957342218408,4101.023379618557,24002.44565240913,110844.40141660979,4.254580390264877
2012,f,86,0.1894817345780805,0.5,0.1730836403753733,21951.93396259985,3799.5206435265754,20052.17364083656,86841.95576420065,3.956004783549177
2012,f,87,0.2096215969180464,0.5,0.18973528970790662,18152.413319073275,3444.153399992032,16430.336619077258,66789.7821233641,3.679388572162254
2012,f,88,0.2312912486594775,0.5,0.2073160541443735,14708.259919081243,3049.2584097537656,13183.63071420436,50359.44550428684,3.42388873880008
2012,f,89,0.25447975233008824,0.5,0.2257547463596193,11659.001509327478,2632.0749285446436,10342.964045055156,37175.814790082484,3.1885933594176956
2012,f,90,0.2791488305502435,0.5,0.24495884323872782,9026.926580782834,2211.225493229488,7921.31383416809,26832.850745027332,2.9725345060578006
2012,f,91,0.3052302252006916,0.5,0.26481539402349147,6815.701087553346,1804.902569046778,5913.249803029958,18911.536910859242,2.7747016290657163
2012,f,92,0.3326240194983842,0.5,0.28519299871559484,5010.798518506568,1429.0446554525479,4296.276190780294,12998.287107829286,2.5940550313133186
2012,f,93,0.3611982022672349,0.5,0.3059448392942283,3581.7538630540203,1095.8191100235435,3033.8443080422485,8702.010917048992,2.429539060964153
2012,f,94,0.3907896968693671,0.5,0.32691264930670305,2485.9347530304767,812.6835161167976,2079.592994972078,5668.166609006743,2.280094681526524
2012,f,95,0.42120698339941137,0.5,0.34793141295836705,1673.2512369136791,582.1766670937118,1382.1629033668232,3588.573614034665,2.1446711258100177
2012,f,96,0.45223431765343947,0.5,0.3688345068803912,1091.0745698199673,402.42595092928264,889.861594355326,2206.4107106678416,2.0222364004248674
2012,f,97,0.48363740665856103,0.5,0.3894589486870692,688.6486188906847,268.20036712796826,554.5484353267005,1316.5491163125157,1.911786476001781
2012,f,98,0.5151702563297471,0.5,0.4096504044076184,420.44825176271644,172.2367963670729,334.32985357918,762.0006809858153,1.812353072681717
2012,f,99,0.5465827829132629,0.5,0.429267633929401,248.21145539564353,106.54914417186095,194.93688330971304,427.6708274066353,1.7230100308019125
2012,f,100,0.5776286957259567,0.5,0.4481861151559494,141.66231122378258,63.49108093140016,109.91677075808249,232.73394409692224,1.642878349833462
2012,f,101,0.6080731281990117,0.5,0.4663006735696194,78.17123029238242,36.45129733910375,59.945581622830545,122.81717333883977,1.5711301060437317
2012,f,102,0.637699522542346,0.5,0.48352704096310367,41.719932953278665,20.17271573007791,31.63357508823971,62.87159171600922,1.5069916767703793
2012,f,103,0.6663153556717267,0.5,0.49980236152813323,21.547217223200754,10.769350052515403,16.16254219694305,31.238016627769515,1.4497471438740723
2012,f,104,0.6937564167749296,0.5,0.5150847437093231,10.77786717068535,5.5515149493455915,8.002109696012555,15.075474430826464,1.398743758118503
2012,f,105,0.7198894907276867,0.5,0.5293520146181274,5.226352221339759,2.766580077470127,3.8430621826046956,7.07336473481391,1.3534037575830804
2012,f,106,0.7446134456722192,0.5,0.5425998672755509,2.4597721438696323,1.3346720387917597,1.7924361244737526,3.2303025522092144,1.3132527580897835
2012,f,107,0.7678588491373889,0.5,0.5548396005646706,1.1251001050778726,0.6242500928966758,0.8129750586295348,1.4378664277354618,1.2779897728619813
2012,f,108,0.7895863322732511,0.5,0.5660956415927177,0.5008500121811968,0.28352900898743516,0.35908550768747927,0.624891369105927,1.2476616829548057
2012,f,109,0.8097839800216221,0.5,0.5764030158755412,0.2173210031937617,0.12526448165398238,0.15468876236677054,0.2658058614184478,1.2231024959030645
2012,f,110,0.8284640467167577,0.5,1.0,0.09205652153977933,0.09205652153977933,0.11111709905167726,0.11111709905167726,1.207052984330518
2013,f,0,0.009795029929258117,0.08153020134228188,0.009707695239583697,100000.0,970.76952395837,99108.3775107869,7741343.395762016,77.41343395762016
2013,f,1,0.00018269845619804512,0.5,0.00018268176835951774,99029.23047604163,18.090834942646325,99020.1850585703,7642235.018251229,77.17150766005531
2013,f,2,0.0006341728574017033,0.5,0.0006339718335371101,99011.13964109898,62.77027373886085,98979.75450422955,7543214.833192659,76.1855167058547
2013,f,3,0.000270148581719946,0.5,0.00027011209652005587,98948.36936736012,26.72715149706346,98935.00579161159,7444235.078688429,75.23352963049477
2013,f,4,9.307520476545048e-05,0.5,9.30708734701475e-05,98921.64221586306,9.20672364612983,98917.03885404,7345300.072896817,74.25372151493585
2013,f,5,0.00028694404591104734,0.5,0.0002869028833739779,98912.43549221693,28.378262944257585,98898.2463607448,7246383.034042777,73.26058647714694
2013,f,6,0.0,0.5,0.0,98884.05722927267,0.0,98884.05722927267,7147484.787682032,72.28146769008342
2013,f,7,0.00019340489314379654,0.5,0.0001933861922258751,98884.05722927267,19.122811299414025,98874.49582362297,7048600.730452759,71.28146769008342
2013,f,8,9.619084263178146e-05,0.5,9.618621651517339e-05,98864.93441797326,9.50944398768479,98860.17969597942,6949726.2346291365,70.29515849621302
2013,f,9,0.0,0.5,0.0,98855.42497398557,0.0,98855.42497398557,6850866.054933157,69.301872474232
2013,f,10,9.360666479453337e-05,0.5,9.360228389572705e-05,98855.42497398557,9.253093553052167,98850.79842720905,6752010.629959172,68.301872474232
2013,f,11,9.222539887485013e-05,0.5,9.222114630884863e-05,98846.17188043252,9.115707279052003,98841.61402679299,6653159.831531962,67.30821947844208
2013,f,12,8.975854950184004e-05,0.5,8.97545213840147e-05,98837.05617315347,8.871072671827278,98832.62063681756,6554318.217505169,66.31438117726417
2013,f,13,0.00027485112230874945,0.5,0.00027481335592909815,98828.18510048164,27.15930520783877,98814.60544787772,6455485.596868351,65.32028884578688
2013,f,14,0.00018436578171091445,0.5,0.0001843487879067195,98801.0257952738,18.213849349296652,98791.91887059915,6356670.991420473,64.33810722362507
2013,f,15,0.0003590019745108598,0.5,0.0003589375448671931,98782.8119459245,35.456859994941624,98765.08351592704,6257879.072549874,63.34987787121863
2013,f,16,0.0004351610095735422,0.5,0.0004350663476180117,98747.35508592956,42.9616511141794,98725.87426037248,6159113.989033947,62.37244515232139
2013,f,17,0.0002524402558061259,0.5,0.00025240839678599975,98704.39343481539,24.913817702617962,98691.93652596408,6060388.114773574,61.39937548753459
2013,f,18,0.00024321037697608432,0.5,0.00024318080492846434,98679.47961711277,23.996955283204443,98667.48113947117,5961696.17824761,60.41475088214538
2013,f,19,0.00015866719555731853,0.5,0.000158654608916389,98655.48266182956,15.652147019165568,98647.65658831998,5863028.697108139,59.42932454352669
2013,f,20,0.0002357934449422306,0.5,0.00023576564894494873,98639.8305148104,23.25588365313888,98628.20257298384,5764381.04051982,58.43867543602804
2013,f,21,7.583801001061732e-05,0.5,7.583513441777576e-05,98616.57463115726,7.478601192968199,98612.83533056077,5665752.837946836,57.45233860674754
2013,f,22,0.0004544421722335833,0.5,0.0004543389368468878,98609.09602996429,44.80195185368939,98586.69505403744,5567140.002616275,56.45665792255708
2013,f,23,0.0004578754578754579,0.5,0.00045777065690089265,98564.2940781106,45.11984164711612,98541.73415728705,5468553.307562238,55.48209276706733
2013,f,24,0.000594000594000594,0.5,0.0005938242280285036,98519.17423646348,58.50307258697285,98489.92270016999,5370011.57340495,54.50727348278387
2013,f,25,0.0005814376044770696,0.5,0.0005812686187604447,98460.67116387651,57.23209832965222,98432.0551147117,5271521.65070478,53.539363366017845
2013,f,26,0.000799651061355045,0.5,0.000799331468226574,98403.43906554686,78.65696542680962,98364.11058283345,5173089.595590068,52.57021141450408
2013,f,27,0.00036255528968167646,0.5,0.0003624895784246203,98324.78210012005,35.64170881216705,98306.96124571396,5074725.485007235,51.61186606892098
2013,f,28,0.00043134435657800146,0.5,0.0004312513476604614,98289.14039130788,42.38732425413036,98267.94672918081,4976418.523761521,50.630400306172646
2013,f,29,0.00035816618911174784,0.5,0.00035810205908683976,98246.75306705375,35.18236457191233,98229.16188476779,4878150.577032341,49.65202843602359
2013,f,30,0.0006391137622496804,0.5,0.0006389095942924075,98211.57070248184,62.748314792333986,98180.19654508567,4779921.415147573,48.669636183985624
2013,f,31,0.0005662514156285391,0.5,0.0005660911406736485,98148.8223876895,55.56117882122635,98121.0417982789,4681741.218602487,47.70043190237708
2013,f,32,0.0006414368184733803,0.5,0.0006412311638345624,98093.26120886828,62.90045604929037,98061.81098084364,4583620.176804208,46.727166783092116
2013,f,33,0.0005751671579552807,0.5,0.0005750017968806151,98030.36075281899,56.367633581729024,98002.17693602812,4485558.365823365,45.75682810281178
2013,f,34,0.0003655772464721796,0.5,0.00036551043532292846,97973.99311923726,35.81051687533909,97956.0878607996,4387556.188887336,44.782865832033096
2013,f,35,0.0003699593044765076,0.5,0.0003698908821897541,97938.18260236192,36.2264407628536,97920.06938198049,4289600.101026537,43.799057599860824
2013,f,36,0.0005857372968223752,0.5,0.0005855658029571073,97901.95616159907,57.32803757084184,97873.29214281365,4191680.0316445567,42.815079452811744
2013,f,37,0.0008684953318375914,0.5,0.0008681183534688564,97844.62812402823,84.94071746281406,97802.15776529681,4093806.739501743,41.839872234093605
2013,f,38,0.0011610187939917278,0.5,0.0011603452026978027,97759.68740656541,113.43498429944157,97702.96991441569,3996004.5817364464,40.875791317926
2013,f,39,0.0012546125461254613,0.5,0.0012538260132020505,97646.25242226597,122.4314113787259,97585.03671657661,3898301.6118220305,39.92269559884423
2013,f,40,0.000812948045229473,0.5,0.0008126177372289734,97523.82101088724,79.24958675578819,97484.19621750935,3800716.575105454,38.97218685351914
2013,f,41,0.0008888888888888889,0.5,0.0008884940026654821,97444.57142413146,86.57891730264237,97401.28196548013,3703232.3788879444,38.003475460623406
2013,f,42,0.0007559721802237678,0.5,0.0007556865412227009,97357.99250682881,73.57212461787276,97321.20644451988,3605831.096922464,37.0368267060308
2013,f,43,0.0012664829024808164,0.5,0.0012656814205412648,97284.42038221094,123.1310833858879,97222.854840518,3508509.890477944,36.06445797480947
2013,f,44,0.0011670313639679066,0.5,0.001166350779997084,97161.28929882505,113.32414555920695,97104.62722604544,3411287.035637426,35.10952829316437
2013,f,45,0.0014567703401558744,0.5,0.0014557100225635054,97047.96515326585,141.27369554300094,96977.32830549435,3314182.408411381,34.14994228036993
2013,f,46,0.001978601788069764,0.5,0.00197664629012775,96906.69145772285,191.55025215845671,96810.91633164362,3217205.0801058863,33.198998249872616
2013,f,47,0.002382327461738377,0.5,0.0023794930958647292,96715.14120556439,230.13301076422795,96600.07470018227,3120394.1637742426,32.26376061574436
2013,f,48,0.002462880866934065,0.5,0.0024598517060828618,96485.00819480016,237.33881201939948,96366.33878879045,3023794.0890740603,31.33952253980345
2013,f,49,0.0021311358954322654,0.5,0.002128867442520579,96247.66938278076,204.89852976749535,96145.22011789701,2927427.7502852697,30.415570258047232
2013,f,50,0.002762637198536549,0.5,0.0027588263803452256,96042.77085301327,264.9653298707417,95910.28818807789,2831282.530167373,29.47939241049649
2013,f,51,0.0033174998115056927,0.5,0.003312006021829131,95777.80552314252,317.21666865023144,95619.1971888174,2735372.241979295,28.559562698670877
2013,f,52,0.0030305216826610865,0.5,0.0030259365994236313,95460.5888544923,288.85768961733265,95316.16000968363,2639753.0447904775,27.6528049582239
2013,f,53,0.0032812611455881303,0.5,0.003275886625836775,95171.73116487496,311.7718012807454,95015.84526423458,2544436.884780794,26.73521699813179
2013,f,54,0.004595521190458822,0.5,0.004584985990320585,94859.95936359421,434.93158472445793,94642.49357123199,2449421.0395165593,25.82144306142945
2013,f,55,0.003840189055461192,0.5,0.003832829660204909,94425.02777886976,361.9150471365283,94244.07025530149,2354778.5459453273,24.938076284816034
2013,f,56,0.0060187249219794915,0.5,0.006000666740748972,94063.11273173323,564.4413921006344,93780.89203568292,2260534.475690026,24.03210365934881
2013,f,57,0.005741482208959734,0.5,0.005725047080979284,93498.6713396326,535.2842954284133,93231.02919191838,2166753.5836543427,23.1741644304617
2013,f,58,0.006250941406838379,0.5,0.006231465145088029,92963.38704420418,579.2981061352766,92673.73799113654,2073522.5544624242,22.30472254067574
2013,f,59,0.0063194761687224,0.5,0.006299571173769497,92384.0889380689,581.980143589215,92093.09886627429,1980848.8164712877,21.441449921091717
2013,f,60,0.008219388538946075,0.5,0.008185747618865471,91802.10879447969,751.4688934712467,91426.37434774407,1888755.7176050134,20.574208396818324
2013,f,61,0.00899878394811512,0.5,0.008958476251967233,91050.63990100844,815.674995279609,90642.80240336864,1797329.3432572694,19.73988700366468
2013,f,62,0.008288680509042197,0.5,0.008254471171884771,90234.96490572883,744.8419165103842,89862.54394747363,1706686.5408539006,18.91380511575449
2013,f,63,0.010579806731089637,0.5,0.010524135073544645,89490.12298921845,941.8061420866579,89019.21991817512,1616823.996906427,18.067066430350284
2013,f,64,0.009808938928693278,0.5,0.009761066078173406,88548.31684713179,864.3259718558838,88116.15386120384,1527804.7769882518,17.253910987668192
2013,f,65,0.012790697674418604,0.5,0.012709416522241479,87683.99087527591,1114.4123623663036,87126.78469409276,1439688.623127048,16.419059040947396
2013,f,66,0.012493492972410203,0.5,0.012415933781686499,86569.5785129096,1074.8421543247969,86032.15743574721,1352561.838432955,15.623985488519569
2013,f,67,0.014441704825642832,0.5,0.014338171008917643,85494.7363585848,1225.8381502717239,84881.81728344894,1266529.680997208,14.814124646049413
2013,f,68,0.019990423749102225,0.5,0.01979259259259259,84268.89820831308,1667.8999704637972,83434.94822308118,1181647.863713759,14.02234856319968
2013,f,69,0.02378652499396281,0.5,0.02350695065926854,82600.99823784929,1941.6975899834506,81630.14944285757,1098212.9154906778,13.295395200048038
2013,f,70,0.02229825389334592,0.5,0.022052389008809285,80659.30064786584,1778.7302750652307,79769.93551033322,1016582.7660478202,12.603416566750482
2013,f,71,0.029518449030644153,0.5,0.029089116233205967,78880.5703728006,2294.566080115983,77733.28733274262,936812.830537487,11.876344530851878
2013,f,72,0.02916998143728454,0.5,0.028750653423941456,76586.00429268462,2201.8976665434748,75485.05545941289,859079.5432047445,11.217187149777997
2013,f,73,0.03406195520986992,0.5,0.0334915611814346,74384.10662614115,2491.239857995766,73138.48669714326,783594.4877453316,10.5344343474302
2013,f,74,0.037085514834205933,0.5,0.03641036624544871,71892.86676814538,2617.6456094634195,70584.04396341367,710456.0010481883,9.882148716358886
2013,f,75,0.04349153059667328,0.5,0.04256590247180943,69275.22115868196,2948.762307553494,67800.84000490521,639871.9570847746,9.236664226868113
2013,f,76,0.04914759637536477,0.5,0.04796882026682656,66326.45885112847,3181.6019835648476,64735.65785934604,572071.1170798694,8.625081558536067
2013,f,77,0.05781077238982783,0.5,0.05618667485416027,63144.85686756362,3547.899541530285,61370.90709679847,507335.4592205233,8.03447001684681
2013,f,78,0.06611430503889076,0.5,0.06399869056387593,59596.957326033335,3814.1272304573286,57689.89371080467,445964.55212372483,7.483008732879005
2013,f,79,0.07716506291635826,0.5,0.07429844097995546,55782.830095576006,4144.577309551038,53710.54144080049,388274.6584129202,6.9604689784951095
2013,f,80,0.08966530772733988,0.5,0.08581786508659352,51638.25278602497,4431.4846108985,49422.510480575715,334564.1169721197,6.478997621365375
2013,f,81,0.10048927971639271,0.5,0.09568178298911455,47206.76817512647,4516.827748149888,44948.35430105153,285141.606491544,6.040269595108331
2013,f,82,0.11245845690777113,0.5,0.10647163880551616,42689.94042697658,4545.267917770048,40417.306468091556,240193.25219049247,5.626460233678607
2013,f,83,0.12565412125946632,0.5,0.11822630973002822,38144.67250920653,4509.703866623946,35889.820575894555,199775.9457224009,5.237322346238084
2013,f,84,0.1401536360475012,0.5,0.1309753035360032,33634.968642582586,4405.350227386203,31432.293528889484,163886.12514650635,4.872492282898193
2013,f,85,0.1560277110977304,0.5,0.14473627615694204,29229.618415196383,4230.586122903904,27114.325353744433,132453.83161761687,4.531493697117666
2013,f,86,0.1733372687244341,0.5,0.1595125351401796,24999.03229229248,3987.6590169947885,23005.202783795085,105339.50626387243,4.213743357431878
2013,f,87,0.19212997459688808,0.5,0.17529067785519328,21011.37327529769,3683.0978640954236,19169.82434324998,82334.30348007735,3.918558887194432
2013,f,88,0.2124365437465131,0.5,0.19203854171272697,17328.275411202267,3327.6967403637864,15664.427041020374,63164.479136827365,3.6451682373419123
2013,f,89,0.23426698295087453,0.5,0.20970366096666743,14000.57867083848,2935.9726029266676,12532.592369375147,47500.05209580699,3.3927206305224997
2013,f,90,0.25760698210644867,0.5,0.22821242505734085,11064.606067911813,2525.080583062323,9802.065776380652,34967.45972643184,3.1602986596911116
2013,f,91,0.28241471223006603,0.5,0.2474701119974193,8539.52548484949,2113.27732814052,7482.886820779229,25165.393950051188,2.9469311842559285
2013,f,92,0.3086183181170785,0.5,0.26736192439882334,6426.24815670897,1718.1340738421013,5567.18111978792,17682.50712927196,2.751606644821444
2013,f,93,0.3361144005586746,0.5,0.28775508637615854,4708.114082866869,1354.7837745841643,4030.7221955747864,12115.326009484039,2.573286414951688
2013,f,94,0.3647677585246245,0.5,0.3085019720940399,3353.330308282704,1034.5090131879288,2836.07580168874,8084.6038139092525,2.410917825166323
2013,f,95,0.3944126010094823,0.5,0.3294441407827525,2318.8212950947755,763.9220891912478,1936.8602504991516,5248.528012220513,2.263446529201378
2013,f,96,0.4248553414792064,0.5,0.3504170613493478,1554.8992059035277,544.8632104271486,1282.4676006899533,3311.667761721362,2.1298279329926104
2013,f,97,0.455878961591317,0.5,0.3712552358817591,1010.0359954763791,374.9811517496505,822.5454196015538,2029.2001610314082,2.0090374700699107
2013,f,98,0.4872487882251037,0.5,0.39179738716270807,635.0548437267286,248.81282847715414,510.64842948815146,1206.6547414298545,1.9000795810780273
2013,f,99,0.5187193871465913,0.5,0.41189136812436933,386.2420152495744,159.08975208826072,306.69713920544405,696.0063119417031,1.801995340905549
2013,f,100,0.5500421583203338,0.5,0.4313984821981426,227.1522631613137,97.99314155566378,178.1556923834818,389.30917273625903,1.713868782631448
2013,f,101,0.5809731406047108,0.5,0.4501969675427086,129.15912160564991,58.14704487734353,100.08559916697814,211.1534803527772,1.6348321181485994
2013,f,102,0.611280510091579,0.5,0.46818448476080504,71.01207672830638,33.246752554836874,54.388700450887946,111.06788118579907,1.5640703145571562
2013,f,103,0.6407512906356211,0.5,0.48527954367212983,37.76532417346951,18.326739281531335,28.601954532703843,56.67918073491112,1.5008260083923435
2013,f,104,0.6691968813919613,0.5,0.5014218966440432,19.438584891938174,9.746932104591883,14.565118839642231,28.077226202207278,1.4444069029866384
2013,f,105,0.6964571302914729,0.5,0.5165720029201352,9.69165278734629,5.006436491965984,7.188434541363298,13.512107362565045,1.3942005207003343
2013,f,106,0.7224028250194778,0.5,0.530709723322675,4.6852162953803065,2.4864898438281706,3.441971373466221,6.323672821201747,1.3497077664134702
2013,f,107,0.7469366138749041,0.5,0.5438324350857553,2.198726451552136,1.19573876023506,1.6008570714346058,2.8817014477355256,1.3106229952804092
2013,f,108,0.7699924903702432,0.5,0.5559527638050198,1.0029876913170759,0.5576137790501443,0.7241808017920037,1.2808443763009199,1.2770290078225943
2013,f,109,0.7915340656494902,0.5,0.5670961177866397,0.4453739122669315,0.2525698166100243,0.3190890039619193,0.556663574508916,1.2498791670924898
2013,f,110,0.8115519064729486,0.5,1.0,0.19280409565690718,0.19280409565690718,0.23757457054699668,0.23757457054699668,1.2322070739086273
2014,f,0,0.009559022454684823,0.08077049328163044,0.009475759566600064,100000.0,947.5759566600027,99128.96022078124,7742648.751433057,77.42648751433057
2014,f,1,0.0001823819077147547,0.5,0.00018236527765113522,99052.42404334,18.063722812687047,99043.39218193365,7643519.791212276,77.16640824325393
2014,f,2,0.0003677822728944465,0.5,0.0003677146534289392,99034.36032052731,36.41638548280753,99016.1521277859,7544476.399030342,76.18039208424678
2014,f,3,9.119095385737735e-05,0.5,9.11867961519172e-05,98997.9439350445,9.027305333060212,98993.43028237797,7445460.246902556,75.20823111021117
2014,f,4,0.0002717637467161881,0.5,0.0002717268239663059,98988.91662971144,26.897943923657294,98975.46765774961,7346466.8166201785,74.21504413571026
2014,f,5,0.00018737118231216038,0.5,0.00018735362997658077,98962.01868578779,18.540893430588767,98952.74823907249,7247491.348962429,73.23507993479585
2014,f,6,0.0001925483777799172,0.5,0.00019252984212552945,98943.4777923572,19.049572158706724,98933.95300627785,7148538.600723357,72.24870966962857
2014,f,7,9.720062208398134e-05,0.5,9.719589833309034e-05,98924.42822019849,9.615048667954397,98919.62069586452,7049604.647717079,71.26252609744864
2014,f,8,0.00019451468585878233,0.5,0.00019449576971700862,98914.81317153054,19.238512724201428,98905.19391516843,6950685.027021214,70.26940459330258
2014,f,9,0.0,0.5,0.0,98895.57465880633,0.0,98895.57465880633,6851779.833106046,69.28297708714427
2014,f,10,0.0,0.5,0.0,98895.57465880633,0.0,98895.57465880633,6752884.258447239,68.28297708714427
2014,f,11,0.0,0.5,0.0,98895.57465880633,0.0,98895.57465880633,6653988.683788433,67.28297708714427
2014,f,12,0.0002778035003241041,0.5,0.0002777649182908199,98895.57465880633,27.46972121442377,98881.83979819913,6555093.109129626,66.28297708714427
2014,f,13,0.0,0.5,0.0,98868.10493759191,0.0,98868.10493759191,6456211.269331427,65.30125436718701
2014,f,14,0.00036924213052709313,0.5,0.0003691739732348869,98868.10493759191,36.49953112601361,98849.85517202891,6357343.164393836,64.30125436718701
2014,f,15,9.292816652727442e-05,0.5,9.292384890582169e-05,98831.6054064659,9.183813167910557,98827.01349988194,6258493.309221807,63.32481682840655
2014,f,16,9.054690329590728e-05,0.5,9.05428041106433e-05,98822.42159329799,8.947659160068724,98817.94776371795,6159666.295721925,62.33065529472581
2014,f,17,0.00026352775825720307,0.5,0.0002634930393922094,98813.47393413792,26.036662579805125,98800.45560284801,6060848.347958207,61.33625412256977
2014,f,18,0.0,0.5,0.0,98787.43727155811,0.0,98787.43727155811,5962047.892355359,60.352288276961836
2014,f,19,0.0003280570819322562,0.5,0.00032800328003280033,98787.43727155811,32.40260345110437,98771.23596983256,5863260.455083801,59.352288276961836
2014,f,20,0.00024073182474723158,0.5,0.0002407028523288001,98755.03466810701,23.770618526439648,98743.14935884379,5764489.219113969,58.371598354322835
2014,f,21,0.00015914697222885334,0.5,0.00015913430935709738,98731.26404958057,15.711531516484683,98723.40828382233,5665746.069755126,57.38553156687955
2014,f,22,7.677543186180422e-05,0.5,7.677248474146866e-05,98715.55251806408,7.578638249440701,98711.76319893936,5567022.661471304,56.39458544744089
2014,f,23,0.00030667791152342254,0.5,0.00030663089306247603,98707.97387981464,30.266914183157496,98692.84042272306,5468310.898272364,55.398876943118076
2014,f,24,0.0006182380216383308,0.5,0.0006180469715698394,98677.70696563149,60.98745795155992,98647.2132366557,5369618.057849641,54.41571579809641
2014,f,25,0.0,0.5,0.0,98616.71950767993,0.0,98616.71950767993,5270970.844612985,53.449058850538016
2014,f,26,0.0002207505518763797,0.5,0.00022072618916234413,98616.71950767993,21.767292684628046,98605.8358613376,5172354.125105305,52.449058850538016
2014,f,27,0.0002943990579230146,0.5,0.0002943557288983737,98594.9522149953,29.02198902494274,98580.44122048283,5073748.289243967,51.460527899848216
2014,f,28,0.0004406256884776382,0.5,0.00044052863436123345,98565.93022597035,43.42111463699257,98544.21966865186,4975167.848023484,50.47553283997331
2014,f,29,0.0,0.5,0.0,98522.50911133336,0.0,98522.50911133336,4876623.6283548325,49.49755819600679
2014,f,30,0.0005071361298268492,0.5,0.0005070075688987071,98522.50911133336,49.9516578263283,98497.53328242019,4778101.119243499,48.49755819600679
2014,f,31,0.00014354410392593124,0.5,0.00014353380221042054,98472.55745350703,14.134140584690613,98465.4903832147,4679603.585961078,47.521905665652206
2014,f,32,0.00014301036825169826,0.5,0.000143000143000143,98458.42331292234,14.079568613320589,98451.38352861568,4581138.095577864,46.528655867441714
2014,f,33,0.0005038871292830406,0.5,0.0005037602101399734,98444.34374430902,49.59234329171886,98419.54757266317,4482686.712049249,45.535238913189346
2014,f,34,0.0006531204644412192,0.5,0.0006529072508977474,98394.7514010173,64.24264664000657,98362.63007769731,4384267.164476586,44.557937309156685
2014,f,35,0.0006638147219353887,0.5,0.0006635944700460829,98330.5087543773,65.2515818462125,98297.88296345419,4285904.534398888,43.58672184952054
2014,f,36,0.0009702216583327114,0.5,0.0009697512215135579,98265.25717253108,95.29285317540052,98217.61074594338,4187606.651435434,42.615332946037725
2014,f,37,0.000517063081695967,0.5,0.0005169294391315587,98169.96431935568,50.74694459517195,98144.5908470581,4089389.0406894903,41.656213986045074
2014,f,38,0.0008755928493250639,0.5,0.0008752096856538546,98119.21737476051,85.87488939515606,98076.27993006294,3991244.449842432,40.677499847946315
2014,f,39,0.0010236162901221028,0.5,0.0010230926629640456,98033.34248536536,100.29719342262251,97983.19388865404,3893168.169912369,39.71269438756054
2014,f,40,0.0008922596475574393,0.5,0.0008918617614269788,97933.04529194273,87.34273827598372,97889.37392280475,3795184.976023715,38.75285369417546
2014,f,41,0.000968054211035818,0.5,0.0009675858732462506,97845.70255366675,94.6741195487848,97798.36549389236,3697295.60210091,37.78700040579712
2014,f,42,0.0012675216224276766,0.5,0.0012667188256771356,97751.02843411796,123.82306794679607,97689.11690014457,3599497.236607018,36.82311372338143
2014,f,43,0.0017506469782310853,0.5,0.0017491159359671472,97627.20536617117,170.7613006899046,97541.82471582622,3501808.1197068733,35.869183252481854
2014,f,44,0.0017251725172517253,0.5,0.0017236856896616331,97456.44406548126,167.98427800097852,97372.45192648078,3404266.294991047,34.9311564528633
2014,f,45,0.001100836635843241,0.5,0.0011002310485201893,97288.45978748029,107.03978412089054,97234.93989541984,3306893.843064566,33.99060741929968
2014,f,46,0.0017587571449509014,0.5,0.0017572118904671257,97181.4200033594,170.7683467623865,97096.03582997821,3209658.9031691463,33.027495410729685
2014,f,47,0.002285293033542204,0.5,0.0022826847317845437,97010.65165659701,221.44473335698422,96899.92928991851,3112562.867339168,32.08475372742746
2014,f,48,0.002325581395348837,0.5,0.0023228803716608595,96789.20692324002,224.8297489506076,96676.79204876472,3015662.93804925,31.157016716139246
2014,f,49,0.0036106194690265487,0.5,0.0036041129288717716,96564.37717428942,348.02892024230096,96390.36271416827,2918986.146000485,30.228395101974257
2014,f,50,0.0029997857295907433,0.5,0.002995293110825845,96216.34825404712,288.19616507415776,96072.25017151004,2822595.783286317,29.33592715277043
2014,f,51,0.003456307761665039,0.5,0.0034503450345034505,95928.15208897296,330.985223229276,95762.65947735832,2726523.5331148067,28.422558693572743
2014,f,52,0.00379247572815534,0.5,0.003785297902944962,95597.16686574368,361.8637552643777,95416.2349881115,2630760.8736374485,27.519234720962803
2014,f,53,0.003626867836936022,0.5,0.00362030265730215,95235.3031104793,344.7806209198461,95062.91280001937,2535344.638649337,26.62189918908714
2014,f,54,0.004450186620729256,0.5,0.0044403065243858765,94890.52248955946,421.34300611277285,94679.85098650306,2440281.7258493174,25.71681198317582
2014,f,55,0.0049889948642699924,0.5,0.004976580796252927,94469.17948344669,470.1335044550942,94234.11273121914,2345601.8748628143,24.829281758224873
2014,f,56,0.004158621713946235,0.5,0.004149992589298947,93999.04597899159,390.0953442139871,93803.9983068846,2251367.762131595,23.950963955897667
2014,f,57,0.005380763769523952,0.5,0.005366326302452113,93608.9506347776,502.3361739363463,93357.78254780943,2157563.7638247106,23.048690848406245
2014,f,58,0.006767546194205764,0.5,0.006744723580008336,93106.61446084126,627.9783780087746,92792.62527183688,2064205.981276901,22.17034732956662
2014,f,59,0.00683111954459203,0.5,0.00680786686838124,92478.63608283248,629.5822426213999,92163.84496152178,1971413.356005064,21.317500338556922
2014,f,60,0.006668710715928254,0.5,0.006646548760456855,91849.05384021108,610.4792149507994,91543.81423273569,1879249.5110435423,20.46019455260644
2014,f,61,0.008748838649736761,0.5,0.008710734245519368,91238.57462526028,794.7549765006261,90841.19713700996,1787705.6968108066,19.593748632673872
2014,f,62,0.00964840556009812,0.5,0.009602083163805028,90443.81964875966,868.4490779195767,90009.59510979988,1696864.4996737966,18.761530707831703
2014,f,63,0.01014799154334038,0.5,0.010096760622633571,89575.37057084008,904.4210743374715,89123.16003367135,1606854.9045639967,17.938579481434868
2014,f,64,0.010259860398620806,0.5,0.010207496653279786,88670.94949650261,905.1084202286875,88218.39528638826,1517731.7445303253,17.116448545418905
2014,f,65,0.016995945129842118,0.5,0.01685273108345096,87765.84107627392,1479.094117971341,87026.29401728825,1429513.349243937,16.287810060426605
2014,f,66,0.014979573309123922,0.5,0.014868213561612975,86286.74695830258,1282.9297813128942,85645.28206764613,1342487.055226649,15.55843860790575
2014,f,67,0.0155096011816839,0.5,0.015390252839868085,85003.81717698969,1308.2302387077943,84349.70205763579,1256841.773159003,14.785709805738309
2014,f,68,0.01828612405880244,0.5,0.018120447681648607,83695.5869382819,1516.601504300008,82937.28618613188,1172492.071101367,14.009007093360566
2014,f,69,0.018934766674810654,0.5,0.01875718521207721,82178.98543398188,1541.4464503257914,81408.26220881898,1089554.7849152351,13.258313900583794
2014,f,70,0.022710441866205876,0.5,0.022455455211130095,80637.5389836561,1810.7526449832512,79732.16266116448,1008146.5227064162,12.50219854689205
2014,f,71,0.024160425223483932,0.5,0.023872045834328004,78826.78633867284,1881.7566564495792,77885.90801044805,928414.3600452517,11.777904481052866
2014,f,72,0.0304862361718549,0.5,0.030028508077288567,76945.02968222326,2310.5444453198434,75789.75745956335,850528.4520348036,11.053715302306298
2014,f,73,0.03387515366753176,0.5,0.03331094694425789,74634.48523690342,2486.14537793849,73391.41254793417,774738.6945752403,10.380438641950551
2014,f,74,0.03697011813759555,0.5,0.036299126637554587,72148.33985896493,2618.9217252298986,70838.87899634999,701347.282027306,9.720906723540622
2014,f,75,0.04725840654347167,0.5,0.04616750517904705,69529.41813373503,3209.9997717853403,67924.41824784236,630508.403030956,9.06822493204555
2014,f,76,0.05144591787825531,0.5,0.05015576323987538,66319.41836194969,3326.3010455681942,64656.26783916559,562583.9847831137,8.482945096302178
2014,f,77,0.05866103347416315,0.5,0.05698950193385429,62993.1173163815,3589.9463811214373,61198.14412582078,497927.7169439481,7.904478110570675
2014,f,78,0.0671591672263264,0.5,0.0649772579597141,59403.17093526006,3859.855161485386,57473.24335451737,436729.57281812734,7.3519572430585
2014,f,79,0.07710492816875796,0.5,0.07424268954648923,55543.31577377467,4123.685149374971,53481.47319908719,379256.32946360996,6.828118274542759
2014,f,80,0.08906261283891301,0.5,0.08526562324322311,51419.6306243997,4384.326852125763,49227.46719833682,325774.85626452276,6.335612533745735
2014,f,81,0.10083329465782245,0.5,0.09599361826017318,47035.30377227394,4515.088995066944,44777.75927474047,276547.3890661859,5.879570596697268
2014,f,82,0.11396499037854245,0.5,0.10782107641066943,42520.214777206995,4584.575326491307,40227.92711396134,231769.62979144548,5.4508104205458014
2014,f,83,0.12856233152399446,0.5,0.12079733782749713,37935.63945071569,4582.524254430231,35644.37732350057,191541.70267748414,5.049122815665904
2014,f,84,0.14472399278292417,0.5,0.1349581515103349,33353.11519628546,4501.274774001944,31102.477809284486,155897.32535398356,4.674145861234152
2014,f,85,0.16253840135042233,0.5,0.15032186364776073,28851.840422283512,4337.062421945455,26683.309211310785,124794.84754469906,4.325368701551346
2014,f,86,0.18207880000772964,0.5,0.1668856321843965,24514.778000338058,4091.1642244465547,22469.19588811478,98111.53833338828,4.002138560342472
2014,f,87,0.20339780121760215,0.5,0.1846219517013261,20423.613775891503,3770.6474360991815,18538.290057841914,75642.3424452735,3.7036708231607594
2014,f,88,0.2265216637597602,0.5,0.20347582280178678,16652.96633979232,3388.476028079702,14958.72832575247,57104.0523874316,3.4290618993795277
2014,f,89,0.2514446252656532,0.5,0.22336292213803363,13264.49031171262,2962.795316695767,11783.092653364736,42145.32406167913,3.177304447534224
2014,f,90,0.2781237206059593,0.5,0.2441691099480594,10301.694995016853,2515.355697889643,9044.01714607203,30362.231408314394,2.9473044409683307
2014,f,91,0.3064745898700081,0.5,0.26575154238944454,7786.33929712721,2069.2316777790993,6751.72345823766,21318.214262242363,2.737899473518676
2014,f,92,0.3363688102972433,0.5,0.28794153458541416,5717.10761934811,1646.192741305059,4894.01124869558,14566.490804004705,2.5478776636472764
2014,f,93,0.3676332545710232,0.5,0.3105491560918563,4070.9148780430514,1264.2191798980516,3438.805288094026,9672.479555309124,2.37599651308819
2014,f,94,0.400051870093154,0.5,0.3333693534528707,2806.695698145,935.6663302295524,2338.862533030224,6233.674267215098,2.221001112210011
2014,f,95,0.43337008861619,0.5,0.35618921317689006,1871.0293679154474,666.4404783886571,1537.809128721119,3894.811734184874,2.081641154849517
2014,f,96,0.46730182708348417,0.5,0.37879583434335323,1204.5888895267904,456.29325344903395,976.4422628022734,2357.002605463755,1.9566863234058867
2014,f,97,0.5015387593816045,0.5,0.40098420022529485,748.2956360777564,300.0547271647174,598.2682724953977,1380.5603426614819,1.844939721816079
2014,f,98,0.5357612681517389,0.5,0.4225644384435634,448.240908913039,189.4106679622708,353.5355749319036,782.2920701660842,1.7452491609101497
2014,f,99,0.569650273048877,0.5,0.44336793922776885,258.8302409507682,114.75703054016896,201.45172568068372,428.7564952341806,1.6565162310988764
2014,f,100,0.6028990169632448,0.5,0.46325194564531064,144.07321041059924,66.74219503807632,110.70211289156109,227.30476955349687,1.5777032309177612
2014,f,101,0.6352238972864866,0.5,0.4821024110631224,77.33101537252293,37.28146896105269,58.69028089199658,116.60265666193578,1.5078381694619098
2014,f,102,0.6663735542083351,0.5,0.49983510611751925,40.04954641147024,20.018169280535737,30.04046177120237,57.912375769939196,1.4460182688449381
2014,f,103,0.6961356478005225,0.5,0.5163951215647642,20.0313771309345,10.34410542863856,14.859324416615221,27.871913998736826,1.391412772898882
2014,f,104,0.724341029097875,0.5,0.5317550346020592,9.687271702295941,5.151255499253927,7.111643952668977,13.012589582121604,1.3432667093499135
2014,f,105,0.7508652902315424,0.5,0.5459120756642659,4.536016203042014,2.4762660206494083,3.2978831927173102,5.900945629452627,1.300909292496628
2014,f,106,0.7756279225366232,0.5,0.5588846518216197,2.059750182392606,1.1511627635260093,1.4841688006296012,2.603062436735317,1.26377580105933
2014,f,107,0.7985894901722671,0.5,0.5707085608494228,0.9085874188665967,0.5185386182272471,0.6493181097529732,1.1188936361057156,1.231465033382767
2014,f,108,0.8197473275011499,0.5,0.5814331798499174,0.3900488006393496,0.22678731445238354,0.27665514341315783,0.4695755263527424,1.2038891686964204
2014,f,109,0.8391302941346779,0.5,0.5911178475100112,0.16326148618696606,0.0965067782961248,0.11500809703890366,0.19292038293958458,1.1816649930446752
2014,f,110,0.8567930862141196,0.5,1.0,0.06675470789084126,0.06675470789084126,0.07791228590068093,0.07791228590068093,1.1671429381143392
2015,f,0,0.0078012912482065995,0.07511235652797704,0.007745405684097179,100000.0,774.5405684097204,99283.63699891005,7732856.866599548,77.32856866599548
2015,f,1,0.0001812250815512867,0.5,0.0001812086617740328,99225.45943159028,17.98051271752047,99216.46917523153,7633573.229600637,76.9315987381596
2015,f,2,0.00027520410971470507,0.5,0.0002751662462737904,99207.47891887276,27.298549576385994,99193.82964408456,7534356.760425406,75.94545131609131
2015,f,3,0.0002775464890369137,0.5,0.00027750797835437773,99180.18036929637,27.523291347097256,99166.41872362283,7435162.930781321,74.96621707176341
2015,f,4,0.00018346940647647004,0.5,0.00018345257750871396,99152.65707794928,18.189810507785296,99143.56217269538,7335996.512057697,73.98688777740442
2015,f,5,0.0002733983413833956,0.5,0.0002733609731650645,99134.46726744149,27.0994944464328,99120.91752021827,7236852.949885002,73.00037161002413
2015,f,6,0.0,0.5,0.0,99107.36777299506,0.0,99107.36777299506,7137732.032364784,72.0201958013225
2015,f,7,0.00019376089905057158,0.5,0.00019374212922600016,99107.36777299506,19.201272454316495,99097.7671367679,7038624.664591788,71.0201958013225
2015,f,8,9.775171065493646e-05,0.5,9.774693318997118e-05,99088.16650054074,9.685564390849322,99083.32371834532,6939526.897455021,70.03386118177039
2015,f,9,0.0005865102639296188,0.5,0.0005863383172090296,99078.48093614989,58.09350978372095,99049.43418125802,6840443.573736675,69.0406585678774
2015,f,10,0.0001944201419267036,0.5,0.00019440124416796267,99020.38742636617,19.24968651367817,99010.76258310933,6741394.139555417,68.08087015987967
2015,f,11,9.532888465204957e-05,0.5,9.532434107049235e-05,99001.1377398525,9.437218220278737,98996.41913074235,6642383.376972307,67.09401051962298
2015,f,12,0.0001885369532428356,0.5,0.00018851918182675087,98991.70052163221,18.66183438997541,98982.36960443723,6543386.957841565,66.10035915497448
2015,f,13,0.0,0.5,0.0,98973.03868724224,0.0,98973.03868724224,6444404.588237127,65.11272841285229
2015,f,14,0.0004544628249409198,0.5,0.0004543595801717479,98973.03868724224,44.969348306258325,98950.5540130891,6345431.549549885,64.11272841285229
2015,f,15,0.00018590816136828406,0.5,0.0001858908820522353,98928.06933893598,18.38982606913487,98918.87442590142,6246480.995536796,63.14164460377591
2015,f,16,0.00046820863376720664,0.5,0.00046809904975892894,98909.67951286685,46.29952699193382,98886.52974937088,6147562.121110895,62.1532912793553
2015,f,17,0.00027387255796969143,0.5,0.0002738350600155173,98863.37998587491,27.072259591775946,98849.84385607902,6048675.591361524,61.1821646420113
2015,f,18,8.86053517632465e-05,0.5,8.860142648296638e-05,98836.30772628314,8.757037852847134,98831.9292073567,5949825.747505445,60.198786097745256
2015,f,19,0.00025746652935118434,0.5,0.00025743338911056766,98827.55068843029,25.441511311219074,98814.82993277468,5850993.818298088,59.20407596404251
2015,f,20,0.00024848836246169135,0.5,0.000248457493063895,98802.10917711907,24.5481243555696,98789.83511494129,5752178.988365314,58.219192244707905
2015,f,21,0.0003245699448231094,0.5,0.000324517280545189,98777.5610527635,32.05502549173252,98761.53354001764,5653389.153250373,57.23353657447091
2015,f,22,8.049585446349512e-05,0.5,8.049261480259187e-05,98745.50602727177,7.948283980134875,98741.5318852817,5554627.619710355,56.25195356410716
2015,f,23,0.0002329192546583851,0.5,0.00023289213212746964,98737.55774329163,22.995200343895704,98726.06014311968,5455886.087825073,55.25644154587927
2015,f,24,0.000310294003568381,0.5,0.00031024586985185754,98714.56254294774,30.625785323180025,98699.24965028615,5357160.027681953,54.269196860911116
2015,f,25,0.00031269543464665416,0.5,0.0003126465530717524,98683.93675762456,30.853192670823773,98668.51016128914,5258460.778031667,53.28588370918822
2015,f,26,0.0002282410225197809,0.5,0.0002282149785097562,98653.08356495373,22.514111345692072,98641.82650928089,5159792.267870378,52.30239219510196
2015,f,27,0.0002978850163836759,0.5,0.0002978406552494416,98630.56945360804,29.376193433679873,98615.8813568912,5061150.441361097,51.31421697551553
2015,f,28,0.00044689408610159393,0.5,0.0004467942512473006,98601.19326017436,44.05444631476712,98579.16603701698,4962534.560004205,50.32935602421968
2015,f,29,0.00029719890036406866,0.5,0.00029715474333259046,98557.1388138596,29.28672128781909,98542.49545321568,4863955.393967189,49.35162944567132
2015,f,30,0.00022084805653710247,0.5,0.00022082367229767032,98527.85209257177,21.75728212269314,98516.97345151042,4765412.898513973,48.36615025400769
2015,f,31,0.0008785416209092906,0.5,0.0008781558726673986,98506.09481044908,86.50370565132471,98462.84295762342,4666895.925062463,47.37672256770268
2015,f,32,0.0007975059812948597,0.5,0.000797188100155814,98419.59110479776,78.45892685094441,98380.36164137229,4568433.082104839,46.41792381803685
2015,f,33,0.0006499602802050986,0.5,0.0006497491246435404,98341.13217794681,63.897064549077186,98309.18364567228,4470052.720463467,45.454558245017694
2015,f,34,0.0005085361423901198,0.5,0.0005084068707557105,98277.23511339774,49.96482157052378,98252.25270261247,4371743.536817795,44.4837864208678
2015,f,35,0.0008052708638360175,0.5,0.0008049467637481248,98227.27029182721,79.06772333320987,98187.73643016061,4273491.284115182,43.50615945469014
2015,f,36,0.0008185132822382618,0.5,0.0008181784372791849,98148.202568494,80.30274299925077,98108.05119699438,4175303.547685022,42.540805011393175
2015,f,37,0.0007526719855486979,0.5,0.0007523888345496952,98067.89982549475,73.78519285643415,98031.00722906654,4077195.4964880277,41.57523005736967
2015,f,38,0.0005210659520619325,0.5,0.0005209302325581396,97994.11463263832,51.048096924918354,97968.59058417586,3979164.4892589613,40.60615787158349
2015,f,39,0.001176470588235294,0.5,0.0011757789535567313,97943.0665357134,115.15939627950138,97885.48683757364,3881195.8986747856,39.627061270943244
2015,f,40,0.0008099550843089611,0.5,0.0008096272034740368,97827.9071394339,79.20413487900805,97788.3050719944,3783310.411837212,38.67312020122099
2015,f,41,0.001198681450404555,0.5,0.0011979634621144056,97748.70300455489,117.09937466852716,97690.15331722063,3685522.1067652176,37.70405124038812
2015,f,42,0.0008993479727197782,0.5,0.0008989437411042026,97631.60362988636,87.76531901705312,97587.72097037784,3587831.953447997,36.74867379060148
2015,f,43,0.0015013887846257788,0.5,0.0015002625459455405,97543.83831086931,146.34136720556126,97470.66762726652,3490244.2324776193,35.78128862793275
2015,f,44,0.0013024823781795894,0.5,0.0013016347000497685,97397.49694366375,126.77596171986079,97334.10896280382,3392773.5648503527,34.83429935384055
2015,f,45,0.0015102318205844597,0.5,0.0015090922809929826,97270.72098194389,146.79049420046795,97197.32573484365,3295439.455887549,33.87904831608345
2015,f,46,0.0015502731433633544,0.5,0.0015490724006933941,97123.93048774342,150.4520001654164,97048.70448766071,3198242.1301527056,32.92949651122602
2015,f,47,0.0015477594339622642,0.5,0.0015465625805501345,96973.478487578,149.97555313466,96898.49071101067,3101193.4256650447,31.97981008861405
2015,f,48,0.002819200237406336,0.5,0.002815231886205364,96823.50293444334,272.5806127951364,96687.21262804577,3004294.934954034,31.02857099673582
2015,f,49,0.0016811636576273665,0.5,0.001679751688880774,96550.9223216482,162.18157483279356,96469.83153423181,2907607.7223259886,30.114758641451715
2015,f,50,0.0031330105383081744,0.5,0.0031281103369827958,96388.74074681541,301.5146162988676,96237.98343866598,2811137.8907917566,29.16458778287996
2015,f,51,0.003017674953297888,0.5,0.0030131286318961187,96087.22613051654,289.52317221333215,95942.46454440989,2714899.9073530906,28.254535141491193
2015,f,52,0.0030257186081694403,0.5,0.0030211480362537764,95797.70295830321,289.4190421700914,95652.99343721816,2618957.4428086807,27.338415869413954
2015,f,53,0.005186484631225688,0.5,0.005173069608216052,95508.28391613312,494.07100085941784,95261.24841570342,2523304.4493714627,26.419744402351572
2015,f,54,0.0036499014526607783,0.5,0.003643252696006995,95014.2129152737,346.1607873625471,94841.13252159243,2428043.2009557593,25.554526280409224
2015,f,55,0.0049833887043189366,0.5,0.004971002485501242,94668.05212791116,470.5951224254095,94432.75456669845,2333202.0684341667,24.646140022841607
2015,f,56,0.005171776874769117,0.5,0.005158437730287398,94197.45700548575,485.91171631422185,93954.50114732864,2238769.3138674684,23.76677019781001
2015,f,57,0.00634754685983123,0.5,0.006327464919790077,93711.54528917152,592.9565153965523,93415.06703147324,2144814.8127201395,22.8874127099468
2015,f,58,0.007521058965102286,0.5,0.00749288176232579,93118.58877377497,697.7265755565313,92769.7254859967,2051399.7456886661,22.029970306706396
2015,f,59,0.006748466257668712,0.5,0.006725771935188016,92420.86219821844,621.6016411986493,92110.06137761912,1958630.0202026693,21.192509717145064
2015,f,60,0.008488834505965126,0.5,0.00845295663100179,91799.26055701979,775.9751682465139,91411.27297289654,1866519.9588250502,20.332625203072176
2015,f,61,0.009428858489836926,0.5,0.009384615384615385,91023.28538877328,854.2185244177235,90596.17612656442,1775108.6858521537,19.50169869468471
2015,f,62,0.008670520231213872,0.5,0.008633093525179854,90169.06686435555,778.4379873181751,89779.84787069647,1684512.5097255893,18.681711681231654
2015,f,63,0.010572396134467664,0.5,0.010516802234820476,89390.62887703738,940.1035655460291,88920.57709426436,1594732.6618548927,17.840042987599418
2015,f,64,0.01290267452789883,0.5,0.01281996858683194,88450.52531149135,1133.9329559821053,87883.5588335003,1505812.0847606284,17.024343037621232
2015,f,65,0.01252129471890971,0.5,0.012443391035679518,87316.59235550924,1086.5145025826205,86773.33510421793,1417928.525927128,16.238935667049812
2015,f,66,0.013132551216949746,0.5,0.013046881795250936,86230.07785292662,1125.0336329424172,85667.56103645542,1331155.19082291,15.43724908950353
2015,f,67,0.017422566371681415,0.5,0.017272104180945852,85105.04421998421,1469.943190091566,84370.07262493842,1245487.6297864546,14.63470986005306
2015,f,68,0.019082332761578044,0.5,0.018901985770415207,83635.10102989264,1580.8694895742665,82844.66628510552,1161117.5571615163,13.883136899021771
2015,f,69,0.020840950639853747,0.5,0.02062601773113805,82054.23154031837,1692.452034665519,81208.00552298562,1078272.8908764108,13.14097848014807
2015,f,70,0.0211864406779661,0.5,0.020964360587002094,80361.77950565286,1684.733322969667,79519.41284416802,997064.885353425,12.407202671305816
2015,f,71,0.02601338552847582,0.5,0.025679381700324112,78677.04618268319,2020.3778999791539,77666.85723269361,917545.472509257,11.662174891248124
2015,f,72,0.026943133846535884,0.5,0.026584992343032163,76656.66828270403,2037.9169393380434,75637.709813035,839878.6152765634,10.95636732057222
2015,f,73,0.03620689655172414,0.5,0.03556308213378494,74618.75134336599,2653.672782744601,73291.91495199369,764240.9054635285,10.241941760011422
2015,f,74,0.04008498583569405,0.5,0.0392973686037631,71965.07856062139,2828.038218795511,70551.05945122364,690948.9905115347,9.60117051674582
2015,f,75,0.0434719605854224,0.5,0.04254715643171181,69137.04034182588,2941.5844706492353,67666.24810650127,620397.931060311,8.97345226224543
2015,f,76,0.051387787470261695,0.5,0.05010051028297511,66195.45587117664,3316.426117560113,64537.24281239659,552731.6829538097,8.349994356553477
2015,f,77,0.06170752324598478,0.5,0.059860598605986054,62879.02975361653,3763.9763608150897,60997.04157320899,488194.4401414132,7.76402629070997
2015,f,78,0.0679023038281656,0.5,0.06567264198358184,59115.05339280144,3882.2417373057688,57173.93252414856,427197.3985682042,7.226541702155087
2015,f,79,0.07650667629014796,0.5,0.07368786930830726,55232.81165549567,4069.988206800517,53197.81755209541,370023.46604405565,6.699341477526217
2015,f,80,0.09187115923602349,0.5,0.08783634578104317,51162.823448695155,4493.955451574053,48915.845722908125,316825.64849196025,6.192497347408228
2015,f,81,0.10415142456130747,0.5,0.0989961305498932,46668.8679971211,4620.037348858736,44358.849322691734,267909.80276905216,5.740653550576348
2015,f,82,0.11786013520471866,0.5,0.11130115086030073,42048.83064826237,4680.083243481487,39708.78902652163,223550.95344636042,5.316460648248692
2015,f,83,0.1331051311692274,0.5,0.12479941023466382,37368.74740478088,4663.597637324776,35036.948586118495,183842.16441983878,4.919676927579285
2015,f,84,0.14998676332359326,0.5,0.1395234295226392,32705.149767456103,4563.134658607021,30423.582438152593,148805.21583372029,4.549901678841778
2015,f,85,0.168593084454215,0.5,0.15548614045003836,28142.015108849082,4375.693313761611,25954.168451968275,118381.6333955677,4.206579839350002
2015,f,86,0.18899437170877362,0.5,0.17267689140857934,23766.32179508747,4103.894567791671,21714.374511191636,92427.46494359942,3.8890100765489213
2015,f,87,0.21123716155538247,0.5,0.19105789756789218,19662.4272272958,3756.6620071288144,17784.096223731394,70713.09043240779,3.596356116921433
2015,f,88,0.23533808749940133,0.5,0.2105615153389761,15905.765220166986,3349.142027384345,14231.194206474815,52928.99420867639,3.3276609755038695
2015,f,89,0.2612779245484064,0.5,0.2310887323596771,12556.623192782641,2901.694136338261,11105.77612461351,38697.80000220158,3.0818636036195217
2015,f,90,0.2889963461760473,0.5,0.2525092245418731,9654.92905644438,2437.9586490495685,8435.949731919596,27592.023877588064,2.857817361088863
2015,f,91,0.3183879677045373,0.5,0.2746632333670856,7216.970407394811,1982.236427209631,6225.852193789996,19156.074145668466,2.654309643010362
2015,f,92,0.3493002610295778,0.5,0.2973653617835103,5234.73398018518,1556.6285638582012,4456.41969825608,12930.22195187847,2.470081956566026
2015,f,93,0.38153385900584935,0.5,0.3204101907374245,3678.105416326979,1178.5024579976816,3088.8541873281383,8473.80225362239,2.303849752649145
2015,f,94,0.4148456127382373,0.5,0.3435794077682973,2499.6029583292975,858.8121040786641,2070.196906289965,5384.948066294252,2.154321368659878
2015,f,95,0.4489545263657805,0.5,0.3666499492189622,1640.7908542506334,601.5958833899324,1339.9929125556673,3314.751160004287,2.020215526809582
2015,f,96,0.4835503958311924,0.5,0.38940252361527633,1039.194970860701,404.6651441814605,836.8623987699707,1974.7582474486198,1.900276947850363
2015,f,97,0.5183046627289383,0.5,0.4116298320849568,634.5298266792405,261.1914060088725,503.93412367480425,1137.8958486786491,1.793289772734141
2015,f,98,0.5528827146475972,0.5,0.4331438428215592,373.338420670368,161.70923820209507,292.48380156932046,633.961725003845,1.6980886238965192
2015,f,99,0.5869566716044925,0.5,0.4537816021792494,211.62918246827294,96.0334294883376,163.61246772410414,341.47792343452454,1.6135672757972228
2015,f,100,0.6202176321907907,0.5,0.4734092501104349,115.59575297993534,54.724098734182256,88.23370361284421,177.86545571042043,1.538685039244423
2015,f,101,0.6523864263351806,0.5,0.4919241177361831,60.871654245753085,29.944234809984067,45.89953684076105,89.63175209757622,1.4724711067603307
2015,f,102,0.6832221192451159,0.5,0.5092549844045935,30.927419435769018,15.749942502436873,23.05244818455058,43.73221525681518,1.4140272953467568
2015,f,103,0.7125277940545821,0.5,0.5253607322412155,15.177476933332144,7.973650395269533,11.190651735697378,20.679767072264596,1.3625299622000118
2015,f,104,0.7401534564714027,0.5,0.540227741423304,7.203826538062612,3.8917069402628237,5.2579730679312,9.489115336567217,1.3172326244156356
2015,f,105,0.7659962005621042,0.5,0.5538664155839685,3.312119597799788,1.834471809618784,2.394883692990396,4.231142268636017,1.2774726708077593
2015,f,106,0.7899980094405077,0.5,0.5663072208420177,1.477647788181004,0.8368026123081388,1.0592464820269345,1.8362585756456204,1.242690301662529
2015,f,107,0.8121417149349444,0.5,0.5775965774567888,0.6408451758728652,0.3701499802638608,0.45577018574093475,0.7770120936186861,1.2124802103103207
2015,f,108,0.8324457023801848,0.5,0.5877928757332626,0.27069519560900435,0.1591127074741947,0.191138841871907,0.3212419078777513,1.1867292552238617
2015,f,109,0.850957932051129,0.5,0.5969628120320283,0.11158248813480966,0.0666105958904864,0.07827719018956646,0.13010306600584431,1.1659810439847766
2015,f,110,0.8677497781947399,0.5,1.0,0.044971892244323255,0.044971892244323255,0.05182587581627787,0.05182587581627787,1.1524059413537304
2016,f,0,0.012083219769237758,0.08889588443717635,0.011951643276718282,100000.0,1195.1643276718241,98911.08086228433,7737302.0195777,77.373020195777
2016,f,1,0.00018029387902280717,0.5,0.0001802776275464215,98804.83567232818,17.81230136512022,98795.92952164562,7638390.938715415,77.30786541710393
2016,f,2,0.0002737226277372263,0.5,0.00027368517082516084,98787.02337096306,27.036543366586557,98773.50509927976,7539595.00919377,76.3217146535657
2016,f,3,0.00018458698661744346,0.5,0.00018456995201181247,98759.98682759647,18.22812602945487,98750.87276458174,7440821.50409449,75.34247161336502
2016,f,4,0.0002791996277338297,0.5,0.0002791606569580794,98741.75870156701,27.56481422833167,98727.97629445285,7342070.631329908,74.35628783481847
2016,f,5,9.237021984112322e-05,0.5,9.2365953909389e-05,98714.19388733868,9.117830682793283,98709.6349719973,7243342.655035455,73.3769113619283
2016,f,6,9.170105456212746e-05,0.5,9.169685021319517e-05,98705.07605665589,9.0509445744392,98700.55058436867,7144633.020063457,72.38364332916878
2016,f,7,0.0,0.5,0.0,98696.02511208145,0.0,98696.02511208145,7045932.469479089,71.39023543731946
2016,f,8,0.0,0.5,0.0,98696.02511208145,0.0,98696.02511208145,6947236.444367007,70.39023543731946
2016,f,9,0.00019656019656019656,0.5,0.00019654088050314466,98696.02511208145,19.397803677682532,98686.32621024261,6848540.419254926,69.39023543731946
2016,f,10,0.00019663749877101564,0.5,0.00019661816751867875,98676.62730840377,19.401617638301104,98666.92649958462,6749854.093044683,68.4037778464874
2016,f,11,9.771350400625366e-05,0.5,9.770873027505007e-05,98657.22569076547,9.639672254706966,98652.40585463811,6651187.166545099,67.41713158844344
2016,f,12,0.00019160758766047136,0.5,0.00019158923268512308,98647.58601851076,18.899815311524435,98638.136110855,6552534.760690461,66.42367061532462
2016,f,13,9.458948164964057e-05,0.5,9.458500827618824e-05,98628.68620319924,9.328795100795105,98624.02180564884,6453896.624579606,65.43630330108016
2016,f,14,0.00046707146193367583,0.5,0.0004669624095260331,98619.35740809844,46.05153276119381,98596.33164171784,6355272.602773957,64.44244588286146
2016,f,15,9.145783793671118e-05,0.5,9.1453655859893e-05,98573.30587533725,9.014889192505507,98568.798430741,6256676.271132239,63.47231855087495
2016,f,16,0.0002808199943836001,0.5,0.00028078056998455706,98564.29098614474,27.674937803210923,98550.45351724314,6158107.472701498,62.478078126358646
2016,f,17,0.00037771482530689327,0.5,0.00037764350453172205,98536.61604834153,37.21171300919377,98518.01019183693,6059557.019184255,61.495485254044745
2016,f,18,0.0001840942562592047,0.5,0.00018407731247123792,98499.40433533234,18.131505630066385,98490.3385825173,5961039.008992418,60.51852850499073
2016,f,19,0.00017871503887052095,0.5,0.00017869907076483203,98481.27282970227,17.598511942400364,98472.47357373107,5862548.6704099,59.52957858848608
2016,f,20,0.00017341541663053845,0.5,0.00017340038148083925,98463.67431775987,17.073638688700157,98455.13749841551,5764076.196836169,58.54012900467705
2016,f,21,0.0002512983749371754,0.5,0.0002512668034674819,98446.60067907117,24.73636266485846,98434.23249773873,5665621.059337754,57.55019493062306
2016,f,22,0.0,0.5,0.0,98421.86431640631,0.0,98421.86431640631,5567186.826840015,56.56453335351015
2016,f,23,0.0002443195699975568,0.5,0.00024428972761695374,98421.86431640631,24.043450425408082,98409.8425911936,5468764.9625236085,55.56453335351014
2016,f,24,0.00047166103293766216,0.5,0.0004715498270983967,98397.8208659809,46.399475416212226,98374.62112827279,5370355.119932415,54.57798834027948
2016,f,25,0.00047110552763819093,0.5,0.000470994583562289,98351.42139056469,46.322986760598724,98328.25989718438,5271980.498804142,53.603500836744466
2016,f,26,0.0004749465685110425,0.5,0.00047483380816714147,98305.09840380409,46.67858423732105,98281.75911168543,5173652.238906957,52.628524083820594
2016,f,27,0.0002310536044362292,0.5,0.00023102691463555502,98258.41981956677,22.700339567876654,98247.06964978283,5075370.4797952715,51.65328822827846
2016,f,28,0.0006036369123971931,0.5,0.0006034547786075281,98235.7194799989,59.280814350160654,98206.0790728238,4977123.410145489,50.66510874548892
2016,f,29,0.00022622728301033106,0.5,0.00022620169651272386,98176.43866564873,22.207676983758574,98165.33482715685,4878917.331072665,49.69539939912044
2016,f,30,0.0004511956685215822,0.5,0.0004510939027140817,98154.23098866497,44.27677512457012,98132.09260110269,4780751.996245508,48.70652999968588
2016,f,31,0.00022353028835407198,0.5,0.00022350530825107094,98109.9542135404,21.928095558992936,98098.99016576092,4682619.903644405,47.728285485206605
2016,f,32,0.0005184417123389127,0.5,0.0005183073562622635,98088.02611798141,50.839745498189586,98062.60624523231,4584520.913478645,46.73884361751076
2016,f,33,0.00021995747488818827,0.5,0.00021993328690297274,98037.18637248322,21.561640637621167,98026.40555216442,4486458.307233412,45.76282197846365
2016,f,34,0.0005836008170411438,0.5,0.0005834305717619603,98015.6247318456,57.185311978901154,97987.03207585614,4388431.901681247,44.77277896954965
2016,f,35,0.0005871128724497284,0.5,0.0005869405722670578,97958.4394198667,57.49578249148908,97929.69152862096,4290444.869605391,43.798624141160595
2016,f,36,0.0009608988099637816,0.5,0.0009604373684016106,97900.94363737521,94.0277246711048,97853.92977503967,4192515.17807677,42.82405278549544
2016,f,37,0.0012017425266636623,0.5,0.001201020867737577,97806.9159127041,117.46814702020492,97748.181839194,4094661.2483017305,41.86474146630235
2016,f,38,0.0009115077857956704,0.5,0.000911092551818389,97689.4477656839,89.00412825056992,97644.94570155861,3996913.0664625363,40.91448112235682
2016,f,39,0.0006006907944135756,0.5,0.0006005104338687884,97600.44363743333,58.61008475450217,97571.13859505608,3899268.1207609777,39.951336033327884
2016,f,40,0.0010372675409350226,0.5,0.0010367298578199053,97541.83355267883,101.12453123055457,97491.27128706354,3801696.9821659215,38.97504120745036
2016,f,41,0.0006677053193857111,0.5,0.0006674824785849373,97440.70902144827,65.0399659727118,97408.18903846192,3704205.710878858,38.01497082768048
2016,f,42,0.0015093200513168817,0.5,0.0015081818867355402,97375.66905547556,146.86022027822037,97302.23894533646,3606797.521840396,37.04002813870865
2016,f,43,0.0009816506833798988,0.5,0.0009811691007207818,97228.80883519734,95.39790292897669,97181.10988373286,3509495.2828950593,36.095220387237774
2016,f,44,0.001663138796492289,0.5,0.0016617569302817433,97133.41093226837,161.41211877859314,97052.70487287907,3412314.1730113267,35.13017961853261
2016,f,45,0.0020053991515618973,0.5,0.0020033903529049157,96971.99881348977,194.27276692484156,96874.86243002735,3315261.4681384475,34.187822347715304
2016,f,46,0.0019015745036890545,0.5,0.0018997682282761502,96777.72604656493,183.85524914808047,96685.79842199088,3218386.6057084203,33.255447685967354
2016,f,47,0.002155012261276659,0.5,0.0021526927216716776,96593.87079741685,207.9369226236886,96489.902336105,3121700.807286429,32.31779388811812
2016,f,48,0.002522816650589894,0.5,0.002519638357788647,96385.93387479316,242.85769614220771,96264.50502672206,3025210.904950324,31.386435585923984
2016,f,49,0.0023137781758471414,0.5,0.0023111044842882168,96143.07617865095,222.1966944897431,96031.97783140608,2928946.399923602,30.464454814001357
2016,f,50,0.0031622297396675983,0.5,0.003157237784059621,95920.87948416121,302.8450249876187,95769.4569716674,2832914.422092196,29.533866216895735
2016,f,51,0.0032246506628448583,0.5,0.003219459846181363,95618.03445917359,307.83842251209717,95464.11524791754,2737144.965120529,28.62582336692163
2016,f,52,0.0033275462962962963,0.5,0.0033220192099371704,95310.1960366615,316.62230213666044,95151.88488559317,2641680.8498726115,27.7166657894238
2016,f,53,0.004109276310783045,0.5,0.004100850546780073,94993.57373452483,389.5544487898296,94798.79651012992,2546528.964987018,26.80738143512436
2016,f,54,0.004147784007988325,0.5,0.004139199754714089,94604.019285735,391.58493342247675,94408.22681902377,2451730.1684768884,25.915708306978622
2016,f,55,0.004696558303368313,0.5,0.004685555311516217,94212.43435231253,441.4375721903489,93991.71556621735,2357321.9416578645,25.02134625714617
2016,f,56,0.0048080425438916,0.5,0.004796511627906976,93770.99678012218,449.7736764162837,93546.10994191404,2263330.226091647,24.136783267845498
2016,f,57,0.004907428061565916,0.5,0.004895416110369382,93321.2231037059,456.84621902125946,93092.79999419526,2169784.116149733,23.250703794768075
2016,f,58,0.0059367250319380775,0.5,0.005919154834600831,92864.37688468464,549.678625399174,92589.53757198504,2076691.3161555377,22.362625861736973
2016,f,59,0.006368943816817045,0.5,0.006348726475701006,92314.69825928546,586.0807689350768,92021.65787481793,1984101.7785835527,21.49280467787243
2016,f,60,0.007488612676600015,0.5,0.007460677614121447,91728.61749035039,684.3576430845715,91386.4386688081,1892080.1207087347,20.626933801850623
2016,f,61,0.008494208494208495,0.5,0.008458285274894273,91044.25984726581,770.0783224297775,90659.22068605092,1800693.6820399265,19.778223086889138
2016,f,62,0.008182668329177058,0.5,0.008149326710388451,90274.18152483604,735.6737987587985,89906.34462545664,1710034.4613538757,18.942674776657096
2016,f,63,0.011590317748166837,0.5,0.01152353702034257,89538.50772607724,1031.8003085276869,89022.6075718134,1620128.116728419,18.09420502835309
2016,f,64,0.012281727796808422,0.5,0.012206767697737183,88506.70741754955,1080.380817137615,87966.51700898074,1531105.5091566055,17.29931610644246
2016,f,65,0.015251299826689775,0.5,0.015135878912968696,87426.32660041194,1323.2742932294932,86764.68945379718,1443138.9921476247,16.506915574110657
2016,f,66,0.01458153580672994,0.5,0.014475994689280056,86103.05230718244,1246.427327929574,85479.83864321766,1356374.3026938275,15.752917769451514
2016,f,67,0.01698834830561238,0.5,0.016845261718922255,84856.62497925287,1429.4320563599613,84141.9089510729,1270894.4640506099,14.976962191948346
2016,f,68,0.018113561708118255,0.5,0.017950983583686,83427.19292289291,1497.600170591846,82678.39283759698,1186752.555099537,14.225008819323287
2016,f,69,0.01855287569573284,0.5,0.01838235294117647,81929.59275230106,1506.0586902996583,81176.56340715123,1104074.1622619398,13.475889787465482
2016,f,70,0.022854303813190906,0.5,0.02259609480535429,80423.5340620014,1817.257800246618,79514.9051618781,1022897.5988547886,12.71888397824199
2016,f,71,0.024359137865068232,0.5,0.024066024066024067,78606.27626175479,1891.740536255922,77660.40599362683,943382.6936929105,12.001366030258138
2016,f,72,0.024478694469628286,0.5,0.02418271383788625,76714.53572549886,1855.165664656044,75786.95289317085,865722.2876992837,11.28498373237928
2016,f,73,0.03340586202483041,0.5,0.03285705293636307,74859.37006084282,2459.6582848719117,73629.54091840686,789935.3348061128,10.552257308124336
2016,f,74,0.039647577092511016,0.5,0.038876889848812095,72399.7117759709,2814.6756198001676,70992.37396607082,716305.7938877059,9.893765821944116
2016,f,75,0.04248414220386488,0.5,0.04160046222735808,69585.03615617074,2894.769668204128,68137.65132206868,645313.4199216351,9.273738372045226
2016,f,76,0.05171102661596958,0.5,0.050407709414381024,66690.26648796661,3361.70357389305,65009.41470102008,577175.7685995664,8.654572833409059
2016,f,77,0.0560280140070035,0.5,0.054501216545012166,63328.56291407356,3451.483720864351,61602.82105364138,512166.3538985463,8.087446332762545
2016,f,78,0.06819411870828071,0.5,0.06594556873691557,59877.07919320921,3948.628041701515,57902.76517235846,450563.5328449049,7.524808138871348
2016,f,79,0.06847281499350528,0.5,0.06620615412218533,55928.451151507696,3702.807656751829,54077.04732313178,392660.76767254644,7.020769565186882
2016,f,80,0.08996604036559334,0.5,0.08609330355421065,52225.64349475587,4496.278178708002,49977.504405401865,338583.7203494147,6.483093317623035
2016,f,81,0.100722804878068,0.5,0.09589347499268401,47729.365316047864,4576.9346993511135,45440.89796637231,288606.2159440128,6.046722264856428
2016,f,82,0.11260655474803793,0.5,0.10660437883708834,43152.43061669675,4600.238061203505,40852.311586095,243165.3179776405,5.635031781582977
2016,f,83,0.12569642672373116,0.5,0.11826376066074788,38552.192555493246,4559.327273329916,36272.52891882829,202313.0063915455,5.247769140505556
2016,f,84,0.14006774622648838,0.5,0.13090029180007526,33992.86528216333,4449.675984555826,31768.027289885416,166040.4774727172,4.8845684556000535
2016,f,85,0.1557894066837827,0.5,0.14453119233332826,29543.189297607503,4269.912374512434,27408.233110351284,134272.4501828318,4.544954467515989
2016,f,86,0.1729208699752543,0.5,0.1591598408985998,25273.27692309507,4022.4907340660648,23262.031556062037,106864.21707248049,4.228348282561906
2016,f,87,0.1915088483050137,0.5,0.17477351136695893,21250.786189029004,3714.074521565075,19393.748928246467,83602.18551641845,3.93407494540504
2016,f,88,0.2115837706722028,0.5,0.1913414029149732,17536.71166746393,3355.4990129679263,15858.962160979965,64208.436588171986,3.66137265672781
2016,f,89,0.23315618466725185,0.5,0.20881314640515655,14181.212654496003,2961.223634225933,12700.600837383037,48349.47442719202,3.409403384968163
2016,f,90,0.2562132923131715,0.5,0.22711797079299192,11219.98902027007,2548.2611386033877,9945.858450968375,35648.87358980898,3.177264569992502
2016,f,91,0.2807158609991992,0.5,0.24616469398885613,8671.727881666682,2134.6732403451106,7604.391261494127,25703.01513884061,2.964001579567619
2016,f,92,0.30659577964985313,0.5,0.26584266073390206,6537.054641321572,1737.8279992118305,5668.140641715656,18098.62387734648,2.7686205593177586
2016,f,93,0.3337545379918839,0.5,0.286023686346267,4799.226642109741,1372.6924957874453,4112.880394216018,12430.483235630825,2.590101314774828
2016,f,94,0.36206288582638524,0.5,0.3065649843608756,3426.534146322296,1050.4553869793008,2901.3064528326454,8317.602841414808,2.4274098801385366
2016,f,95,0.39136187492186314,0.5,0.3273129667459056,2376.078759342995,777.7213879424864,1987.218065371752,5416.296388582163,2.2795104612103905
2016,f,96,0.4214653982979237,0.5,0.34810771906480814,1598.3573714005086,556.4005388086534,1320.1571019961818,3429.0783232104104,2.1453764874909
2016,f,97,0.45216422580276183,0.5,0.368787882185776,1041.9568325918551,384.2610536205493,849.8263057815805,2108.9212212142284,2.0240005682081015
2016,f,98,0.48323140255944996,0.5,0.3891956279719938,657.6957789713058,255.972321711267,529.7096181156724,1259.0949154326481,1.914403217551409
2016,f,99,0.5144287445047773,0.5,0.40918140601840375,401.7234572600388,164.37776907223682,319.5345727239204,729.3852973169758,1.8156402971630279
2016,f,100,0.5455140516103975,0.5,0.42860816365581067,237.34568818780198,101.72829956579844,186.48153840490278,409.8507245930554,1.7268092280183207
2016,f,101,0.576248581938399,0.5,0.447354797963497,135.61738862200355,60.66908948733345,105.28284387833682,223.36918618815264,1.6470541754105978
2016,f,102,0.6064043009658763,0.5,0.4653186773373234,74.9482991346701,34.87484342202675,57.51087742365672,118.08634230981582,1.575570675695169
2016,f,103,0.6357704453735488,0.5,0.48241715927082235,40.073455712643344,19.332122667058513,30.407394379114088,60.5754648861591,1.511610711103392
2016,f,104,0.6641590146261366,0.5,0.49858811803644426,20.74133304558483,10.34138220876525,15.570641941202206,30.16807050704501,1.454490434184838
2016,f,105,0.6914089151558391,0.5,0.5137895704085568,10.399950836819581,5.343386272719643,7.72825770045976,14.597428565842804,1.4036055357264416
2016,f,106,0.7173886135644016,0.5,0.5279985424119388,5.056564564099938,2.669858719456628,3.721635204371624,6.869170865383046,1.3584659660339469
2016,f,107,0.7419972882070432,0.5,0.5412093523201299,2.38670584464331,1.2917075243580745,1.7408520824642728,3.147535661011421,1.3187782097553862
2016,f,108,0.7651645860959516,0.5,0.5534314955018741,1.0949983202852356,0.606006557967498,0.7919950413014866,1.406683578547148,1.284644508112781
2016,f,109,0.7868491822787275,0.5,0.5646873087228519,0.48899176231773755,0.2761274422508477,0.3509280411923137,0.6146885372456616,1.2570529497923295
2016,f,110,0.8070363957149828,0.5,1.0,0.21286432006688988,0.21286432006688988,0.26376049605334795,0.26376049605334795,1.2391014894861883
2017,f,0,0.009671719520133916,0.08113326513531108,0.009586523877893077,100000.0,958.6523877893051,99119.12621056181,7774536.394582453,77.74536394582454
2017,f,1,0.0002747755999267265,0.5,0.00027473785429735795,99041.3476122107,27.210407329694135,99027.74240854585,7675417.268371891,77.49710048801474
2017,f,2,0.00018160355942976482,0.5,0.00018158707100054473,99014.137204881,17.979687162689515,99005.14736129966,7576389.525963346,76.51826031959666
2017,f,3,0.000367140890316659,0.5,0.00036707350646967055,98996.15751771831,36.33886666705075,98977.9880843848,7477384.378602046,75.53206675990171
2017,f,4,0.00018568378052177142,0.5,0.00018566654288897143,98959.81865105126,18.373527413859847,98950.63188734432,7378406.39051766,74.55961915750014
2017,f,5,9.372071227741331e-05,0.5,9.371632069724942e-05,98941.4451236374,9.272428201453295,98936.80890953667,7279455.758630316,73.57337210441888
2017,f,6,0.0,0.5,0.0,98932.17269543595,0.0,98932.17269543595,7180518.949720779,72.58022091383867
2017,f,7,0.0,0.5,0.0,98932.17269543595,0.0,98932.17269543595,7081586.777025344,71.58022091383867
2017,f,8,0.00019109497420217848,0.5,0.00019107671730199673,98932.17269543595,18.903634794201935,98922.72087803885,6982654.604329908,70.58022091383867
2017,f,9,0.0,0.5,0.0,98913.26906064175,0.0,98913.26906064175,6883731.88345187,69.59361417153842
2017,f,10,0.00019778481012658228,0.5,0.00019776525264511024,98913.26906064175,19.56160764573724,98903.48825681888,6784818.614391228,68.59361417153842
2017,f,11,9.888262632255513e-05,0.5,9.887773767736194e-05,98893.70745299601,9.778386063480866,98888.81825996426,6685915.12613441,67.60708338609119
2017,f,12,0.0,0.5,0.0,98883.92906693253,0.0,98883.92906693253,6587026.307874445,66.61371943883641
2017,f,13,0.0,0.5,0.0,98883.92906693253,0.0,98883.92906693253,6488142.378807512,65.61371943883641
2017,f,14,0.00019000570017100514,0.5,0.00018998765080269783,98883.92906693253,18.78672538556566,98874.53570423974,6389258.449740579,64.61371943883641
2017,f,15,0.00018758206715438003,0.5,0.00018756447528838036,98865.14234154696,18.543588547603576,98855.87054727317,6290383.914036339,63.62590256842098
2017,f,16,0.0003681885125184094,0.5,0.0003681207436039021,98846.59875299936,36.3874834356684,98828.40501128152,6191528.043489066,62.6377449664265
2017,f,17,0.00028307227778826195,0.5,0.0002830322185008727,98810.21126956369,27.966473306165426,98796.22803291061,6092699.638477785,61.6606275828752
2017,f,18,0.0004759185227489054,0.5,0.0004758053004710473,98782.24479625752,47.00111566649866,98758.74423842427,5993903.410444874,60.677942911780846
2017,f,19,0.00018563207722294413,0.5,0.00018561484918793502,98735.24368059103,18.326727365303668,98726.08031690837,5895144.66620645,59.7065895262007
2017,f,20,0.00036088054853843375,0.5,0.00036081544290095615,98716.91695322572,35.618588112294674,98699.10765916957,5796418.585889542,58.717581188602296
2017,f,21,0.0,0.5,0.0,98681.29836511343,0.0,98681.29836511343,5697719.478230372,57.73859457289704
2017,f,22,0.0,0.5,0.0,98681.29836511343,0.0,98681.29836511343,5599038.179865259,56.73859457289704
2017,f,23,0.0002492108323641801,0.5,0.00024917978321358864,98681.29836511343,24.58938453385781,98669.0036728465,5500356.881500145,55.73859457289704
2017,f,24,0.00016501650165016502,0.5,0.00016500288755053212,98656.70898057957,16.27864185802173,98648.56965965056,5401687.877827299,54.752362344568105
2017,f,25,0.00023891056781078282,0.5,0.00023888203208981962,98640.43033872155,23.56342644552933,98628.64862549878,5303039.3081676485,53.761315618327416
2017,f,26,0.0003181673560292714,0.5,0.0003181167488468268,98616.86691227602,31.37167708358902,98601.18107373422,5204410.65954215,52.77404182969734
2017,f,27,0.0007217321571772253,0.5,0.0007214718024770532,98585.49523519243,71.12665494543035,98549.93190771971,5105809.478468415,51.790676369659046
2017,f,28,0.0003905029678225555,0.5,0.0003904267364229103,98514.368580247,38.4626434155507,98495.13725853922,5007259.546560695,50.82770786356839
2017,f,29,0.0003059741451847319,0.5,0.0003059273422562142,98475.90593683145,30.126472179530538,98460.84270074169,4908764.409302156,49.84736482090292
2017,f,30,0.00030543677458766036,0.5,0.0003053901358986105,98445.77946465192,30.064369969346444,98430.74727966724,4810303.566601415,48.86246614897909
2017,f,31,0.00045714285714285713,0.5,0.0004570383912248629,98415.71509468257,44.97976009812555,98393.22521463351,4711872.819321748,47.87724008090179
2017,f,32,0.00045306954617533793,0.5,0.0004529669334138608,98370.73533458445,44.55869032217015,98348.45598942335,4613479.594107115,46.89890319936586
2017,f,33,0.0006001500375093774,0.5,0.000599970001499925,98326.17664426228,58.99275634874357,98296.6802660879,4515131.1381176915,45.91992989265862
2017,f,34,0.0004449058282663503,0.5,0.000444806879679739,98267.18388791353,43.70991944009438,98245.32892819348,4416834.457851604,44.94719684741934
2017,f,35,0.00029505052740281775,0.5,0.0002950070064164024,98223.47396847344,28.97661301525659,98208.98566196581,4318589.128923411,43.966976064291295
2017,f,36,0.0005934277872561383,0.5,0.0005932517612161662,98194.49735545818,58.25405849785602,98165.37032620926,4220380.143261445,42.979802910787576
2017,f,37,0.0007468259895444362,0.5,0.0007465472191116089,98136.24329696033,73.26333952740242,98099.61162719663,4122214.7729352354,42.00501908822219
2017,f,38,0.0009107468123861566,0.5,0.0009103322712790167,98062.97995743292,89.2698952730425,98018.34500979641,4024115.161308039,41.03602769419023
2017,f,39,0.0006134498888122076,0.5,0.000613261786124952,97973.71006215988,60.083532426011516,97943.66829594687,3926096.8162982427,40.072962571360335
2017,f,40,0.0008330177962892843,0.5,0.0008326709814162975,97913.62652973387,81.52983549653436,97872.8616119856,3828153.1480022958,39.0972460491981
2017,f,41,0.000597683974598431,0.5,0.0005975054148928225,97832.09669423733,58.45520752512675,97802.86909047476,3730280.28639031,38.12941163929933
2017,f,42,0.0015702108568864963,0.5,0.0015689790429227837,97773.64148671221,153.4047944428894,97696.93908949077,3632477.4172998355,37.151908858723466
2017,f,43,0.0012940549592753293,0.5,0.001293218211555285,97620.23669226932,126.24426790677535,97557.11455831592,3534780.478210345,36.20950530322028
2017,f,44,0.0015987818804720213,0.5,0.0015975048495682933,97493.99242436254,155.74712570170232,97416.1188615117,3437223.363652029,35.25574528418952
2017,f,45,0.0019037465732561682,0.5,0.0019019361710221007,97338.24529866084,185.1311295573396,97245.67973388216,3339807.2447905173,34.311356595170366
2017,f,46,0.0022554051952092084,0.5,0.002252864633909497,97153.1141691035,218.87281498574885,97043.67776161063,3242561.565056635,33.37578617822454
2017,f,47,0.0019158556211203923,0.5,0.0019140221260957775,96934.24135411775,185.53428272809833,96841.4742127537,3145517.8872950245,32.45001810870833
2017,f,48,0.0020215633423180594,0.5,0.002019522046449007,96748.70707138965,195.38614689609676,96651.0139979416,3048676.413082271,31.511288423034852
2017,f,49,0.0020170327207530256,0.5,0.0020150005597223777,96553.32092449356,194.554995705912,96456.0434266406,2952025.399084329,30.5740431382248
2017,f,50,0.0024797114517583407,0.5,0.0024766407745131147,96358.76592878764,238.64604868101014,96239.44290444715,2855569.3556576883,29.634764705974437
2017,f,51,0.0028143978669826694,0.5,0.0028104430145699283,96120.11988010663,270.14011947666586,95985.0498203683,2759329.912753241,28.707100201238116
2017,f,52,0.0033198614318706698,0.5,0.0033143598241948268,95849.97976062997,317.6813220685144,95691.13909959572,2663344.862932873,27.786598073198885
2017,f,53,0.0037856726849155504,0.5,0.0037785205638715303,95532.29843856145,360.9707541640091,95351.81306147945,2567653.7238332774,26.87733641711323
2017,f,54,0.0038317112422407845,0.5,0.003824384274131865,95171.32768439745,363.97172894446703,94989.3418199252,2472301.910771798,25.977381748527517
2017,f,55,0.005021243723445346,0.5,0.0050086688499325766,94807.35595545298,474.85865051855217,94569.9266301937,2377312.5689518726,25.075191107205836
2017,f,56,0.0052592592592592595,0.5,0.0052454656274241816,94332.49730493443,494.8178721621225,94085.08836885336,2282742.642321679,24.198899716845204
2017,f,57,0.005425617713908645,0.5,0.005410938871014917,93837.6794327723,507.7499472086347,93583.804459168,2188657.5539528253,23.323866992265458
2017,f,58,0.00644484412470024,0.5,0.006424142825128857,93329.92948556367,599.5647968744597,93030.14708712645,2095073.7494936571,22.4480374199546
2017,f,59,0.0072677719736543266,0.5,0.007241457343290337,92730.36468868921,671.502980320889,92394.61319852876,2002043.6024065306,21.589946390567036
2017,f,60,0.007402884835533847,0.5,0.007375584534083566,92058.86170836832,678.9879166415776,91719.36775004753,1909648.9892080019,20.743782334149927
2017,f,61,0.00857365549493375,0.5,0.008537058595265814,91379.87379172674,780.1153369879612,90989.81612323277,1817929.6214579544,19.894201491253803
2017,f,62,0.009900990099009901,0.5,0.009852216748768473,90599.75845473878,892.6084576821595,90153.4542258977,1726939.8053347217,19.061196572587495
2017,f,63,0.009202453987730062,0.5,0.00916030534351145,89707.14999705662,821.7448854692193,89296.277554322,1636786.351108824,18.24588509569782
2017,f,64,0.011794708320051004,0.5,0.011725558548565995,88885.4051115874,1042.2310217489285,88364.28960071295,1547490.0735545019,17.4099456666904
2017,f,65,0.011258782697028697,0.5,0.01119575739719685,87843.17408983847,983.4708661095501,87351.43865678369,1459125.783953789,16.610576736008195
2017,f,66,0.013962065331928345,0.5,0.013865271419228251,86859.70322372892,1204.3333605906082,86257.53654343361,1371774.3452970053,15.792989089125216
2017,f,67,0.017591458078067564,0.5,0.01743807747364768,85655.36986313832,1493.6649757073465,84908.53737528465,1285516.8087535717,15.00801188305641
2017,f,68,0.015392973560304238,0.5,0.015275406595381437,84161.70488743097,1285.6042619159998,83518.90275647296,1200608.271378287,14.265493706242523
2017,f,69,0.02110994364313688,0.5,0.02088945602344156,82876.10062551497,1731.2366594110208,82010.48229580946,1117089.368621814,13.479029058926272
2017,f,70,0.020569268401156325,0.5,0.020359874539151487,81144.86396610395,1652.0992498463893,80318.81434118075,1035078.8863260046,12.755938401207754
2017,f,71,0.02531162554057492,0.5,0.024995289832318034,79492.76471625756,1986.9446936551249,78499.29236943,954760.0719848239,12.010653741793433
2017,f,72,0.02638453500522466,0.5,0.026040995230114734,77505.82002260243,2018.3286895147176,76496.65567784508,876260.779615394,11.30574167668772
2017,f,73,0.03298611111111111,0.5,0.032450896669513236,75487.49133308772,2449.6367810908123,74262.67294254231,799764.1239375488,10.594657602391349
2017,f,74,0.034496484012206445,0.5,0.03391156906221468,73037.8545519969,2476.8282487960387,71799.44042759889,725501.4509950065,9.933225112445076
2017,f,75,0.048068669527897,0.5,0.04694048616932105,70561.02630320087,3312.168879278499,68904.94186356162,653702.0105674076,9.264349525734628
2017,f,76,0.048444513233245626,0.5,0.047298828862863615,67248.85742392237,3180.7921985172215,65658.46132466376,584797.068703846,8.696014937732112
2017,f,77,0.056151015837466005,0.5,0.05461759900412355,64068.065225405146,3499.243895451211,62318.443277679544,519138.6073791822,8.102923126408479
2017,f,78,0.06827451675829048,0.5,0.06602074937837606,60568.821329953935,3998.79897316853,58569.421843369666,456820.1641015026,7.542166977510343
2017,f,79,0.07095901005413767,0.5,0.06852768182242555,56570.022356785405,3876.6124927532874,54631.71611040876,398250.74225813296,7.039960842623991
2017,f,80,0.08763902427579377,0.5,0.08395994063791362,52693.40986403212,4424.1355641933915,50481.34208193542,343619.0261477242,6.521100589891306
2017,f,81,0.09851356873393866,0.5,0.09388890327106458,48269.274299838726,4531.949225702039,46003.29968698771,293137.68406578875,6.072966464025919
2017,f,82,0.11057392821398856,0.5,0.10478090981400355,43737.32507413669,4582.83671409887,41445.90671708725,247134.38437880104,5.650422927325743
2017,f,83,0.12390781882658732,0.5,0.11667909287611519,39154.488360037816,4568.5101838776245,36870.23326809901,205688.47766171378,5.253254129394914
2017,f,84,0.13859905701565925,0.5,0.12961668206201252,34585.97817616019,4482.919737063057,32344.518307628663,168818.24439361476,4.881118109013892
2017,f,85,0.15472454546461234,0.5,0.14361422279268635,30103.058439097134,4323.227341413753,27941.444768390258,136473.7260859861,4.533550182686331
2017,f,86,0.1723507929612145,0.5,0.15867676023564917,25779.83109768338,4090.6600780026383,23734.501058682064,108532.28131759583,4.209968673043352
2017,f,87,0.19153003851004385,0.5,0.17479115973263998,21689.171019680743,3791.07535616956,19793.633341595963,84797.78025891376,3.9096828634883414
2017,f,88,0.21229610471092,0.5,0.19192377029354363,17898.095663511183,3435.070000815591,16180.560663103388,65004.14691731779,3.631902976686041
2017,f,89,0.23466016673998089,0.5,0.21001865986837123,14463.025662695592,3037.5052673211903,12944.273029034997,48823.5862542144,3.3757518926447614
2017,f,90,0.258606685445003,0.5,0.22899665276962633,11425.520395374402,2616.4059266918357,10117.317432028485,35879.3132251794,3.1402782528579674
2017,f,91,0.2840898077425431,0.5,0.24875537448619012,8809.114468682566,2191.314568548847,7713.457184408143,25761.99579315092,2.924470545221978
2017,f,92,0.31103057423601516,0.5,0.2691704538256368,6617.799900133719,1781.3162024462472,5727.141798910596,18048.538608742776,2.727271733975832
2017,f,93,0.339315281545402,0.5,0.2900979480809812,4836.483697687472,1403.0539966262522,4134.9566993743465,12321.396809832178,2.5475939918341006
2017,f,94,0.36879531538179855,0.5,0.3113779506291845,3433.42970106122,1069.0943039458161,2898.882549088312,8186.440110457832,2.384333108066121
2017,f,95,0.39928869403978284,0.5,0.3328392244182035,2364.335397115404,786.9435598403961,1970.8636171952057,5287.55756136952,2.236382184955899
2017,f,96,0.43058344144542393,0.5,0.35430459543438986,1577.3918372750077,558.8771767472305,1297.9532489013925,3316.6939441743143,2.1026442928118634
2017,f,97,0.46244275326373824,0.5,0.3755967546054124,1018.5146605277772,382.55080101226645,827.239260021644,2018.7406952729216,1.9820438266709328
2017,f,98,0.4946117463250092,0.5,0.39654406907500306,635.9638595155108,252.18769663692422,509.87001119704865,1191.5014352512776,1.8735363927110351
2017,f,99,0.5268254145454138,0.5,0.41698600268368113,383.77616287858655,160.02928808402314,303.76151883657496,681.6314240542289,1.7761171484479963
2017,f,100,0.5588172794428222,0.5,0.43677779099921016,223.7468747945634,97.72766571574626,174.8830419366903,377.8699052176539,1.6888276341942248
2017,f,101,0.5903281428003736,0.5,0.4557941004047284,126.01920907881716,57.43881203579484,97.29980306091974,202.98686328096363,1.610761286035433
2017,f,102,0.6211143370211499,0.5,0.47393150939537826,68.58039704302232,32.5024110855339,52.32919150025536,105.68706022004389,1.541068071591122
2017,f,103,0.6509549273707181,0.5,0.4911097662579659,36.077985957488416,17.71825125064031,27.218860332168262,53.35786871978852,1.478959185323189
2017,f,104,0.6796574393321958,0.5,0.5072718843506915,18.359734706848105,9.313377220921629,13.70304609638729,26.139008387620258,1.4237138392784356
2017,f,105,0.7070618435099145,0.5,0.5223832216504919,9.046357485926476,4.725665367700317,6.6835248020763185,12.43596229123297,1.3746927766871628
2017,f,106,0.7330427045540784,0.5,0.5364297479381547,4.32069211822616,2.3177477838984304,3.1618182262769445,5.752437489156652,1.331369450021884
2017,f,107,0.757509564422224,0.5,0.5494157294652529,2.0029443343277293,1.1004491225229647,1.452719773066247,2.590619262879707,1.2934055223003618
2017,f,108,0.7804057640059703,0.5,0.561361060395424,0.9024952118047647,0.5066256691005155,0.6491823772545069,1.13789948981346,1.2608371489727306
2017,f,109,0.8017059987494544,0.5,0.5722984489502446,0.3958695427042492,0.22655552527628442,0.28259178006610697,0.488717112558953,1.2345408268098803
2017,f,110,0.8214129499771267,0.5,1.0,0.16931401742796476,0.16931401742796476,0.20612533249284606,0.20612533249284606,1.2174144564288234
2018,f,0,0.004942818375654197,0.06591093235123086,0.0049201021038058805,100000.0,492.0102103805839,99540.41864131193,7858544.386661665,78.58544386661664
2018,f,1,0.00018782870022539445,0.5,0.00018781106207155603,99507.98978961942,18.68870124699606,99498.64543899591,7759003.968020353,77.97367813805204
2018,f,2,9.244707405010632e-05,0.5,9.244280101687081e-05,99489.30108837242,9.197069663816364,99484.70255354051,7659505.322581356,76.98823128506773
2018,f,3,0.0,0.5,0.0,99480.1040187086,0.0,99480.1040187086,7560020.620027816,75.99530272511628
2018,f,4,0.0,0.5,0.0,99480.1040187086,0.0,99480.1040187086,7460540.516009107,74.99530272511628
2018,f,5,0.0,0.5,0.0,99480.1040187086,0.0,99480.1040187086,7361060.411990399,73.99530272511626
2018,f,6,9.441087613293051e-05,0.5,9.440641963653528e-05,99480.1040187086,9.391560445481446,99475.40823848586,7261580.30797169,72.99530272511626
2018,f,7,0.00018733608092918696,0.5,0.00018731853516905497,99470.71245826312,18.63270814990392,99461.39610418817,7162104.899733204,72.00214739326763
2018,f,8,0.0001858045336306206,0.5,0.00018578727357176035,99452.07975011322,18.47693074781273,99442.84128473932,7062643.503629016,71.01554358013288
2018,f,9,0.0001925113100394648,0.5,0.00019249278152069297,99433.6028193654,19.140250783326337,99424.03269397374,6963200.662344276,70.02864690515008
2018,f,10,0.0,0.5,0.0,99414.46256858208,0.0,99414.46256858208,6863776.629650302,69.04203324456194
2018,f,11,0.00019912385503783353,0.5,0.0001991040318566451,99414.46256858208,19.793820322258398,99404.56565842095,6764362.16708172,68.04203324456194
2018,f,12,0.0,0.5,0.0,99394.66874825982,0.0,99394.66874825982,6664957.601423299,67.05548381376327
2018,f,13,0.0002966772151898734,0.5,0.00029663321303208587,99394.66874825982,29.483759949056548,99379.92686828529,6565562.932675039,66.05548381376327
2018,f,14,0.00019362958660083262,0.5,0.0001936108422071636,99365.18498831076,19.238177151652053,99355.56589973494,6466183.005806754,65.07493551758023
2018,f,15,0.0003816793893129771,0.5,0.0003816065636328945,99345.94681115911,37.91106537345331,99326.99127847239,6366827.439907019,64.08744034630168
2018,f,16,0.0,0.5,0.0,99308.03574578566,0.0,99308.03574578566,6267500.448628547,63.11171499426743
2018,f,17,9.268699601445917e-05,0.5,9.268270077390056e-05,99308.03574578566,9.204136961474433,99303.43367730491,6168192.412882761,62.11171499426743
2018,f,18,0.0002854152792312815,0.5,0.0002853745541022592,99298.83160882418,28.33735979325138,99284.66292892756,6068888.979205457,61.11742586371122
2018,f,19,9.604302727621975e-05,0.5,9.603841536614647e-05,99270.49424903093,9.533780960278818,99265.7273585508,5969604.316276529,60.13472947259758
2018,f,20,0.00018744142455482662,0.5,0.000187423859057258,99260.96046807065,18.60387226464809,99251.65853193833,5870338.588917978,59.140457247603344
2018,f,21,0.0,0.5,0.0,99242.356595806,0.0,99242.356595806,5771086.930386039,58.15144992868827
2018,f,22,8.867606632969761e-05,0.5,8.867213478164485e-05,99242.356595806,8.800031620121445,99237.95657999595,5671844.573790234,57.15144992868827
2018,f,23,8.581481163648846e-05,0.5,8.581112970352256e-05,99233.55656418588,8.515343593273428,99229.29889238926,5572606.617210237,56.15647377916748
2018,f,24,0.00025256777235224784,0.5,0.00025253588113977857,99225.04122059261,25.05788321577711,99212.51227898472,5473377.318317848,55.16125013392218
2018,f,25,0.0005856760374832664,0.5,0.0005855045794822466,99199.98333737683,58.08204452859354,99170.94231511254,5374164.806038864,54.17505754775638
2018,f,26,0.00032297133629390393,0.5,0.00032291918947283447,99141.90129284824,32.01482240828045,99125.8938816441,5274993.863723751,53.206502951182266
2018,f,27,8.069071249899137e-05,0.5,8.06874571347884e-05,99109.88647043996,7.996924716208014,99105.88800808185,5175867.969842107,52.22352839023619
2018,f,28,0.0004068679306697046,0.5,0.00040678517674815924,99101.88954572375,40.31317965494236,99081.73295589628,5076762.081834025,51.22770216698746
2018,f,29,0.0001584786053882726,0.5,0.00015846604864907696,99061.57636606881,15.69789657968795,99053.72741777897,4977680.348878128,50.24834584182041
2018,f,30,0.00046573003182488553,0.5,0.0004656216048424647,99045.87846948912,46.11790088599082,99022.81951904613,4878626.621460349,49.2562305150658
2018,f,31,0.0005422573398404214,0.5,0.0005421103581800581,98999.76056860313,53.66879566159332,98972.92617077233,4779603.801941304,48.27894304480885
2018,f,32,0.0003092624091541673,0.5,0.0003092145949288806,98946.09177294154,30.595575687359087,98930.79398509786,4680630.875770532,47.304858553802205
2018,f,33,0.0008428472913952953,0.5,0.0008424922452418336,98915.49619725418,83.33553848043084,98873.82842801396,4581700.081785434,46.31933577574894
2018,f,34,0.0003803149007378109,0.5,0.00038024259477546676,98832.16065877375,37.5801972161571,98813.37056016567,4482826.25335742,45.35797076049718
2018,f,35,0.0004504842705908852,0.5,0.00045038282540159135,98794.58046155759,44.495382282635546,98772.33277041628,4384012.882797254,44.37503415992679
2018,f,36,0.0008959904427686105,0.5,0.000895589223076349,98750.08507927496,88.43951197486604,98705.86532328752,4285240.550026838,43.39480362560413
2018,f,37,0.00075046904315197,0.5,0.0007501875468867217,98661.64556730009,74.01473785993585,98624.63819837011,4186534.6847035503,42.43325418536414
2018,f,38,0.0007548878991469767,0.5,0.0007546030787805615,98587.63082944015,74.3945297535829,98550.43356456337,4087910.04650518,41.464735607425226
2018,f,39,0.0008440761203192143,0.5,0.0008437200383509108,98513.23629968657,83.11759150883881,98471.67750393215,3989359.612940617,40.495671067029086
2018,f,40,0.0007747133560582584,0.5,0.0007744133818632387,98430.11870817773,76.22560110599443,98392.00590762473,3890887.9354366846,39.52944471165637
2018,f,41,0.0012237093690248566,0.5,0.0012229610945501796,98353.89310707174,120.28298476750206,98293.751614688,3792495.92952906,38.559693060654006
2018,f,42,0.0015087507543753772,0.5,0.0015076134479119552,98233.61012230424,148.09831165731885,98159.56096647558,3694202.177914372,37.60629557760285
2018,f,43,0.0014336376669433337,0.5,0.0014326107445805844,98085.51181064692,140.51835810761258,98015.25263159312,3596042.616947897,36.662321993996635
2018,f,44,0.0010751036707111043,0.5,0.0010745260572568884,97944.9934525393,105.24444764260261,97892.371228718,3498027.3643163037,35.71420285010611
2018,f,45,0.001152073732718894,0.5,0.0011514104778353484,97839.7490048967,112.6537121530273,97783.42214882019,3400134.9930875855,34.75208213092835
2018,f,46,0.002302909342135565,0.5,0.0023002606962122373,97727.09529274367,224.79779625688388,97614.69639461522,3302351.5709387655,33.79156579909081
2018,f,47,0.0018030730636563186,0.5,0.001801448991580184,97502.29749648679,175.64541550180002,97414.47478873588,3204736.87454415,32.86832163785293
2018,f,48,0.0018547140649149924,0.5,0.0018529956763434219,97326.65208098499,180.34586549905362,97236.47914823546,3107322.399755414,31.92673675007158
2018,f,49,0.0029427299479363165,0.5,0.0029384064795630062,97146.30621548594,285.45533564919606,97003.57854766134,3010085.9206071785,30.985078464335327
2018,f,50,0.0023332831552009634,0.5,0.002330564222080217,96860.85087983674,225.74043358079507,96747.98066304634,2913082.3420595173,30.074920007397186
2018,f,51,0.002725827212841675,0.5,0.002722117202268431,96635.11044625595,263.05209648887103,96503.5843980115,2816334.361396471,29.14400727014006
2018,f,52,0.003208236961874207,0.5,0.003203098811873813,96372.05834976707,308.6892255979765,96217.71373696809,2719830.7769984594,28.2221924442795
2018,f,53,0.004434428612968886,0.5,0.004424618286004425,96063.3691241691,425.0437396419875,95850.8472543481,2623613.0632614912,27.311274705244564
2018,f,54,0.003080533959219598,0.5,0.003075796411570853,95638.32538452711,294.16401802637847,95491.24337551392,2527762.2160071433,26.430431585286815
2018,f,55,0.004243827160493827,0.5,0.004234841193455245,95344.16136650073,403.767382110309,95142.27767544557,2432270.9726316296,25.510434386034785
2018,f,56,0.005610098176718092,0.5,0.0055944055944055935,94940.39398439042,531.1350712413405,94674.82644876975,2337128.694956184,24.616800045515312
2018,f,57,0.0058208955223880594,0.5,0.005804003274053129,94409.25891314908,547.9516478328442,94135.28308923266,2242453.868507414,23.75247824549008
2018,f,58,0.0058440597721556445,0.5,0.00582703300756039,93861.30726531624,546.9329355677619,93587.84079753235,2148318.5854181815,22.888223571674366
2018,f,59,0.007782395164336985,0.5,0.007752229706845294,93314.37432974848,723.3944647547614,92952.6770973711,2054730.7446206491,22.01944512171052
2018,f,60,0.007711100931439914,0.5,0.007681484579990112,92590.97986499371,711.2361840791273,92235.36177295414,1961778.067523278,21.18757216290111
2018,f,61,0.0077698284483421805,0.5,0.007739760144066824,91879.74368091459,711.1271781886171,91524.18009182028,1869542.7057503238,20.3477135530872
2018,f,62,0.009449562957713206,0.5,0.009405125793557487,91168.61650272597,857.4523066327383,90739.8903494096,1778018.5256585036,19.502528324594465
2018,f,63,0.009292802016065521,0.5,0.009249823626244415,90311.16419609323,835.3623402946541,89893.4830259459,1687278.635309094,18.68294634808931
2018,f,64,0.012170869461458914,0.5,0.012097252421427158,89475.80185579858,1082.4113606591854,88934.59617546899,1597385.1522831481,17.852705638308038
2018,f,65,0.012896985329679188,0.5,0.012814352074323243,88393.39049513939,1132.7040268478595,87827.03848171546,1508450.5561076791,17.065196251190596
2018,f,66,0.013032667409757353,0.5,0.012948292018059462,87260.68646829153,1129.8768500877632,86695.74804324764,1420623.5176259638,16.280223948755946
2018,f,67,0.016748329621380845,0.5,0.016609241099037015,86130.80961820377,1430.5673830040032,85415.52592670177,1333927.769582716,15.487231288033662
2018,f,68,0.016177777777777777,0.5,0.016047967551362313,84700.24223519977,1359.2667389830167,84020.60886570826,1248512.2436560143,14.740362137207171
2018,f,69,0.01770564367392106,0.5,0.017550274223034734,83340.97549621675,1462.6569739738188,82609.64700922984,1164491.634790306,13.97261824518922
2018,f,70,0.024155059900652576,0.5,0.02386680781445482,81878.31852224293,1954.1740923410835,80901.2314760724,1081881.9877810762,13.21329024956923
2018,f,71,0.02116763400477979,0.5,0.020945945945945944,79924.14442990185,1674.0868090047006,79087.10102539949,1000980.7563050038,12.524134771100647
2018,f,72,0.023180101575726007,0.5,0.022914521112255407,78250.05762089715,1793.0625973892602,77353.52632220252,921893.6552796043,11.78137989042716
2018,f,73,0.027941966684578184,0.5,0.02755696873343932,76456.99502350789,2106.9230213155242,75403.53351285012,844540.1289574017,11.045949800900948
2018,f,74,0.03591160220994475,0.5,0.035278154681139755,74350.07200219236,2622.933340647214,73038.60533186875,769136.5954445516,10.344799604523207
2018,f,75,0.038964615172793614,0.5,0.03822000135053009,71727.13866154515,2741.4113365139056,70356.4329932882,696097.9901126828,9.704806341116178
2018,f,76,0.04514200298953662,0.5,0.04414559274959801,68985.72732503124,3045.415824025651,67463.01941301842,625741.5571193947,9.070594474871129
2018,f,77,0.053385416666666664,0.5,0.051997463538363986,65940.31150100559,3428.7289429818993,64225.947029514646,558278.5377063763,8.466422511483927
2018,f,78,0.05739925499492042,0.5,0.0557978767179656,62511.58255802369,3488.0135770175402,60767.57576951492,494052.5906768617,7.903376789705789
2018,f,79,0.06801818870784387,0.5,0.06578103527256068,59023.56898100615,3882.631473051988,57082.25324448016,433285.01490734675,7.340881318897852
2018,f,80,0.07821768263375409,0.5,0.07527381110012281,55140.937507954164,4150.668513857418,53065.60325102546,376202.7616628666,6.822567382148676
2018,f,81,0.08875743046786064,0.5,0.08498586688257034,50990.26899409675,4333.452213038763,48823.542887577365,323137.1584118411,6.337231883386443
2018,f,82,0.10056245807785968,0.5,0.09574812469026067,46656.81678105798,4467.302710803386,44423.16542565629,274313.6155242637,5.879389860896622
2018,f,83,0.11374161152906245,0.5,0.10762111216307346,42189.5140702546,4540.482425860435,39919.27285732438,229890.4500986074,5.448994973390555
2018,f,84,0.12840138250004102,0.5,0.12065523313015282,37649.03164439416,4542.552690178876,35377.75529930473,189971.177241283,5.045844977783624
2018,f,85,0.14464223336714163,0.5,0.13488705119832478,33106.47895421529,4465.635321693499,30873.66129336854,154593.42194197827,4.669582112787462
2018,f,86,0.16255419320488937,0.5,0.15033537075340087,28640.843632521788,4305.731846185343,26487.977709429117,123719.76064860972,4.319696802091593
2018,f,87,0.1822117844593461,0.5,0.1669973425649793,24335.111786336445,4063.8989993398936,22303.1622866665,97231.7829391806,3.9955346740496096
2018,f,88,0.20366842246513134,0.5,0.184844888994051,20271.21278699655,3747.030077387164,18397.69774830297,74928.6206525141,3.6963067498644597
2018,f,89,0.22695052848906067,0.5,0.20382179629562033,16524.182709609388,3367.9886021896164,14840.18840851458,56530.92290421113,3.421102507619722
2018,f,90,0.2520517034755365,0.5,0.22384184438265897,13156.194107419771,2944.906754061112,11683.740730389214,41690.73449569655,3.1689053958381477
2018,f,91,0.2789274105657326,0.5,0.24478832390408634,10211.287353358659,2499.6039161316603,8961.485395292828,30006.993765307336,2.938610258131414
2018,f,92,0.30749069115742994,0.5,0.2665152170154096,7711.683437226999,2055.2809848266934,6684.042944813652,21045.508370014508,2.729042049161466
2018,f,93,0.3376094702295616,0.5,0.2888501903582784,5656.402452400305,1633.852925118861,4839.475989840875,14361.465425200855,2.5389751783143613
2018,f,94,0.3691059714327197,0.5,0.3115993762064619,4022.549527281444,1253.4239234604966,3395.837565551196,9521.989435359981,2.36715281459697
2018,f,95,0.4017586472548894,0.5,0.3345537218854883,2769.1256038209476,926.4212771266984,2305.9149652575984,6126.151869808786,2.2123055239371165
2018,f,96,0.43530683316876584,0.5,0.3574964987901377,1842.7043266942492,658.7603450986321,1513.3241541449331,3820.236904551187,2.0731686843133246
2018,f,97,0.4694580726647905,0.5,0.38021141388174984,1183.943981595617,450.149015199258,958.8694739959881,2306.9127504062535,1.948498228182381
2018,f,98,0.5038977655551291,0.5,0.4024906867101357,733.7949663963591,295.3456399293115,586.1221464317033,1348.0432764102652,1.8370843875237488
2018,f,99,0.5383005109958675,0.5,0.4241424596212784,438.44932646704757,185.96497574702644,345.46683859353436,761.921129978562,1.7377632578843192
2018,f,100,0.5723422991242435,0.5,0.4449969969541752,252.48435072002113,112.35477784833412,196.30696179585408,416.4542913850276,1.6494261533334875
2018,f,101,0.605712592609021,0.5,0.46491128325287734,140.129572871687,65.14781954545359,107.55566309896021,220.14732958917352,1.5710269080086092
2018,f,102,0.6381253541514937,0.5,0.4837718216439609,74.98175332623342,36.274059396690056,56.844723627888385,112.59166649021331,1.5015875395757323
2018,f,103,0.6693282150901525,0.5,0.501495628230601,38.70769392954336,19.41173928455417,29.001824287266274,55.74694286232493,1.4402031535073312
2018,f,104,0.699109216269985,0.5,0.5180295869880465,19.29595464498919,9.995875415283827,14.298016937347278,26.745118575058655,1.386047960161633
2018,f,105,0.7273008407524628,0.5,0.5333484519821439,9.300079229705364,4.960182860474645,6.819987799468041,12.447101637711377,1.3383866234122086
2018,f,106,0.7537813487942576,0.5,0.5474518513420106,4.339896369230719,2.3758843019678273,3.1519542182468054,5.627113838243335,1.296600969124243
2018,f,107,0.7784736749948223,0.5,0.5603606627629992,1.964012067262892,1.1005551036859624,1.4137345154199108,2.4751596199965293,1.26025682899494
2018,f,108,0.8013423262746024,0.5,0.5721131036064963,0.8634569635769296,0.4939950432626386,0.6164594419456103,1.0614251045766183,1.2292738947631996
2018,f,109,0.8223888158120721,0.5,0.582760823884182,0.369461920314291,0.21530793307618823,0.26180795377619687,0.4449656626310079,1.2043613649073441
2018,f,110,0.8416461867859488,0.5,1.0,0.15415398723810275,0.15415398723810275,0.18315770885481106,0.18315770885481106,1.1881477225231276
2019,f,0,0.004777879434787029,0.06537999390057944,0.004756638656748197,100000.0,475.6638656748255,99555.43503496172,7838305.344724492,78.38305344724492
2019,f,1,0.00019648295510364477,0.5,0.00019646365422396856,99524.33613432517,19.552914761166903,99514.5596769446,7738749.909689531,77.75736277451537
2019,f,2,0.00018995156235160034,0.5,0.0001899335232668566,99504.78321956401,18.899294058806845,99495.33357253461,7639235.350012586,76.7725440208849
2019,f,3,0.0002799813345776948,0.5,0.00027994214528997345,99485.8839255052,27.850291772163473,99471.95877961912,7539740.016440052,75.78703348593446
2019,f,4,0.0,0.5,0.0,99458.03363373304,0.0,99458.03363373304,7440268.0576604325,74.80811540131764
2019,f,5,0.00027935561970388306,0.5,0.0002793166053721894,99458.03363373304,27.780280331571703,99444.14349356724,7340810.024026699,73.80811540131764
2019,f,6,9.423294383716548e-05,0.5,9.422850412249705e-05,99430.25335340147,9.369164038012968,99425.56877138246,7241365.880533132,72.82859729619112
2019,f,7,0.000380517503805175,0.5,0.00038044512079132587,99420.88418936345,37.824190294602886,99401.97209421615,7141940.311761749,71.83541335398654
2019,f,8,0.00018882175226586103,0.5,0.00018880392712168414,99383.05999906885,18.763912017195253,99373.67804306025,7042538.339667533,70.86256289284628
2019,f,9,0.00018721332958906674,0.5,0.00018719580681392738,99364.29608705165,18.600579574514995,99354.99579726439,6943164.661624473,69.87585012972531
2019,f,10,9.702144173862424e-05,0.5,9.701673538685423e-05,99345.69550747714,9.638195052873925,99340.8764099507,6843809.665827208,68.8888394295062
2019,f,11,0.0,0.5,0.0,99336.05731242427,0.0,99336.05731242427,6744468.7894172575,67.89547493519964
2019,f,12,0.00010028078620136381,0.5,0.00010027575833542241,99336.05731242427,9.960998477050452,99331.07681318573,6645132.732104833,66.89547493519964
2019,f,13,0.0003006313257841467,0.5,0.0003005861429788087,99326.09631394722,29.856048188143177,99311.16828985314,6545801.655291648,65.90213345948739
2019,f,14,0.00029865604778496767,0.5,0.0002986114567262231,99296.24026575907,29.650994953204645,99281.41476828247,6446490.487001794,64.9217983455188
2019,f,15,0.0001948368241597662,0.5,0.0001948178453146308,99266.58927080587,19.338903033465613,99256.91981928913,6347209.072233512,63.94104117869813
2019,f,16,0.0002874664622460713,0.5,0.0002874251497005988,99247.2503677724,28.526155794330407,99232.98728987524,6247952.152414223,62.953403033955084
2019,f,17,0.00018934014957871817,0.5,0.00018932222642938283,99218.72421197807,18.784309771304834,99209.33205709243,6148719.165124348,61.971358873631345
2019,f,18,0.0003733781387099785,0.5,0.00037330844610359307,99199.93990220677,37.032175418469706,99181.42381449754,6049509.833067256,60.982998971884264
2019,f,19,9.596928982725528e-05,0.5,9.59646849959215e-05,99162.9077267883,9.516137203288963,99158.14965818665,5950328.409252758,60.00558621825599
2019,f,20,0.0004848719937936385,0.5,0.0004847544718600029,99153.39158958501,48.06504997314187,99129.35906459844,5851170.259594572,59.0112972011456
2019,f,21,9.46611132146914e-05,0.5,9.465663306356192e-05,99105.32653961187,9.380976528904284,99100.63605134742,5752040.900529973,58.039674570174725
2019,f,22,0.00027662517289073305,0.5,0.00027658691743880515,99095.94556308296,27.408642113980022,99082.24124202598,5652940.264478626,57.04512159763439
2019,f,23,8.98069151324652e-05,0.5,8.980288267253378e-05,99068.53692096898,8.896640197650413,99064.08860087016,5553858.0232366,56.06076556543012
2019,f,24,8.700191404210893e-05,0.5,8.69981295402149e-05,99059.64028077133,8.61800341734488,99055.33127906267,5454793.9346357295,55.065755530454624
2019,f,25,0.00042709490048688817,0.5,0.0004270037149323199,99051.02227735399,42.29515448027814,99029.87470011384,5355738.603356667,54.07050306214909
2019,f,26,0.00033973161202649905,0.5,0.00033967391304347825,99008.72712287371,33.63068176727393,98991.91178199007,5256708.728656553,53.09338763776623
2019,f,27,0.00016397474788882511,0.5,0.00016396130513198886,98975.09644110643,16.22808598804113,98966.98239811242,5157716.816874563,52.11125830974644
2019,f,28,0.00024588148512417015,0.5,0.00024585125998770747,98958.8683551184,24.32916247205867,98946.70377388236,5058749.83447645,51.119721946727374
2019,f,29,0.0005787037037037037,0.5,0.0005785363031530228,98934.53919264633,57.23722255867324,98905.920581367,4959803.130702568,50.13216992950045
2019,f,30,0.00040277106492669565,0.5,0.00040268996899287234,98877.30197008766,39.81689766443742,98857.39352125544,4860897.210121201,49.160900563323615
2019,f,31,0.0003155071777882947,0.5,0.0003154574132492114,98837.48507242322,31.179017373011447,98821.89556373672,4762039.816599946,48.1805037138547
2019,f,32,0.00015733165512901197,0.5,0.00015731927947770002,98806.30605505021,15.544136876429548,98798.53398661199,4663217.921036209,47.19554962856403
2019,f,33,0.00047129055062446,0.5,0.0004711795193968902,98790.76191817378,46.5481837214611,98767.48782631305,4564419.387049597,46.202896894653016
2019,f,34,0.0005450864351347142,0.5,0.0005449379160017126,98744.21373445232,53.80946604968631,98717.30900142748,4465651.899223284,45.22444131493648
2019,f,35,0.0007719027402547279,0.5,0.0007716049382716049,98690.40426840264,76.1500032935146,98652.32926675587,4366934.590221857,44.24882664727318
2019,f,36,0.0006089206880803775,0.5,0.0006087353523055852,98614.25426510912,60.02998281242617,98584.2392737029,4268282.260955101,43.28260952499307
2019,f,37,0.00037838655970939914,0.5,0.00037831498505655806,98554.2242822967,37.284539886619314,98535.58201235338,4169698.021681398,42.30866867500069
2019,f,38,0.0007595321282090232,0.5,0.0007592437931819907,98516.93974241008,74.79837502271403,98479.54055489872,4071162.4396690447,41.32449150688011
2019,f,39,0.0009170806266717616,0.5,0.0009166603009701322,98442.14136738736,90.23800293396926,98397.02236592038,3972682.899114146,40.35551079987219
2019,f,40,0.0007762167197081425,0.5,0.0007759155803848542,98351.90336445339,76.31277418098762,98313.7469773629,3874285.8767482257,39.39207828435866
2019,f,41,0.0010185693018882709,0.5,0.0010180508242296096,98275.5905902724,100.04954600207566,98225.56581727136,3775972.129770863,38.422278686815844
2019,f,42,0.0012376237623762376,0.5,0.0012368583797155227,98175.54104427033,121.4292406237073,98114.82642395847,3677746.5639535915,37.46092483763531
2019,f,43,0.0013717421124828531,0.5,0.0013708019191226866,98054.11180364662,134.41276463829854,97986.90542132748,3579631.737529633,36.506696880777895
2019,f,44,0.0016002438466813991,0.5,0.001598964480146191,97919.69903900832,156.57012066997413,97841.41397867334,3481644.832108306,35.5561226829478
2019,f,45,0.0013180338036904947,0.5,0.0013171657691860691,97763.12891833835,128.7702468997595,97698.74379488846,3383803.4181296322,34.612265949017726
2019,f,46,0.0017054263565891472,0.5,0.0017039733560529782,97634.35867143859,166.36634581144608,97551.17549853286,3286104.674334744,33.65725671833642
2019,f,47,0.0019364833462432224,0.5,0.001934610176049526,97467.99232562714,188.56256979228056,97373.711040731,3188553.498836211,32.71385223760117
2019,f,48,0.0014230373942604158,0.5,0.0014220255964607362,97279.42975583486,138.33383912190038,97210.2628362739,3091179.78779548,31.776294284970042
2019,f,49,0.0030409356725146198,0.5,0.003036319047062945,97141.09591671296,294.951359784478,96993.62023682072,2993969.524959206,30.820833311641678
2019,f,50,0.002054325496461995,0.5,0.002052217535058716,96846.14455692848,198.74935606255895,96746.7698788972,2896975.9047223856,29.913177421528367
2019,f,51,0.002808562319720662,0.5,0.0028046238393026343,96647.39520086593,271.05958858685335,96511.8654065725,2800229.134843488,28.973663791183057
2019,f,52,0.002822919050888838,0.5,0.0028189402308483485,96376.33561227907,271.679129759199,96240.49604739947,2703717.269436916,28.05374630878207
2019,f,53,0.0034599473486273034,0.5,0.0034539720678780595,96104.65648251987,331.94279908364115,95938.68508297805,2607476.7733895164,27.13163824547649
2019,f,54,0.0037359900373599006,0.5,0.0037290242386575512,95772.71368343623,357.1387707275426,95594.14429807247,2511538.0883065383,26.223941994669673
2019,f,55,0.004359391162996897,0.5,0.004349909684078593,95415.57491270869,415.04913332471915,95208.05034604634,2415943.944008466,25.32022624418185
2019,f,56,0.005681375982566737,0.5,0.005665282682084514,95000.52577938397,538.2048334868741,94731.42336264053,2320735.8936624196,24.42866367973346
2019,f,57,0.0077044025157232705,0.5,0.0076748374970632,94462.3209458971,724.9829628551961,94099.8294644695,2226004.470299779,23.564998700113602
2019,f,58,0.005572708788312373,0.5,0.005557224391709222,93737.3379830419,520.9194210532587,93476.87827251527,2131904.6408353094,22.74338792532165
2019,f,59,0.0062658511114426375,0.5,0.006246281975014872,93216.41856198864,582.2560350391868,92925.29054446906,2038427.762562794,21.867690198881064
2019,f,60,0.00823924321025328,0.5,0.008205439902750342,92634.16252694945,760.1040535564971,92254.1105001712,1945502.4720183248,21.00199773978992
2019,f,61,0.008008624672724472,0.5,0.00797668354042031,91874.05847339296,732.8502900163294,91507.63332838479,1853248.3615181537,20.171617454505515
2019,f,62,0.010017861303098547,0.5,0.00996793261986632,91141.20818337663,908.489422065104,90686.96347234407,1761740.728189769,19.329793441459945
2019,f,63,0.011704753563181782,0.5,0.011636651494161886,90232.71876131152,1050.0067015961104,89707.71541051347,1671053.764717425,18.51937731298762
2019,f,64,0.00980235894166401,0.5,0.009754550140766882,89182.71205971541,869.9372364760638,88747.74344147739,1581346.0493069114,17.731531288800298
2019,f,65,0.013290374546919049,0.5,0.013202640528105622,88312.77482323935,1165.9618200307596,87729.79391322397,1492598.305865434,16.901272877597993
2019,f,66,0.01534944480731548,0.5,0.01523253929671042,87146.81300320859,1327.467253654453,86483.07937638136,1404868.51195221,16.12071013888351
2019,f,67,0.014350321795094798,0.5,0.014248089460731401,85819.34574955414,1222.7617157010827,85207.9648917036,1318385.4325758286,15.362333761239121
2019,f,68,0.0183710407239819,0.5,0.01820382908128951,84596.58403385305,1539.981756613197,83826.59315554646,1233177.467684125,14.57715440602949
2019,f,69,0.01600506374898273,0.5,0.01587799955146894,83056.60227723986,1318.7726937045518,82397.21593038758,1149350.8745285785,13.838163890837816
2019,f,70,0.019834555367550293,0.5,0.019639782193884677,81737.8295835353,1605.3131700214872,80935.17299852456,1066953.6585981909,13.053364201550936
2019,f,71,0.02309836718438869,0.5,0.02283464566929134,80132.51641351382,1829.797618891258,79217.61760406819,986018.4855996664,12.304848639863517
2019,f,72,0.024191672481972553,0.5,0.023902551137669505,78302.71879462256,1871.6347402070242,77366.90142451905,906800.8679955981,11.58070731073865
2019,f,73,0.030501672240802677,0.5,0.030043483989985506,76431.08405441554,2296.2560501260596,75282.9560293525,829433.9665710791,10.852050272904137
2019,f,74,0.03855221189848842,0.5,0.037823129251700685,74134.82800428948,2804.011181658847,72732.82241346006,754151.0105417266,10.17269522090334
2019,f,75,0.04349074206975743,0.5,0.042565147151787594,71330.81682263063,3036.2067145124747,69812.7134653744,681418.1881282665,9.552928432358533
2019,f,76,0.043153049482163405,0.5,0.042241622078287806,68294.61010811816,2884.875110171146,66852.17255303258,611605.474662892,8.955398876934078
2019,f,77,0.05418950665622553,0.5,0.05275998780115889,65409.73499794701,3451.016820568715,63684.22658766265,544753.3021098594,8.32832149720462
2019,f,78,0.06142167011732229,0.5,0.05959156344158018,61958.718177378294,3692.2168850262315,60112.60973486518,481069.07552219677,7.764348418974226
2019,f,79,0.07195538765965101,0.5,0.06945650286508073,58266.50129235206,4046.9874139504827,56243.00758537682,420956.4657873316,7.224673808286227
2019,f,80,0.07969815537923437,0.5,0.07664396409939726,54219.51387840158,4155.598475182982,52141.71464081009,364713.4582019548,6.726608781847432
2019,f,81,0.09053279776752206,0.5,0.08661217644057242,50063.9154032186,4336.144674209456,47895.84306611387,312571.7435611447,6.243453813863098
2019,f,82,0.1026760349637043,0.5,0.09766224873103352,45727.77072900914,4465.876918852162,43494.83226958306,264675.9004950308,5.788077928914292
2019,f,83,0.11623987814060659,0.5,0.10985510606929731,41261.89381015698,4532.829721134876,38995.47894958954,221181.06822544773,5.360419694817838
2019,f,84,0.13133329584746595,0.5,0.12324050499595361,36729.064089022104,4526.50840635983,34465.80988584219,182185.5892758582,4.960256782865082
2019,f,85,0.14805821520343876,0.5,0.13785307507545033,32202.555682662274,4439.221326143412,29982.945019590567,147719.779390016,4.587206706377895
2019,f,86,0.16650475471041817,0.5,0.15370818305235956,27763.334356518862,4267.451679415666,25629.60851681103,117736.83437042541,4.240731061281213
2019,f,87,0.18674576761181924,0.5,0.17079787726377296,23495.882677103196,4013.0468856878797,21489.359234259256,92107.22585361438,3.9201432489009287
2019,f,88,0.2088308677297963,0.5,0.1890872413825234,19482.835791415317,3683.955674107414,17640.85795436161,70617.86661935512,3.6246195048500756
2019,f,89,0.2327802190286254,0.5,0.20851153825601051,15798.880117307903,3294.248795982172,14151.755719316818,52977.008664993504,3.3532129031700433
2019,f,90,0.2585784856267999,0.5,0.2289745406434608,12504.63132132573,2863.242212716392,11073.010214967535,38825.252945676686,3.1048698636530823
2019,f,91,0.28616944435393477,0.5,0.2503484114536449,9641.389108609339,2413.7064475468223,8434.535884835928,27752.242730709153,2.878448573964058
2019,f,92,0.31545183568449014,0.5,0.27247540270362547,7227.682661062517,1969.3657436870208,6242.999789219006,19317.706845873225,2.6727386566019207
2019,f,93,0.3462770470112286,0.5,0.29517149089646394,5258.316917375496,1552.1052441078236,4482.264295321584,13074.70705665422,2.4864813707691096
2019,f,94,0.3784491633477422,0.5,0.31823187073299736,3706.2116732676723,1179.434674116444,3116.49433620945,8592.442761332637,2.3183896438804585
2019,f,95,0.4117277723481706,0.5,0.34143801557444703,2526.776999151228,862.7377243893513,2095.4081369565524,5475.948425123188,2.1671672755302973
2019,f,96,0.4458336761627491,0.5,0.36456581697101687,1664.0392747618769,606.651837675422,1360.7133559241659,3380.540288166635,2.0315267430514155
2019,f,97,0.48045736472412914,0.5,0.38739417299161244,1057.3874370864548,409.6257317218277,852.5745712255409,2019.8269322424692,1.910205154137199
2019,f,98,0.5152697848864634,0.5,0.40971333411832966,647.7617053646271,265.3966080191165,515.0634013550689,1167.2523610169283,1.8019780288800467
2019,f,99,0.5499346507431311,0.5,0.43133234852341246,382.3650973455106,164.92643543142228,299.90187962979945,652.1889596618594,1.7056707429353366
2019,f,100,0.584121336092504,0.5,0.4520850688658175,217.43866191408833,98.30077244552184,168.2882756913274,352.28708003206,1.6201676230478794
2019,f,101,0.6175173108319307,0.5,0.4718343663107725,119.13788946856648,56.21335058100392,91.03121417806452,183.9988043407326,1.544418867595259
2019,f,102,0.6498391451898191,0.5,0.4904744096406413,62.92453888756256,30.862876062786825,47.49310085616915,92.96759016266807,1.477445712058189
2019,f,103,0.6808412964602434,0.5,0.5079310717566307,32.06166282477574,16.285114760888064,23.919105444331706,45.47448930649892,1.418344692695052
2019,f,104,0.7103221743428465,0.5,0.5241606928261756,15.776548063887676,8.269446363572824,11.641824882101265,21.55538386216721,1.3662927894541912
2019,f,105,0.738127300351896,0.5,0.539147540917498,7.507101700314852,4.04743542114232,5.483383989743691,9.913558980065947,1.3205574369200521
2019,f,106,0.7641496799698206,0.5,0.5529003624566118,3.4596662791725317,1.9128507397334102,2.5032409093058265,4.430174990322256,1.2805209037045755
2019,f,107,0.788327750022165,0.5,0.5654484125948956,1.5468155394391214,0.8746443913529685,1.109493343762637,1.9269340810164295,1.2457426447339286
2019,f,108,0.8106414230768041,0.5,0.5768373129500073,0.672171148086153,0.3877333989045379,0.478304448633884,0.8174407372537924,1.216119941448335
2019,f,109,0.8311068201090973,0.5,0.58712501711756,0.2844377491816151,0.167000518357136,0.20093749000304706,0.33913628861990835,1.1923040791725854
2019,f,110,0.8497702729678493,0.5,1.0,0.11743723082447907,0.11743723082447907,0.1381987986168613,0.1381987986168613,1.1767886354831743
2020,f,0,0.0059665871121718375,0.06920644391408115,0.005933633722950499,100000.0,593.3633722950472,99447.70119665036,7642034.280587954,76.42034280587954
2020,f,1,0.0003124349093938763,0.5,0.00031238610923100955,99406.63662770495,31.05325244787673,99391.11000148102,7542586.579391304,75.87608670072599
2020,f,2,0.00039924144126160294,0.5,0.00039916176030336295,99375.58337525708,39.6669327912532,99355.74990886144,7443195.469389823,74.89964050105954
2020,f,3,0.00019214141608223654,0.5,0.0001921229586935639,99335.91644246582,19.084710171460756,99326.3740873801,7343839.719480962,73.92934985136445
2020,f,4,9.419743782969103e-05,0.5,9.419300145999151e-05,99316.83173229436,9.354950476365048,99312.15425705619,7244513.345393581,72.94346002620136
2020,f,5,9.279881217520415e-05,0.5,9.279450656521135e-05,99307.476781818,9.215188306203345,99302.8691876649,7145201.191136525,71.9502843359396
2020,f,6,0.0,0.5,0.0,99298.2615935118,0.0,99298.2615935118,7045898.32194886,70.95691514512116
2020,f,7,9.498480243161094e-05,0.5,9.498029158949519e-05,99298.2615935118,9.431377840475761,99293.54590459156,6946600.0603553485,69.95691514512116
2020,f,8,0.0,0.5,0.0,99288.83021567132,0.0,99288.83021567132,6847306.514450757,68.96351280982266
2020,f,9,0.0002854967643700038,0.5,0.0002854560159855369,99288.83021567132,28.34259390522493,99274.6589187187,6748017.684235086,67.96351280982267
2020,f,10,9.435742592942064e-05,0.5,9.43529744775204e-05,99260.4876217661,9.365522255204269,99255.80486063848,6648743.025316367,66.98277617425701
2020,f,11,9.786651008025054e-05,0.5,9.786172138767921e-05,99251.12209951089,9.712885658314917,99246.26565668173,6549487.2204557285,65.98904961385827
2020,f,12,0.00010037137408411121,0.5,0.00010036633713052642,99241.40921385257,9.960496734463959,99236.42896548533,6450240.954799047,64.99545911223007
2020,f,13,0.0003031834259727135,0.5,0.0003031374728439347,99231.44871711811,30.080770590750035,99216.40833182273,6351004.525833561,64.00193293497658
2020,f,14,0.000302999697000303,0.5,0.0003029537995455693,99201.36794652736,30.053431339518283,99186.3412308576,6251788.1175017385,63.021188587557056
2020,f,15,0.0002004008016032064,0.5,0.0002003807233744114,99171.31451518784,19.872019740534597,99161.37850531758,6152601.776270881,62.04013535918822
2020,f,16,0.0002937720329024677,0.5,0.000293728888236158,99151.4424954473,29.123642971200752,99136.88067396171,6053440.397765564,61.05246928750953
2020,f,17,0.00019265966669877662,0.5,0.00019264110961279138,99122.3188524761,19.0950334911322,99112.77133573053,5954303.517091602,60.07026052279306
2020,f,18,0.00028508980328803573,0.5,0.00028504917098199435,99103.22381898497,28.249291791245923,99089.09917308934,5855190.745755872,59.081738414993985
2020,f,19,0.00028229980239013834,0.5,0.00028225996142447197,99074.97452719373,27.964898488178733,99060.99207794963,5756101.646582782,58.09844185226481
2020,f,20,9.678668215253581e-05,0.5,9.678199854827002e-05,99047.00962870555,9.585967542094295,99042.2166449345,5657040.654504833,57.11470417644314
2020,f,21,0.00039184952978056425,0.5,0.00039177277179236036,99037.42366116346,38.800165978915174,99018.023578174,5557998.437859898,56.12018399100796
2020,f,22,0.00038325189230621826,0.5,0.00038317846537024616,98998.62349518454,37.93414062465308,98979.65642487221,5458980.414281724,55.14198300491782
2020,f,23,0.0007459903021260724,0.5,0.0007457121551081284,98960.68935455989,73.79618892956933,98923.79126009511,5360000.757856851,54.16292866203518
2020,f,24,0.00018160355942976482,0.5,0.00018158707100054473,98886.89316563032,17.95658129028743,98877.91487498517,5261076.966596756,53.20297562372326
2020,f,25,0.0001766472354707649,0.5,0.0001766316347257794,98868.93658434003,17.46338189249218,98860.20489339379,5162199.051721771,52.21254754083618
2020,f,26,0.00034725236565674104,0.5,0.00034719208402048433,98851.47320244754,34.32044898964523,98834.31297795271,5063338.846828378,51.22168322629521
2020,f,27,0.00043114598603087004,0.5,0.00043105306263201,98817.15275345789,42.59543633495923,98795.85503529041,4964504.533850425,50.23929950943363
2020,f,28,8.320852055250458e-05,0.5,8.320505886757915e-05,98774.55731712293,8.21854285619338,98770.44804569484,4865708.678815135,49.260749032703046
2020,f,29,0.0001668613382279326,0.5,0.00016684741803620588,98766.33877426674,16.47890861336782,98758.09931996005,4766938.23076944,48.26480651129948
2020,f,30,0.0005881858667338879,0.5,0.0005880129362845982,98749.85986565337,58.06619505729759,98720.82676812472,4668180.13144948,47.27277727584037
2020,f,31,0.0006561679790026247,0.5,0.0006559527714004593,98691.79367059607,64.73715557271498,98659.42509280972,4569459.304681355,46.300296455578206
2020,f,32,0.0008003841844085161,0.5,0.0008000640051204096,98627.05651502336,78.90795784865622,98587.60253609903,4470799.879588545,45.33035900658285
2020,f,33,0.0007208073041806823,0.5,0.0007205476161883031,98548.1485571747,71.00863352265151,98512.64424041338,4372212.277052446,44.36625488215863
2020,f,34,0.0007191945021575835,0.5,0.000718935974757359,98477.13992365205,70.79875858232845,98441.74054436089,4273699.6328120325,43.39788539883847
2020,f,35,0.0007921419518377693,0.5,0.0007918283316177051,98406.34116506972,77.9209289453429,98367.38070059704,4175257.8922676714,42.42874842042922
2020,f,36,0.0015626220798499882,0.5,0.0015614021391209304,98328.42023612438,153.53020569306682,98251.65513327785,4076890.5115670743,41.46197510116497
2020,f,37,0.00046382189239332097,0.5,0.0004637143519591932,98174.89003043131,45.525105509135756,98152.12747767675,3978638.8564337967,40.52603323722121
2020,f,38,0.0006139206507558898,0.5,0.0006137322593018795,98129.36492492218,60.22515683922393,98099.25234650256,3880486.72895612,39.54460249411624
2020,f,39,0.0013083968290618026,0.5,0.0013075414375264393,98069.13976808295,128.2294639893371,98005.02503608828,3782387.4766096175,38.568580142074545
2020,f,40,0.0010820837842015767,0.5,0.0010814986481266897,97940.91030409362,105.92296209017513,97887.94882304853,3684382.4515735293,37.61842155779446
2020,f,41,0.0015743073047858943,0.5,0.0015730690577316347,97834.98734200344,153.90119135126588,97758.03674632781,3586494.5027504805,36.65860854269966
2020,f,42,0.0012671259998416093,0.5,0.0012663237039968343,97681.08615065218,123.69587482472707,97619.23821323982,3488736.466004153,35.715578148092284
2020,f,43,0.0017213050622017056,0.5,0.0017198248905565979,97557.39027582745,167.78162805410102,97473.4994618004,3391117.227790913,34.76022901189841
2020,f,44,0.0016891891891891893,0.5,0.001687763713080169,97389.60864777335,164.37064750678837,97307.42332401995,3293643.7283291128,33.81925211591264
2020,f,45,0.0017746913580246914,0.5,0.0017731179894383841,97225.23800026656,172.39181852569163,97139.0420910037,3196336.3050050926,32.87558221247377
2020,f,46,0.003681942812377595,0.5,0.0036751769167611523,97052.84618174087,356.6863799931016,96874.50299174432,3099197.262914089,31.933089907642085
2020,f,47,0.0020380967312063963,0.5,0.0020360219263899763,96696.15980174777,196.87550155406643,96597.72205097074,3002322.7599223447,31.049038204597636
2020,f,48,0.003119394837401544,0.5,0.0031145371019232265,96499.2843001937,300.55060126198805,96349.0089995627,2905725.037871374,30.111363612108583
2020,f,49,0.0037560936625909056,0.5,0.003749052765923503,96198.73369893171,360.6541286523134,96018.40663460555,2809376.028871811,29.2038774404679
2020,f,50,0.004166011633390977,0.5,0.004157351845315136,95838.0795702794,398.4326169529668,95638.86326180291,2713357.6222372055,28.311894754187584
2020,f,51,0.0033036263060848186,0.5,0.003298178331735379,95439.64695332643,314.776975569941,95282.25846554147,2617718.7589754025,27.42800128185266
2020,f,52,0.0045141545524101,0.5,0.00450398870185885,95124.86997775649,428.4413396456075,94910.6493079337,2522436.500509861,26.517108523771906
2020,f,53,0.005007704160246533,0.5,0.004995196926032661,94696.42863811088,473.0273092393618,94459.91498349121,2427525.8512019273,25.634819455323807
2020,f,54,0.0051636418862480065,0.5,0.005150344618647276,94223.40132887152,485.28298798479955,93980.75983487912,2333065.936218436,24.76100314056003
2020,f,55,0.0056826568265682656,0.5,0.005666556279206682,93738.11834088672,531.1723230855714,93472.53217934394,2239085.176383557,23.886602547758972
2020,f,56,0.006564714658709437,0.5,0.00654323741542122,93206.94601780115,609.8751765608176,92902.00842952073,2145612.644204213,23.019879267307314
2020,f,57,0.007818670036329174,0.5,0.00778822326240019,92597.07084124033,721.1666611558612,92236.48751066241,2052710.635774692,22.168202699350054
2020,f,58,0.007900142202559647,0.5,0.007869058860560278,91875.90418008447,722.9768978602806,91514.41573115432,1960474.1482640298,21.338284131836527
2020,f,59,0.009081196581196582,0.5,0.00904014889657006,91152.92728222419,824.03603498952,90740.90926472943,1868959.7325328754,20.503562400648683
2020,f,60,0.009475109038953227,0.5,0.009430431853903153,90328.89124723467,851.8404533456778,89902.97102056183,1778218.823268146,19.68604727363555
2020,f,61,0.009871211536978484,0.5,0.009822730412094237,89477.050793889,878.9089480176335,89037.59631988018,1688315.8522475841,18.86870250268565
2020,f,62,0.012902222913104305,0.5,0.012819522743068962,88598.14184587136,1135.785894386805,88030.24889867796,1599278.255927704,18.05092322037485
2020,f,63,0.012095817851213535,0.5,0.012023103217948215,87462.35595148455,1051.568933289629,86936.57148483975,1511248.007029026,17.278839457141043
2020,f,64,0.01499153703554445,0.5,0.01488,86410.78701819493,1285.792510830739,85767.89076277956,1424311.4355441863,16.483028157633594
2020,f,65,0.018520016174686616,0.5,0.01835009415441324,85124.99450736419,1562.051664104045,84343.96867531216,1338543.5447814066,15.724447943025815
2020,f,66,0.01811801191544928,0.5,0.01795535425428664,83562.94284326014,1500.4022412814375,82812.74172261942,1254199.5761060945,15.009040292640355
2020,f,67,0.018048739915162607,0.5,0.017887318138729753,82062.5406019787,1467.8787710200268,81328.6012164687,1171386.8343834751,14.274318413622579
2020,f,68,0.021318173743116006,0.5,0.021093338020741783,80594.66183095868,1700.010444667787,79744.65660862479,1090058.2331670064,13.525191475501474
2020,f,69,0.024770642201834864,0.5,0.02446760308110557,78894.65138629089,1930.3630153419508,77929.46987861992,1010313.5765583817,12.805856402249576
2020,f,70,0.0255504970733067,0.5,0.025228200541259575,76964.28837094894,1941.6705015376356,75993.45312018011,932384.1066797618,12.114503056091413
2020,f,71,0.030086098481184095,0.5,0.029640219204193474,75022.6178694113,2223.6868389218,73910.7744499504,856390.6535595816,11.41509957770688
2020,f,72,0.03299595141700405,0.5,0.03246042019316937,72798.9310304895,2363.083890863243,71617.38908505789,782479.8791096312,10.748507815065505
2020,f,73,0.041924899744804955,0.5,0.041064095697196934,70435.84713962626,2892.3843674547534,68989.65495589888,710862.4900245733,10.092339609622606
2020,f,74,0.04219055602123498,0.5,0.041318921877137774,67543.46277217151,2790.8230615947177,66148.05124137415,641872.8350686744,9.503108202103189
2020,f,75,0.04982668977469671,0.5,0.04861551469034031,64752.63971057679,3147.9829070878623,63178.64825703286,575724.7838273003,8.891139981328987
2020,f,76,0.057134265523981355,0.5,0.0555474345855869,61604.65680348893,3421.9806439593303,59893.666481509266,512546.1355702674,8.31992518366306
2020,f,77,0.05956541559033582,0.5,0.05784270326102995,58182.6761595296,3365.443272028271,56499.954523515466,452652.4690887581,7.779849586973996
2020,f,78,0.07329317269076305,0.5,0.07070217917675545,54817.232887501326,3875.697821586051,52879.3839767083,396152.5145652426,7.226787885814059
2020,f,79,0.07496776570270768,0.5,0.07225920994229916,50941.535065915275,3680.995077110965,49101.03752735979,343273.13058853435,6.7385706014622375
2020,f,80,0.09802494904052053,0.5,0.0934449793700974,47260.53998880431,4416.26018427348,45052.40989666757,294172.09306117456,6.224475918617558
2020,f,81,0.10913187257856782,0.5,0.1034851106252983,42844.27980453083,4433.745035233107,40627.40728691428,249119.68316450698,5.814537770294421
2020,f,82,0.12132800489994167,0.5,0.11438872689154399,38410.53476929772,4393.732171483352,36213.66868355605,208492.2758775927,5.427997218207037
2020,f,83,0.1346810709055757,0.5,0.1261837871157411,34016.80259781437,4292.368977360795,31870.618109133975,172278.60719403665,5.064515005449272
2020,f,84,0.149254110862746,0.5,0.13888921752750116,29724.433620453576,4128.403326992946,27660.231956957105,140407.98908490269,4.723655659103527
2020,f,85,0.16510314719661573,0.5,0.1525129621749356,25596.03029346063,3903.7263999750685,23644.167093473094,112747.75712794559,4.404892314756746
2020,f,86,0.1822745819817925,0.5,0.16705008937625365,21692.30389348556,3623.701304183618,19880.453241393752,89103.5900344725,4.107613025891237
2020,f,87,0.20080238920161353,0.5,0.18248107161902777,18068.602589301943,3297.1779631541576,16420.013607724864,69223.13679307874,3.831128414660266
2020,f,88,0.220705198889352,0.5,0.19877037168169281,14771.424626147786,2936.1215632075073,13303.363844544032,52803.12318535387,3.5746804740745106
2020,f,89,0.2419834050543617,0.5,0.2158654738557213,11835.303062940278,2554.8333039076733,10557.88641098644,39499.75934080984,3.3374522925817502
2020,f,90,0.26461646233429514,0.5,0.23369649274874285,9280.469759032605,2168.8132337466905,8196.063142159259,28941.8729298234,3.1185784428266157
2020,f,91,0.28856056302314337,0.5,0.2521764708223064,7111.6565252859145,1793.3924442470288,6214.9603031624,20745.80978766414,2.917155758844819
2020,f,92,0.313746901219057,0.5,0.27120243882660755,5318.264081038886,1442.3261891016928,4597.10098648804,14530.84948450174,2.7322542211298466
2020,f,93,0.34008072902296543,0.5,0.290657262209032,3875.937891937193,1126.5694961627114,3312.6531438558372,9933.7484980137,2.562927677112188
2020,f,94,0.36744138668062887,0.5,0.31041223554498687,2749.3683957744815,853.4375900690911,2322.649600739936,6621.095354157862,2.4082241449832105
2020,f,95,0.3956834420845444,0.5,0.33033032255734945,1895.9308057053904,626.2834345950771,1582.789088407852,4298.4457534179255,2.2671954801740073
2020,f,96,0.42463900607244587,0.5,0.3502698793584929,1269.6473711103133,444.719231506637,1047.2877553569947,2715.656665010073,2.1389062245174557
2020,f,97,0.4541212032027092,0.5,0.3700886513755442,824.9281396036763,305.29654266766113,672.2798682698458,1668.3689096530784,2.022441506789452
2020,f,98,0.48392868163071395,0.5,0.389647806887122,519.6315969360152,202.47331213537126,418.3949408683295,996.0890413832325,1.9169139198936855
2020,f,99,0.5138509516802741,0.5,0.4088157663737485,317.1582848006439,129.65930726255883,252.32863116936448,577.694100514903,1.8214693678206262
2020,f,100,0.5436742631606545,0.5,0.427471607536029,187.4989775380851,80.15048933956702,147.42373286830158,325.3654693455385,1.735291965949253
2020,f,101,0.5731876777869211,0.5,0.44550786771984946,107.34848819851807,47.824596080271206,83.43619015838246,177.94173647723693,1.6576082203241815
2020,f,102,0.6021889732519744,0.5,0.46283262241282536,59.52389211824686,27.549599085306305,45.74909257559371,94.50554631885447,1.5876909750981167
2020,f,103,0.6304900326027758,0.5,0.47937078246894443,31.974293032940558,15.32754187009203,24.31052209789454,48.756453743260764,1.5248641680061819
2020,f,104,0.6579214239725563,0.5,0.4950646155590411,16.646751162848528,8.241217464742626,12.526142430477215,24.44593164536622,1.4685106665091237
2020,f,105,0.6843359537071215,0.5,0.5098735519762643,8.405533698105902,4.28575932290944,6.262654036651182,11.919789214889004,1.4180883264527275
2020,f,106,0.7096110693063574,0.5,0.5237733764410796,4.119774375196462,2.15782813467209,3.040860307860417,5.657135178237823,1.3731662617975404
2020,f,107,0.7336500849229961,0.5,0.5367549336100653,1.9619462405243722,1.0530843240791765,1.4354040784847837,2.6162748703774064,1.3335099689980041
2020,f,108,0.756382289941537,0.5,0.5488224856919829,0.9088619164451955,0.49880385613423145,0.6594599883780798,1.1808707918926227,1.2992851505004492
2020,f,109,0.7777620716706509,0.5,0.5599918579080284,0.4100580603109641,0.22962917504369915,0.2952434727891145,0.5214108035145427,1.2715536017488236
2020,f,110,0.7977672314058005,0.5,1.0,0.18042888526726494,0.18042888526726494,0.22616733072542825,0.22616733072542825,1.2534984650069307
2021,f,0,0.003848396501457726,0.062387988338192424,0.0038345602470375405,100000.0,383.4560247037589,99640.46702529366,7532859.107111566,75.32859107111565
2021,f,1,0.000442526828188959,0.5,0.00044242893485233934,99616.54397529624,44.07324144466838,99594.5073545739,7433218.640086272,74.61831482459003
2021,f,2,0.00021019442984760903,0.5,0.00021017234131988228,99572.47073385157,20.927379305139766,99562.00704419901,7333624.1327316975,73.65112142626076
2021,f,3,0.00010023053021950487,0.5,0.00010022550739163118,99551.54335454643,9.977603944324073,99546.55455257426,7234062.125687499,72.6664990006619
2021,f,4,0.0,0.5,0.0,99541.56575060211,0.0,99541.56575060211,7134515.571134924,71.67373264963706
2021,f,5,0.00019054878048780488,0.5,0.00019053062779841862,99541.56575060211,18.96571701449284,99532.08289209486,7034974.005384322,70.67373264963706
2021,f,6,0.00018547713994250208,0.5,0.000185459940652819,99522.60003358762,18.457455495838076,99513.3713058397,6935441.9224922275,69.68710544290045
2021,f,7,0.0,0.5,0.0,99504.14257809178,0.0,99504.14257809178,6835928.551186387,68.69993925952869
2021,f,8,0.0,0.5,0.0,99504.14257809178,0.0,99504.14257809178,6736424.408608296,67.69993925952869
2021,f,9,9.886307464162135e-05,0.5,9.885818792941526e-05,99504.14257809178,9.836799226744915,99499.22417847841,6636920.2660302045,66.69993925952869
2021,f,10,9.436633009342267e-05,0.5,9.436187780136824e-05,99494.30577886503,9.388469523837557,99489.61154410311,6537421.041851726,65.70648431259703
2021,f,11,9.399379640943698e-05,0.5,9.398937920015039e-05,99484.9173093412,9.350525617686799,99480.24204653235,6437931.430307623,64.7126378995656
2021,f,12,0.0,0.5,0.0,99475.56678372351,0.0,99475.56678372351,6338451.188261091,63.71867377284657
2021,f,13,0.00020723241114910373,0.5,0.00020721094073767097,99475.56678372351,20.612425773666473,99465.26057083668,6238975.621477367,62.71867377284657
2021,f,14,9.9000099000099e-05,0.5,9.899519873286146e-05,99454.95435794984,9.845562971633626,99450.03157646403,6139510.360906531,61.73156883476841
2021,f,15,0.00020525451559934318,0.5,0.0002052334530528476,99445.10879497821,20.409463067218894,99434.9040634446,6040060.329330067,60.73763106622574
2021,f,16,0.00030015007503751874,0.5,0.000300105036762867,99424.69933191099,29.83785304814228,99409.78040538692,5940625.425266623,59.74999638102945
2021,f,17,9.865824782951855e-05,0.5,9.865338134464559e-05,99394.86147886285,9.805639173166128,99389.95865927626,5841215.644861235,58.76778294120787
2021,f,18,0.0004717871296471032,0.5,0.0004716758643460214,99385.05583968968,46.87753211626841,99361.61707363155,5741825.686201959,57.77353182216502
2021,f,19,0.00029236916479875256,0.5,0.000292326431181486,99338.17830757341,29.039175144716864,99323.65872000105,5642464.069128327,56.80055911291211
2021,f,20,0.00046759562330496587,0.5,0.0004674863260249638,99309.1391324287,46.42566459372756,99285.92630013183,5543140.410408326,55.817022066987725
2021,f,21,0.0001957138663274293,0.5,0.00019569471624266145,99262.71346783497,19.4251885455742,99253.00087356218,5443854.484108195,54.84289411322831
2021,f,22,0.0004971661529283086,0.5,0.0004970425965505243,99243.2882792894,49.32814169654739,99218.62420844112,5344601.483234633,53.85353081201736
2021,f,23,0.0003879352148191252,0.5,0.0003878599825463008,99193.96013759285,38.47336764766078,99174.72345376902,5245382.859026192,52.88006297712354
2021,f,24,9.294544102611767e-05,0.5,9.294112179934011e-05,99155.48676994519,9.215622172967414,99150.8789588587,5146208.135572422,51.90038699030701
2021,f,25,0.0006352663581087213,0.5,0.0006350646405080516,99146.27114777222,62.964291044161655,99114.78900225014,5047057.256613564,50.90516464397531
2021,f,26,0.00035909866235748274,0.5,0.00035903419800736023,99083.30685672806,35.574295613216236,99065.51970892145,4947942.467611314,49.93719552341862
2021,f,27,0.0005238344683080147,0.5,0.0005236973029588898,99047.73256111484,51.87103040644433,99021.79704591162,4848876.947902393,48.9549515422831
2021,f,28,0.0004367193641366058,0.5,0.00043662402305374835,98995.8615307084,43.2239713272138,98974.24954504479,4749855.150856481,47.98034056588398
2021,f,29,0.0007547169811320754,0.5,0.0007544322897019992,98952.63755938118,74.65306492596574,98915.3110269182,4650880.901311436,47.00108067882936
2021,f,30,0.0005084314888568766,0.5,0.0005083022704168078,98877.98449445522,50.25990401276795,98852.85454244883,4551965.590284518,46.03618908251289
2021,f,31,0.0005074424898511502,0.5,0.0005073137735689524,98827.72459044245,50.136665895202896,98802.65625749485,4453112.735742069,45.05934700203272
2021,f,32,0.0008276775368316504,0.5,0.000827335153470671,98777.58792454725,81.72217086501769,98736.72683911474,4354310.079484574,44.08196404644624
2021,f,33,0.001129305477131564,0.5,0.001128668171557562,98695.86575368223,111.3948823404935,98640.16831251199,4255573.352645459,43.11805079319331
2021,f,34,0.0006510416666666666,0.5,0.0006508298080052067,98584.47087134173,64.16171224949358,98552.39001521698,4156933.1843329463,42.166206782790134
2021,f,35,0.001378303875466191,0.5,0.0013773546688272231,98520.30915909224,135.69740779457788,98452.46045519496,4058380.7943177293,41.19334205259332
2021,f,36,0.000882895898547235,0.5,0.000882506317942958,98384.61175129766,86.82504145888379,98341.19923056822,3959928.3338625343,40.24946852331614
2021,f,37,0.0010191282533709627,0.5,0.001018609206660137,98297.78670983878,100.12703053696896,98247.7231945703,3861587.1346319662,39.284578665345
2021,f,38,0.0009300883583940474,0.5,0.00092965602726991,98197.65967930181,91.29004618465842,98152.01465620947,3763339.411437396,38.32412527679248
2021,f,39,0.0016347501167678655,0.5,0.0016334150040835374,98106.36963311715,160.24841615489277,98026.2454250397,3665187.3967811866,37.35932142314185
2021,f,40,0.0012284069097888675,0.5,0.0012276528811478555,97946.12121696226,120.24383790926368,97885.99929800763,3567161.1513561467,36.419626495003946
2021,f,41,0.0018124507486209614,0.5,0.0018108097468802898,97825.877379053,177.1440522551129,97737.30535292544,3469275.152058139,35.46377753010574
2021,f,42,0.0018878313537324,0.5,0.0018860510805500982,97648.73332679788,184.17049900535494,97556.6480772952,3371537.8467052137,34.5272051345694
2021,f,43,0.0020231447762401877,0.5,0.0020211002869962406,97464.56282779253,196.98565590320504,97366.06999984093,3273981.1986279185,33.59150345149166
2021,f,44,0.002272015042306487,0.5,0.0022694369448683334,97267.57717188932,220.74263317171426,97157.20585530347,3176615.1286280775,32.65852014607526
2021,f,45,0.002538852131097092,0.5,0.0025356333320527102,97046.83453871761,246.07518842657737,96923.79694450431,3079457.922772774,31.731667883965855
2021,f,46,0.0025819575933025583,0.5,0.0025786286384059383,96800.75935029103,249.6132102801057,96675.95274515098,2982534.12582827,30.81106125454483
2021,f,47,0.002905835231288777,0.5,0.002901619417323452,96551.14614001093,280.1546804046957,96411.06879980858,2885858.173083119,29.889424294334873
2021,f,48,0.004005025914873567,0.5,0.003997021826874094,96270.99145960623,384.7972541588533,96078.5928325268,2789447.1042833105,28.97494937977987
2021,f,49,0.005130633830610151,0.5,0.005117505806400819,95886.19420544738,490.6981556000537,95640.84512764735,2693368.511450784,28.089221120612287
2021,f,50,0.003578690524603497,0.5,0.0035722984492977186,95395.49604984732,340.7811826088582,95225.1054585429,2597727.6663231365,27.231135366870333
2021,f,51,0.004389058703660162,0.5,0.004379447876749824,95054.71486723846,416.2871692003828,94846.57128263827,2502502.560864594,26.326969307727687
2021,f,52,0.0059988949404057145,0.5,0.005980955378925002,94638.42769803808,566.0282131935819,94355.41359144129,2407655.9895819556,25.440574702530355
2021,f,53,0.005529529222025958,0.5,0.005514283526077967,94072.3994848445,518.7418827379006,93813.02854347555,2313300.5759905144,24.59064070501569
2021,f,54,0.005838967424708051,0.5,0.005821970277309636,93553.6576021066,544.6666138930741,93281.32429516007,2219487.547447039,23.72421992186291
2021,f,55,0.0065625,0.5,0.006541037221616571,93008.99098821353,608.3752719989134,92704.80335221408,2126206.223151879,22.86022244259504
2021,f,56,0.007660319544758153,0.5,0.007631091246048185,92400.61571621461,705.117529721465,92048.05695135388,2033501.419799665,22.007444474667313
2021,f,57,0.009061338289962825,0.5,0.009020469527003585,91695.49818649315,827.136447154684,91281.9299629158,1941453.3628483112,21.172831831937085
2021,f,58,0.009861932938856016,0.5,0.009813542688910697,90868.36173933846,891.7405470003723,90422.49146583828,1850171.4328853954,20.361007918165477
2021,f,59,0.011617866394536464,0.5,0.011550768750487788,89976.62119233809,1039.2991443429346,89456.97162016662,1759748.941419557,19.55784645055562
2021,f,60,0.011227194760642444,0.5,0.011164521631260658,88937.32204799516,992.9426558312407,88440.85072007953,1670291.9697993903,18.780551643977034
2021,f,61,0.012261170452835866,0.5,0.012186460319240403,87944.37939216392,1071.7306897628296,87408.5140472825,1581851.1190793107,17.986949592599636
2021,f,62,0.014313648807195933,0.5,0.014211936473420573,86872.64870240109,1234.6285646363103,86255.33442008293,1494442.6050320282,17.20268263203909
2021,f,63,0.016682630906768837,0.5,0.01654462695428458,85638.02013776478,1416.8490962828364,84929.59558962335,1408187.2706119453,16.443482326501858
2021,f,64,0.017373899119295436,0.5,0.01722427273088066,84221.17104148194,1450.6484197326354,83495.84683161562,1323257.675022322,15.711698836039341
2021,f,65,0.020093380023345007,0.5,0.019893516034504108,82770.5226217493,1646.5967189600487,81947.22426226927,1239761.8281907064,14.978301319375007
2021,f,66,0.020882233913395387,0.5,0.02066645305991669,81123.92590278925,1676.5438067061477,80285.65399943618,1157814.6039284372,14.272171755048513
2021,f,67,0.023918659888324027,0.5,0.02363598929380276,79447.3820960831,1877.81747264367,78508.47335976126,1077528.949929001,13.562799950108426
2021,f,68,0.02463877056710933,0.5,0.02433892991213234,77569.56462343944,1887.960196684522,76625.58452509718,999020.4765692399,12.879026476672562
2021,f,69,0.030458749883210314,0.5,0.030001840603718015,75681.60442675492,2270.587432645145,74546.31071043234,922394.8920441427,12.187834798571714
2021,f,70,0.030687435873519263,0.5,0.03022369206742915,73411.01699410977,2218.751971986785,72301.64100811638,847848.5813337103,11.549337089305528
2021,f,71,0.03841047040971168,0.5,0.03768668868934071,71192.26502212299,2683.000728977786,69850.76465763409,775546.9403255939,10.893696668937178
2021,f,72,0.041305661898045534,0.5,0.04046984503010561,68509.2642931452,2772.5593090701295,67122.98463861013,705696.1756679598,10.300740826063278
2021,f,73,0.04123495552066981,0.5,0.0404019688269073,65736.70498407507,2655.892305550202,64408.75883129997,638573.1910293497,9.71410403341704
2021,f,74,0.04814996324430287,0.5,0.04701800562301848,63080.81267852487,2965.934005223462,61597.84567591314,574164.4321980497,9.102045579598522
2021,f,75,0.05384859043395629,0.5,0.05243676742751388,60114.878673301406,3152.2299119251184,58538.76371733885,512566.5865221366,8.526451318445076
2021,f,76,0.05974698978814205,0.5,0.05801391149918603,56962.64876137629,3304.626064001699,55310.33572937544,454027.82280479773,7.970623429166321
2021,f,77,0.06502277367677085,0.5,0.06297535746881655,53658.02269737459,3379.1331604370353,51968.45611715607,398717.4870754223,7.430715241300366
2021,f,78,0.07043701799485862,0.5,0.06804072510553763,50278.88953693755,3421.0121015944605,48568.38348614032,346749.03095826623,6.896513311089058
2021,f,79,0.09157637189793778,0.5,0.0875668449197861,46857.87743534309,4103.196486651032,44806.27919201758,298180.6474721259,6.3635116183734715
2021,f,80,0.10104006369003005,0.5,0.09618099667511781,42754.68094869206,4112.187826171874,40698.58703560612,253374.3682801083,5.926236909221035
2021,f,81,0.11376991474153654,0.5,0.1076464509671554,38642.49312252019,4159.727241162007,36562.629501939184,212675.78124450217,5.503676498568317
2021,f,82,0.12787543706694235,0.5,0.12019071684309257,34482.76588135818,4144.508350012973,32410.511706351695,176113.151742563,5.107280325148511
2021,f,83,0.14344673194698923,0.5,0.13384678966730384,30338.257531345207,4060.6783746704605,28307.918344009977,143702.6400362113,4.736680736780583
2021,f,84,0.1605650436697244,0.5,0.1486324553293747,26277.579156674747,3905.7011101685675,24324.72860159046,115394.7216922013,4.3913756668444845
2021,f,85,0.17929856487632262,0.5,0.16454704074611087,22371.87804650618,3681.226328485478,20531.26488226344,91069.99309061085,4.070735273153935
2021,f,86,0.1996978074276953,0.5,0.1815684015807789,18690.6517180207,3393.631756944058,16993.835839548672,70538.72820834741,3.774011161972329
2021,f,87,0.22179071751200902,0.5,0.19965041330298944,15297.019961076643,3054.0563575330325,13769.991782310128,53544.89236879874,3.5003479439161373
2021,f,88,0.24557779302599977,0.5,0.21872125186549385,12242.96360354361,2677.7963259107364,10904.065440588241,39774.90058648861,3.248796768045291
2021,f,89,0.2710275380889755,0.5,0.23868274033967884,9565.167277632874,2283.0403376328404,8423.647108816454,28870.835145900375,3.018330396940548
2021,f,90,0.2980726514161084,0.5,0.2594109905380331,7282.126940000034,1889.0637627291044,6337.595058635481,20447.18803708392,2.807859325380536
2021,f,91,0.32660737740815715,0.5,0.28075848170996354,5393.063177270929,1514.148229416498,4635.98906256268,14109.59297844844,2.616248412945232
2021,f,92,0.35648643649510237,0.5,0.30255759674587307,3878.9149478544314,1173.5951846044804,3292.117355552191,9473.603915885758,2.442333498734215
2021,f,93,0.38752588328485865,0.5,0.32462549285680137,2705.319763249951,878.2157614802604,2266.2118825098205,6181.4865603335675,2.284937494009075
2021,f,94,0.41950611357287554,0.5,0.34677003808301393,1827.1040017696905,633.5849242753027,1510.311539632039,3915.2746778237465,2.142885502977117
2021,f,95,0.4521770610500076,0.5,0.36879642031753457,1193.5190774943878,440.1655633606164,973.4362958140796,2404.9631381917075,2.015018597977137
2021,f,96,0.48526541035713683,0.5,0.39051395342713385,753.3535141337715,294.1950591326032,606.2559845674698,1431.5268423776279,1.9002059664162323
2021,f,97,0.5184834340633568,0.5,0.41174258051547186,459.15845500116825,189.05508712767818,364.63091143732913,825.2708578101582,1.7973552459315127
2021,f,98,0.5515388717335389,0.5,0.4323186119902757,270.1033678734901,116.77071309296608,211.71801132700705,460.63994637282906,1.7054209653119976
2021,f,99,0.5841451422294968,0.5,0.4520993288523413,153.332654780524,69.32159031742263,118.67185962181267,248.92193504582198,1.623411108365154
2021,f,100,0.6160311389217338,0.5,0.4709662127153787,84.01106446310136,39.566372856374386,64.22787803491417,130.2500754240093,1.55039191868848
2021,f,101,0.6469499093273321,0.5,0.48882671111199166,44.44469160672698,21.725752424503092,33.58181539447543,66.02219738909514,1.4854911802133481
2021,f,102,0.6766856561578446,0.5,0.5056145869060841,22.718939182223885,11.487027049564578,16.975425657441598,32.44038199461971,1.4279003845391793
2021,f,103,0.7050586912653558,0.5,0.5212890156816138,11.231912132659307,5.855072419856346,8.304375922731134,15.464956337178112,1.3768765419923716
2021,f,104,0.7319281941816456,0.5,0.5358326735969692,5.376839712802961,2.8810863988135704,3.936296513396176,7.160580414446978,1.3317451880510212
2021,f,105,0.7571928385940305,0.5,0.5492490971216538,2.4957533139893906,1.3707902543470483,1.8103581868158665,3.2242839010508018,1.2919080916282049
2021,f,106,0.7807895250844349,0.5,0.5615595988414314,1.1249630596423423,0.6317338044841829,0.8090961574002509,1.4139257142349355,1.2568641273291787
2021,f,107,0.8026905793540661,0.5,0.5727999981639511,0.49322925515815935,0.28252171644900065,0.351968396933659,0.6048295568346845,1.2262645625931887
2021,f,108,0.8228998364929231,0.5,0.5830173822357555,0.2107075387091587,0.12284615763555283,0.14928445989138228,0.25286115990102553,1.2000574894002811
2021,f,109,0.8414480384921527,0.5,0.5922670603814222,0.08786138107360587,0.05203740188951647,0.06184268012884764,0.10357670000964328,1.178864920446355
2021,f,110,0.8583879359432183,0.5,1.0,0.0358239791840894,0.0358239791840894,0.041734019880795635,0.041734019880795635,1.1649744342005166
2023,f,0,0.001534285377080137,0.054938864628820964,0.0015320638944215975,100000.0,153.20638944215898,99855.21059564767,7930509.915947553,79.30509915947553
2023,f,1,0.0004731488052992666,0.5,0.00047303689687795653,99846.79361055784,47.23121741274372,99823.17800185147,7830654.705351905,78.42670177166198
2023,f,2,0.00011768859597505002,0.5,0.00011768167107972934,99799.5623931451,11.744579275444266,99793.69010350737,7730831.527350053,77.46358142228746
2023,f,3,0.0,0.5,0.0,99787.81781386965,0.0,99787.81781386965,7631037.837246546,76.47263969115373
2023,f,4,0.00021079258010118043,0.5,0.00021077036568658446,99787.81781386965,21.03231485170545,99777.3016564438,7531250.019432676,75.47263969115373
2023,f,5,0.00010046212577858148,0.5,0.00010045707971269275,99766.78549901795,10.022279923563474,99761.77435905617,7431472.717776232,74.48844503313565
2023,f,6,9.682416731216112e-05,0.5,9.681948007939198e-05,99756.76321909438,9.658397949286154,99751.93402011975,7331710.943417177,73.49587844299481
2023,f,7,9.48676596148373e-05,0.5,9.486315989185601e-05,99747.1048211451,9.462325553395203,99742.3736583684,7231959.009397057,72.50294655032408
2023,f,8,0.0,0.5,0.0,99737.6424955917,0.0,99737.6424955917,7132216.6357386885,71.50977762537273
2023,f,9,9.425070688030161e-05,0.5,9.42462654917299e-05,99737.6424955917,9.39990033415961,99732.94254542462,7032478.993243096,70.50977762537273
2023,f,10,0.0,0.5,0.0,99728.24259525754,0.0,99728.24259525754,6932746.050697672,69.51637640737239
2023,f,11,0.0,0.5,0.0,99728.24259525754,0.0,99728.24259525754,6833017.808102415,68.51637640737239
2023,f,12,9.565716472163765e-05,0.5,9.565258979386866e-05,99728.24259525754,9.539264679828193,99723.47296291763,6733289.565507158,67.5163764073724
2023,f,13,9.484966328369534e-05,0.5,9.484516526770049e-05,99718.70333057771,9.457836897665402,99713.97441212888,6633566.09254424,66.52278731055385
2023,f,14,0.00029501425902251943,0.5,0.00029497074873408393,99709.24549368005,29.411310798983322,99694.53983828056,6533852.118132111,65.52904984669902
2023,f,15,0.0003033673778946304,0.5,0.00030332136899044535,99679.83418288107,30.23502376509714,99664.71667099852,6434157.57829383,64.54823717392206
2023,f,16,0.0004060913705583756,0.5,0.00040600893219650826,99649.59915911597,40.45862734840193,99629.36984544178,6334492.861622832,63.56767026737559
2023,f,17,0.00020275750202757503,0.5,0.00020273694880892042,99609.14053176757,20.194453224889003,99599.04330515512,6234863.49177739,62.593286705339594
2023,f,18,0.00040306328093510683,0.5,0.00040298206729800525,99588.94607854268,40.13255937075883,99568.87979885729,6135264.448472235,61.60587786152034
2023,f,19,0.000492174426616793,0.5,0.0004920533385819023,99548.81351917192,48.983326043977286,99524.32185614994,6035695.568673378,60.63051236176687
2023,f,20,0.00028963120293492954,0.5,0.000289589265891211,99499.83019312794,28.814082781929756,99485.42315173698,5936171.246817227,59.66011434688072
2023,f,21,0.00028669724770642203,0.5,0.0002866561559409489,99471.01611034601,28.51397910572996,99456.75912079314,5836685.82366549,58.67725144368375
2023,f,22,9.46611132146914e-05,0.5,9.465663306356192e-05,99442.50213124028,9.41289243515348,99437.7956850227,5737229.064544697,57.69393309284323
2023,f,23,0.00038959774033310606,0.5,0.0003895218619145,99433.08923880513,38.73136205621995,99413.72355777702,5637791.268859674,56.69934739048064
2023,f,24,0.00029606237047271293,0.5,0.00029601855049583105,99394.35787674891,29.42257374613837,99379.64658987583,5538377.545301897,55.72124679521147
2023,f,25,0.0002891844997108155,0.5,0.00028914269191846175,99364.93530300277,28.730644875817234,99350.56998056486,5438997.898712021,54.73759814894839
2023,f,26,0.00028206092515983453,0.5,0.000282021151586369,99336.20465812695,28.014910831901943,99322.197202711,5339647.328731457,53.753285089844695
2023,f,27,0.0001836210062431142,0.5,0.00018360414945377764,99308.18974729505,18.233395712348283,99299.07304943888,5240325.131528745,52.76830787937589
2023,f,28,8.91583452211127e-05,0.5,8.915437079302814e-05,99289.9563515827,8.852133584587136,99285.53028479041,5141026.058479306,51.77790631990098
2023,f,29,8.758868354208637e-05,0.5,8.758484782132692e-05,99281.10421799812,8.695520404464332,99276.75645779588,5041740.528194516,50.78247837699338
2023,f,30,0.0002615746795710175,0.5,0.0002615404733882568,99272.40869759365,25.963752765164827,99259.42682121106,4942463.77173672,49.78688274596609
2023,f,31,0.00042091085108174087,0.5,0.00042082228674830615,99246.44494482849,41.765115913323825,99225.56238687182,4843204.344915508,48.799776632884594
2023,f,32,0.0002527805864509606,0.5,0.00025274864147605203,99204.67982891516,25.073848054831615,99192.14290488775,4743978.782528636,47.8201108124126
2023,f,33,0.0007652410509310433,0.5,0.000764948365985296,99179.60598086033,75.8672775341256,99141.67234209327,4644786.639623748,46.8320739297966
2023,f,34,0.0008291186468783683,0.5,0.0008287750704458809,99103.7387033262,82.13470802530355,99062.67134931355,4545644.9672816545,45.86754270582417
2023,f,35,0.0005683202078428189,0.5,0.0005681587597905929,99021.6039953009,56.2599917184416,98993.47399944169,4446582.295932341,44.905173381592114
2023,f,36,0.0004043344654698367,0.5,0.00040425273881230546,98965.34400358246,40.00701136095449,98945.34049790198,4347588.8219329,43.9304169121619
2023,f,37,0.0008078196946441554,0.5,0.0008074935400516796,98925.3369922215,79.88157056865748,98885.39620693718,4248643.481434998,42.947980877427476
2023,f,38,0.0004806151874399231,0.5,0.0004804997197084968,98845.45542165285,47.49521362457017,98821.70781484057,4149758.085228061,41.98228504817051
2023,f,39,0.0005545872286483917,0.5,0.000554433487782662,98797.96020802828,54.77689766394906,98770.5717591963,4050936.3774132202,41.00222685654236
2023,f,40,0.0008583021223470662,0.5,0.0008579339390866903,98743.18331036433,84.71512821542274,98700.82574625663,3952165.805654024,40.02469510459052
2023,f,41,0.0010082208779277184,0.5,0.0010077128793457618,98658.4681821489,99.41940904367948,98608.75847762707,3853464.979907767,39.05863379911068
2023,f,42,0.0014768752429071123,0.5,0.001475785467396792,98559.04877310523,145.45201185980113,98486.32276717533,3754856.22143014,38.09752902622133
2023,f,43,0.00132822876787249,0.5,0.0013273472574663282,98413.59676124543,130.62901775843056,98348.28225236622,3656369.898662965,37.153096919457546
2023,f,44,0.001666931258929989,0.5,0.0016655430860134037,98282.967743487,163.69451739804936,98201.12048478797,3558021.6164105986,36.201812970247644
2023,f,45,0.0012809222640301017,0.5,0.0012801024081926554,98119.27322608895,125.60271794683649,98056.47186711553,3459820.4959258107,35.261375081260574
2023,f,46,0.0015830299192654742,0.5,0.0015817779183802596,97993.67050814211,155.00422415080538,97916.1683960667,3361764.024058695,34.305930236375545
2023,f,47,0.0021793275217932753,0.5,0.002176955372414866,97838.6662839913,212.99041019684228,97732.17107889289,3263847.855662628,33.35948842749781
2023,f,48,0.0022562825799424258,0.5,0.0022537400427433455,97625.67587379446,220.0228949166485,97515.66442633614,3166115.684583735,32.43117813265364
2023,f,49,0.002774914770474907,0.5,0.0027710700288983018,97405.65297887781,269.91788561503927,97270.69403607029,3068600.020157399,31.50330526322551
2023,f,50,0.0023006743355811184,0.5,0.002298030825310036,97135.73509326277,223.2209134834702,97024.12463652104,2971329.326121329,30.589456323859302
2023,f,51,0.0029330162504954418,0.5,0.0029287212569755017,96912.5141797793,283.8297403452598,96770.59930960668,2874305.2014848078,29.65876208879254
2023,f,52,0.003566218187712757,0.5,0.0035598705501618116,96628.68443943404,343.98560803681903,96456.69163541563,2777534.6021752013,28.74441081639825
2023,f,53,0.0041500399042298484,0.5,0.004141446320484231,96284.69883139723,398.75791169422155,96085.3198755501,2681077.910539786,27.845316473748166
2023,f,54,0.0028861154446177847,0.5,0.002881956614869339,95885.940919703,276.3391217065073,95747.77135884974,2584992.590664236,26.95903659983861
2023,f,55,0.004824902723735408,0.5,0.004813290893564164,95609.6017979965,460.1968256715918,95379.5033851607,2489244.819305386,26.035510790690775
2023,f,56,0.004463237021376556,0.5,0.004453298956990507,95149.4049723249,423.7287459215295,94937.54059936415,2393865.3159202253,25.159015094382394
2023,f,57,0.004947433518862091,0.5,0.004935225169648365,94725.67622640338,467.49254152450885,94491.92995564113,2298927.775320861,24.26932028256209
2023,f,58,0.004982260134370046,0.5,0.004969879518072289,94258.18368487887,468.4518165061745,94023.95777662579,2204435.8453652197,23.38720903783828
2023,f,59,0.005339435545385202,0.5,0.005325218714340053,93789.73186837269,499.4508353583951,93540.0064506935,2110411.887588594,22.501523840055423
2023,f,60,0.008057368463459834,0.5,0.008025038118931065,93290.2810330143,748.6580614157283,92915.95200230644,2016871.8811379008,21.619314025049988
2023,f,61,0.006845965770171149,0.5,0.00682261208576998,92541.62297159857,631.3755953227956,92225.93517393718,1923955.9291355943,20.790168438326017
2023,f,62,0.009844519103054927,0.5,0.009796299175866895,91910.24737627577,900.3802806259337,91460.0572359628,1831729.9939616572,19.929551342220307
2023,f,63,0.010351805728518057,0.5,0.01029850168415347,91009.86709564984,937.2652695591387,90541.23446087027,1740269.9367256945,19.121772091994156
2023,f,64,0.009981633793819372,0.5,0.00993206467760518,90072.6018260907,894.6069070169178,89625.29837258224,1649728.7022648242,18.315544003603534
2023,f,65,0.01268584356819651,0.5,0.0126058854229395,89177.99491907378,1124.16758619732,88615.91112597512,1560103.403892242,17.49426419945847
2023,f,66,0.01321730563993104,0.5,0.013130530522366757,88053.82733287646,1156.193467405552,87475.7305991737,1471487.4927662667,16.711226954434274
2023,f,67,0.014967021816336884,0.5,0.014855847916404381,86897.63386547091,1290.938033000828,86252.1648489705,1384011.762167093,15.926921143902804
2023,f,68,0.017313432835820895,0.5,0.017164841669132878,85606.69583247008,1469.4253797819692,84871.98314257909,1297759.5973181226,15.15955714326134
2023,f,69,0.016359387172163075,0.5,0.01622665808113329,84137.27045268811,1365.26671951561,83454.63709293031,1212887.6141755434,14.415580724805801
2023,f,70,0.01897784446994439,0.5,0.018799457876098456,82772.0037331725,1556.068797502041,81993.96933442148,1129432.9770826132,13.64510856501074
2023,f,71,0.022030196562529674,0.5,0.02179017563632948,81215.93493567046,1769.7094867169653,80331.08019231199,1047439.0077481917,12.896964229714865
2023,f,72,0.026242267012572342,0.5,0.02590239818781701,79446.2254489535,2057.8477660978824,78417.30156590455,967107.9275558797,12.173113600938468
2023,f,73,0.027906508160386864,0.5,0.027522480003974364,77388.37768285561,2129.920077316405,76323.41764419741,888690.6259899752,11.483515388213817
2023,f,74,0.02948976344542272,0.5,0.029061258624294376,75258.45760553921,2187.1055001400673,74164.90485546918,812367.2083457778,10.794364303926228
2023,f,75,0.03526734926052332,0.5,0.03465623253214086,73071.35210539914,2532.377770002655,71805.16322039781,738202.3034903087,10.102485888389136
2023,f,76,0.037237643872714964,0.5,0.036556995679627786,70538.97433539649,2578.692980024469,69249.62784538425,666397.1402699109,9.447219023930613
2023,f,77,0.049848218565266014,0.5,0.04863600935307871,67960.28135537202,3305.3168796377286,66307.62291555316,597147.5124245266,8.786713364266028
2023,f,78,0.05596189828202075,0.5,0.05443865309837015,64654.96447573429,3519.7291821819454,62895.09988464332,530839.8895089735,8.210350029783148
2023,f,79,0.05965038745719949,0.5,0.05792282789395397,61135.235293552345,3541.125712164816,59364.67243746994,467944.7896243301,7.654256786244546
2023,f,80,0.0728836244397684,0.5,0.07032099977099912,57594.10958138753,4050.0753666836536,55569.0718980457,408580.1171868602,7.094130287915753
2023,f,81,0.08280808252210543,0.5,0.07951580677738854,53544.034214703875,4257.5970786982725,51415.235675354736,353011.04528881446,6.592910871700308
2023,f,82,0.09394699913204894,0.5,0.08973197427727676,49286.4371360056,4422.569309306673,47075.15248135227,301595.80961345974,6.119245519435865
2023,f,83,0.10641043043908123,0.5,0.101034849525408,44863.86782669893,4532.81413499832,42597.46075919977,254520.65713210744,5.673176867301657
2023,f,84,0.12030776710768194,0.5,0.11348141904115565,40331.05369170061,4576.825204359222,38042.641089521,211923.19637290767,5.254591114650633
2023,f,85,0.13574439699087007,0.5,0.12711670664535082,35754.22848734139,4544.95977395622,33481.74860036328,173880.55528338667,4.863216538008874
2023,f,86,0.1528176175071826,0.5,0.14196986894239103,31209.26871338517,4430.775789027157,28993.880818871592,140398.8066830234,4.49862532737938
2023,f,87,0.17161182158647775,0.5,0.15805018178719085,26778.49292435801,4232.34567468179,24662.320087017117,111404.9258641518,4.160238822208574
2023,f,88,0.19219305532169362,0.5,0.17534318417361305,22546.14724967622,3953.3132496053768,20569.490624873535,86742.60577713468,3.8473360799318104
2023,f,89,0.2146031387537189,0.5,0.19380731021133482,18592.834000070845,3603.4271467595827,16791.120426691054,66173.11515226115,3.559065559989887
2023,f,90,0.23885364789653862,0.5,0.21337138148440193,14989.406853311262,3198.310447922786,13390.25162934987,49381.9947255701,3.294459561264179
2023,f,91,0.264920165135691,0.5,0.23393333611811407,11791.096405388476,2758.3305186028283,10411.931146087063,35991.74309622023,3.0524509221866905
2023,f,92,0.2927372998049115,0.5,0.25536052458327474,9032.765886785648,2306.611835287492,7879.459969141903,25579.811950133164,2.8318913908257906
2023,f,93,0.3221950399227783,0.5,0.2774917992534275,6726.154051498156,1866.4525898059546,5792.927756595179,17700.35198099126,2.6315710055806343
2023,f,94,0.35313699732557985,0.5,0.3001414687941518,4859.7014616922015,1458.597934613384,4130.402494385509,11907.424224396083,2.4502378012845645
2023,f,95,0.38536103312384007,0.5,0.3231049956569265,3401.1035270788175,1098.9135403455589,2851.646756906038,7777.021730010573,2.286617172365288
2023,f,96,0.4186225898710814,0.5,0.34616611258343954,2302.1899867332586,796.9401581359723,1903.7199076652723,4925.3749731045355,2.1394302822476874
2023,f,97,0.4526408179981537,0.5,0.36910485602013204,1505.2498285972863,555.5950212587297,1227.4523179679213,3021.6550654392627,2.0074110011725335
2023,f,98,0.48710729232376326,0.5,0.3917058936919825,949.6548073385566,371.9853850074368,763.6621148348381,1794.2027474713414,1.8893209760077583
2023,f,99,0.5216968117609873,0.5,0.41376648400222904,577.6694223311198,239.02024579354617,458.15929943434674,1030.5406326365032,1.7839625792860434
2023,f,100,0.556079512891151,0.5,0.43510345440089704,338.6491765375736,147.3474265415175,264.97546326681487,572.3813332021565,1.6901896501102225
2023,f,101,0.5899333547788009,0.5,0.45555871442814444,191.30174999605612,87.14917929605761,147.72716034802733,307.4058699353416,1.6069161413404693
2023,f,102,0.6229559824131489,0.5,0.47500300164398673,104.1525706999985,49.47278371143684,79.41617884428008,159.6787095873143,1.5331230762153103
2023,f,103,0.6548750595809125,0.5,0.49333776157759257,54.679786988561666,26.975603716476584,41.191985130323374,80.2625307430342,1.467864729608843
2023,f,104,0.68545636201006,0.5,0.5104952526556767,27.704183272085082,14.142854039102247,20.63275625253396,39.07054561271083,1.4102760304823196
2023,f,105,0.7145091992788106,0.5,0.5264371175965371,13.561329232982835,7.1391870721891415,9.991735696888265,18.437789360176872,1.3595857045734043
2023,f,106,0.7418890385544434,0.5,0.5411517593327381,6.422142160793694,3.4753535289984594,4.684465396294464,8.446053663288609,1.3151458581609452
2023,f,107,0.7674974849028743,0.5,0.5546508996591263,2.9467886317952345,1.6344389657305127,2.129569148929978,3.7615882669941443,1.2765042685475951
2023,f,108,0.7912799934689386,0.5,0.566965689805668,1.3123496660647218,0.744057233686623,0.9403210492214102,1.632019118064166,1.2435855780403566
2023,f,109,0.8132218276157829,0.5,0.5781426971971078,0.5682924323780988,0.328554119651779,0.4040153725522093,0.6916980688427559,1.217151644881578
2023,f,110,0.8333428315903816,0.5,1.0,0.2397383127263198,0.2397383127263198,0.2876826962905465,0.2876826962905465,1.1999863226657435
