sex,age,basis,model,cohort_year,selection,rate,rate_label,a12,a_annual,ex_curtate,ex_complete,monthly_pension_per_1m_mkd
m,64,period,lc,,1.0,i2,Рамна каматна стапка 2%,13.364754172168709,13.825932632409078,15.623168291691147,16.123168291691147,6235.306108874785
m,64,period,lc,,1.0,i3,Рамна каматна стапка 3%,12.251457255909045,12.71379991800287,15.623168291691147,16.123168291691147,6801.911935263091
m,64,period,lc,,1.0,i4,Рамна каматна стапка 4%,11.286393301241667,11.74978636918691,15.623168291691147,16.123168291691147,7383.52200823672
m,64,period,lc,,1.0,eiopa,"EIOPA EUR безризична крива, 2026-08-31 (без VA)",11.927822339785955,12.390655460702172,15.623168291691147,16.123168291691147,6986.466679283953
m,64,period,lc,,1.0,eiopa_sp100,EIOPA EUR крива + 100 б.п. државен распон,11.011589842658909,11.47541809004068,15.623168291691147,16.123168291691147,7567.783991599462
m,64,period,lc,,1.0,dom,Домашен принос на 15-г. обврзница 5.200% (09/2026),10.28991038985822,10.754454056781475,15.623168291691147,16.123168291691147,8098.548012183569
m,64,period_raw,lc,,1.0,i2,Рамна каматна стапка 2%,13.310346018151527,13.771526243996458,15.578820888369243,16.07882088836925,6260.793913222869
m,64,period_raw,lc,,1.0,i3,Рамна каматна стапка 3%,12.195670668448214,12.658017363993862,15.578820888369243,16.07882088836925,6833.025882613206
m,64,period_raw,lc,,1.0,i4,Рамна каматна стапка 4%,11.230686766467189,11.694086925227657,15.578820888369243,16.07882088836925,7420.145808193287
m,64,period_raw,lc,,1.0,eiopa,"EIOPA EUR безризична крива, 2026-08-31 (без VA)",11.870659135644816,12.333491802285831,15.578820888369243,16.07882088836925,7020.110036105982
m,64,period_raw,lc,,1.0,eiopa_sp100,EIOPA EUR крива + 100 б.п. државен распон,10.955108629746027,11.418940332339885,15.578820888369243,16.07882088836925,7606.801187444296
m,64,period_raw,lc,,1.0,dom,Домашен принос на 15-г. обврзница 5.200% (09/2026),10.235563895861327,10.700119118750042,15.578820888369243,16.07882088836925,8141.547860106519
m,64,period,cbd,,1.0,i2,Рамна каматна стапка 2%,13.27675828807486,13.73793960387865,15.550137130553427,16.050137130553427,6276.632557827242
m,64,period,cbd,,1.0,i3,Рамна каматна стапка 3%,12.16307930928154,12.625428361230112,15.550137130553427,16.050137130553427,6851.335193526395
m,64,period,cbd,,1.0,i4,Рамна каматна стапка 4%,11.200200726066988,11.663604765357453,15.550137130553427,16.050137130553427,7440.34284487295
m,64,period,cbd,,1.0,eiopa,"EIOPA EUR безризична крива, 2026-08-31 (без VA)",11.838723580293482,12.301563573792189,15.550137130553427,16.050137130553427,7039.0471378222255
m,64,period,cbd,,1.0,eiopa_sp100,EIOPA EUR крива + 100 б.п. државен распон,10.925627595808635,11.38946797766831,15.550137130553427,16.050137130553427,7627.326906630265
m,64,period,cbd,,1.0,dom,Домашен принос на 15-г. обврзница 5.200% (09/2026),10.208346135862884,10.672907146199352,15.550137130553427,16.050137130553427,8163.25506837738
m,64,cohort,lc,2026,1.0,i2,Рамна каматна стапка 2%,14.559863686800915,15.02100336442039,17.464667328912164,17.96466732891216,5723.49680779486
m,64,cohort,lc,2026,1.0,i3,Рамна каматна стапка 3%,13.224498592588455,13.686770902371146,17.464667328912164,17.96466732891216,6301.436137626927
m,64,cohort,lc,2026,1.0,i4,Рамна каматна стапка 4%,12.084053671708878,12.547345206462053,17.464667328912164,17.96466732891216,6896.140616160362
m,64,cohort,lc,2026,1.0,eiopa,"EIOPA EUR безризична крива, 2026-08-31 (без VA)",12.820061562996756,13.282796380505793,17.464667328912164,17.96466732891216,6500.2287956138125
m,64,cohort,lc,2026,1.0,eiopa_sp100,EIOPA EUR крива + 100 б.п. државен распон,11.745400833067327,12.209103155376459,17.464667328912164,17.96466732891216,7094.975686033758
m,64,cohort,lc,2026,1.0,dom,Домашен принос на 15-г. обврзница 5.200% (09/2026),10.923837363833973,11.38824623571017,17.464667328912164,17.96466732891216,7628.576896359576
m,64,cohort,cbd,2026,1.0,i2,Рамна каматна стапка 2%,14.583722063544196,15.044860966933049,17.64128042657557,18.141280426575563,5714.133399569281
m,64,cohort,cbd,2026,1.0,i3,Рамна каматна стапка 3%,13.209739321416562,13.672012698316136,17.64128042657557,18.141280426575563,6308.47674626156
m,64,cohort,cbd,2026,1.0,i4,Рамна каматна стапка 4%,12.045373518119575,12.508669976421183,17.64128042657557,18.141280426575563,6918.285531617342
m,64,cohort,cbd,2026,1.0,eiopa,"EIOPA EUR безризична крива, 2026-08-31 (без VA)",12.791779734450827,13.254517084661218,17.64128042657557,18.141280426575563,6514.600396761051
m,64,cohort,cbd,2026,1.0,eiopa_sp100,EIOPA EUR крива + 100 б.п. државен распон,11.698193166492723,12.161903010465824,17.64128042657557,18.141280426575563,7123.607222697092
m,64,cohort,cbd,2026,1.0,dom,Домашен принос на 15-г. обврзница 5.200% (09/2026),10.869213264174904,11.333633751045237,17.64128042657557,18.141280426575563,7666.914919040303
m,64,cohort,coherent,2026,1.0,i2,Рамна каматна стапка 2%,14.703379353209447,15.164514373587375,17.64127301726809,18.141273017268094,5667.631320084479
m,64,cohort,coherent,2026,1.0,i3,Рамна каматна стапка 3%,13.352874875146151,13.81513790313594,17.64127301726809,18.141273017268094,6240.853307810332
m,64,cohort,coherent,2026,1.0,i4,Рамна каматна стапка 4%,12.198613242222242,12.661890194830809,17.64127301726809,18.141273017268094,6831.377606505079
m,64,cohort,coherent,2026,1.0,eiopa,"EIOPA EUR безризична крива, 2026-08-31 (без VA)",12.943070538512378,13.4057944272577,17.64127301726809,18.141273017268094,6438.451608941886
m,64,cohort,coherent,2026,1.0,eiopa_sp100,EIOPA EUR крива + 100 б.п. државен распон,11.855127318408192,12.318813246628741,17.64127301726809,18.141273017268094,7029.307327972471
m,64,cohort,coherent,2026,1.0,dom,Домашен принос на 15-г. обврзница 5.200% (09/2026),11.023637786156032,11.4880254369718,17.64127301726809,18.141273017268094,7559.51301647329
m,64,cohort,lc,2030,1.0,i2,Рамна каматна стапка 2%,14.894834560686178,15.35596336813162,17.965795340241435,18.465795340241435,5594.780727090823
m,64,cohort,lc,2030,1.0,i3,Рамна каматна стапка 3%,13.501736507792991,13.963988772869119,17.965795340241435,18.465795340241435,6172.045594671074
m,64,cohort,lc,2030,1.0,i4,Рамна каматна стапка 4%,12.315306103875237,12.77856820279522,17.965795340241435,18.465795340241435,6766.647343593918
m,64,cohort,lc,2030,1.0,eiopa,"EIOPA EUR безризична крива, 2026-08-31 (без VA)",13.0766732630735,13.53938267713421,17.965795340241435,18.465795340241435,6372.670759363068
m,64,cohort,lc,2030,1.0,eiopa_sp100,EIOPA EUR крива + 100 б.п. државен распон,11.960254803232665,12.423922910217179,17.965795340241435,18.465795340241435,6967.521570761994
m,64,cohort,lc,2030,1.0,dom,Домашен принос на 15-г. обврзница 5.200% (09/2026),11.111712635873616,11.576081558895803,17.965795340241435,18.465795340241435,7499.593992765416
m,64,cohort,cbd,2030,1.0,i2,Рамна каматна стапка 2%,14.951636742820563,15.4127637069726,18.212693554274175,18.71269355427418,5573.525813041713
m,64,cohort,cbd,2030,1.0,i3,Рамна каматна стапка 3%,13.509591492629845,13.971843189779086,18.212693554274175,18.71269355427418,6168.456935118713
m,64,cohort,cbd,2030,1.0,i4,Рамна каматна стапка 4%,12.292177124279858,12.75544216725876,18.212693554274175,18.71269355427418,6779.379477759962
m,64,cohort,cbd,2030,1.0,eiopa,"EIOPA EUR безризична крива, 2026-08-31 (без VA)",13.067605428004745,13.530316110181591,18.212693554274175,18.71269355427418,6377.092864676223
m,64,cohort,cbd,2030,1.0,eiopa_sp100,EIOPA EUR крива + 100 б.п. државен распон,11.926273621282332,12.389947738692287,18.212693554274175,18.71269355427418,6987.373925802417
m,64,cohort,cbd,2030,1.0,dom,Домашен принос на 15-г. обврзница 5.200% (09/2026),11.06704233129667,11.53142075278801,18.212693554274175,18.71269355427418,7529.864876153371
m,64,cohort,coherent,2030,1.0,i2,Рамна каматна стапка 2%,15.051939996239923,15.513063705440842,18.15464383016886,18.654643830168865,5536.384901491141
m,64,cohort,coherent,2030,1.0,i3,Рамна каматна стапка 3%,13.643394491201335,14.105636514198167,18.15464383016886,18.654643830168865,6107.961870271745
m,64,cohort,coherent,2030,1.0,i4,Рамна каматна стапка 4%,12.44253484834909,12.905780752481132,18.15464383016886,18.654643830168865,6697.456293995449
m,64,cohort,coherent,2030,1.0,eiopa,"EIOPA EUR безризична крива, 2026-08-31 (без VA)",13.21286100069593,13.675558607716747,18.15464383016886,18.654643830168865,6306.98630137289
m,64,cohort,coherent,2030,1.0,eiopa_sp100,EIOPA EUR крива + 100 б.п. државен распон,12.082453442646525,12.546103554443473,18.15464383016886,18.654643830168865,6897.0539575346465
m,64,cohort,coherent,2030,1.0,dom,Домашен принос на 15-г. обврзница 5.200% (09/2026),11.22324851479786,11.68759372139108,18.15464383016886,18.654643830168865,7425.063538730189
m,64,cohort,lc,2035,1.0,i2,Рамна каматна стапка 2%,15.314234138188596,15.77534933565553,18.599016293848617,19.099016293848617,5441.560614874483
m,64,cohort,lc,2035,1.0,i3,Рамна каматна стапка 3%,13.847405847230887,14.309633119908435,18.599016293848617,19.099016293848617,6017.974359435547
m,64,cohort,lc,2035,1.0,i4,Рамна каматна стапка 4%,12.602516678783134,13.065742219027838,18.599016293848617,19.099016293848617,6612.435869545683
m,64,cohort,lc,2035,1.0,eiopa,"EIOPA EUR безризична крива, 2026-08-31 (без VA)",13.396001510407041,13.858679167323238,18.599016293848617,19.099016293848617,6220.761715247166
m,64,cohort,lc,2035,1.0,eiopa_sp100,EIOPA EUR крива + 100 б.п. државен распон,12.226609645963824,12.690235209202777,18.599016293848617,19.099016293848617,6815.735166685627
m,64,cohort,lc,2035,1.0,dom,Домашен принос на 15-г. обврзница 5.200% (09/2026),11.344042054404603,11.8083615760664,18.599016293848617,19.099016293848617,7346.000035408641
m,64,cohort,cbd,2035,1.0,i2,Рамна каматна стапка 2%,15.419225150283124,15.880336940676006,18.947084603654112,19.44708460365411,5404.508496446931
m,64,cohort,cbd,2035,1.0,i3,Рамна каматна стапка 3%,13.888718451175007,14.350942736890895,18.947084603654112,19.44708460365411,6000.073629995949
m,64,cohort,cbd,2035,1.0,i4,Рамна каматна стапка 4%,12.60272145773002,13.06594697190867,18.947084603654112,19.44708460365411,6612.328425478285
m,64,cohort,cbd,2035,1.0,eiopa,"EIOPA EUR безризична крива, 2026-08-31 (без VA)",13.415534565244874,13.878211394061829,18.947084603654112,19.44708460365411,6211.704269259751
m,64,cohort,cbd,2035,1.0,eiopa_sp100,EIOPA EUR крива + 100 б.п. државен распон,12.212621270981257,12.676250343855916,18.947084603654112,19.44708460365411,6823.541931275961
m,64,cohort,cbd,2035,1.0,dom,Домашен принос на 15-г. обврзница 5.200% (09/2026),11.314621978183467,11.778947755582474,18.947084603654112,19.44708460365411,7365.100972353676
m,64,cohort,coherent,2035,1.0,i2,Рамна каматна стапка 2%,15.481562521553393,15.942672289029874,18.792695803009103,19.292695803009103,5382.746942843584
m,64,cohort,coherent,2035,1.0,i3,Рамна каматна стапка 3%,14.000093049041554,14.4623092822112,18.792695803009103,19.292695803009103,5952.341390976564
m,64,cohort,coherent,2035,1.0,i4,Рамна каматна стапка 4%,12.740920924343925,13.204128847285117,18.792695803009103,19.292695803009103,6540.6051751023215
m,64,cohort,coherent,2035,1.0,eiopa,"EIOPA EUR безризична крива, 2026-08-31 (без VA)",13.543482768784353,14.006147895129985,18.792695803009103,19.292695803009103,6153.020958937081
m,64,cohort,coherent,2035,1.0,eiopa_sp100,EIOPA EUR крива + 100 б.п. државен распон,12.360037069021823,12.82364320478908,18.792695803009103,19.292695803009103,6742.158851788003
m,64,cohort,coherent,2035,1.0,dom,Домашен принос на 15-г. обврзница 5.200% (09/2026),11.46641738972275,11.930710890108028,18.792695803009103,19.292695803009103,7267.599852768683
m,64,period,lc,,0.9,i2,Рамна каматна стапка 2%,13.925316574393529,14.386476843766147,16.429870607430747,16.929870607430743,5984.304406161239
m,64,period,lc,,0.9,i3,Рамна каматна стапка 3%,12.723835444397182,13.186143952857407,16.429870607430747,16.929870607430743,6549.387855375666
m,64,period,lc,,0.9,i4,Рамна каматна стапка 4%,11.687231491536151,12.150573537288906,16.429870607430747,16.929870607430743,7130.288588335315
m,64,period,lc,,0.9,eiopa,"EIOPA EUR безризична крива, 2026-08-31 (без VA)",12.368883595385142,12.831675689650986,16.429870607430747,16.929870607430743,6737.336695805367
m,64,period,lc,,0.9,eiopa_sp100,EIOPA EUR крива + 100 б.п. државен распон,11.387132655234192,11.850903533009177,16.429870607430747,16.929870607430743,7318.20168047559
m,64,period,lc,,0.9,dom,Домашен принос на 15-г. обврзница 5.200% (09/2026),10.621975084925726,11.086448143280432,16.429870607430747,16.929870607430743,7845.370815414226
m,64,period_raw,lc,,0.9,i2,Рамна каматна стапка 2%,13.884744440482036,14.345906026465107,16.40615440307898,16.90615440307898,6001.790936127612
m,64,period_raw,lc,,0.9,i3,Рамна каматна стапка 3%,12.67962475793811,13.141936462895599,16.40615440307898,16.90615440307898,6572.223935977467
m,64,period_raw,lc,,0.9,i4,Рамна каматна стапка 4%,11.641340439564525,12.104688326731958,16.40615440307898,16.90615440307898,7158.396729822862
m,64,period_raw,lc,,0.9,eiopa,"EIOPA EUR безризична крива, 2026-08-31 (без VA)",12.32255659356557,12.785347677592235,16.40615440307898,16.90615440307898,6762.665904642486
m,64,period_raw,lc,,0.9,eiopa_sp100,EIOPA EUR крива + 100 б.п. државен распон,11.339897949484216,11.803671283319067,16.40615440307898,16.90615440307898,7348.68459174482
m,64,period_raw,lc,,0.9,dom,Домашен принос на 15-г. обврзница 5.200% (09/2026),10.575814646149752,11.040297519828261,16.40615440307898,16.90615440307898,7879.613639377823
m,64,period,cbd,,0.9,i2,Рамна каматна стапка 2%,13.865917162205909,14.32707935915491,16.40484648721771,16.904846487217718,6009.9402267073665
m,64,period,cbd,,0.9,i3,Рамна каматна стапка 3%,12.657958577181864,13.120271848635893,16.40484648721771,16.904846487217718,6583.473379629787
m,64,period,cbd,,0.9,i4,Рамна каматна стапка 4%,11.618975140632186,12.082325874650582,16.40484648721771,16.904846487217718,7172.175886831202
m,64,period,cbd,,0.9,eiopa,"EIOPA EUR безризична крива, 2026-08-31 (без VA)",12.300207535507957,12.763004750538999,16.40484648721771,16.904846487217718,6774.953438205704
m,64,period,cbd,,0.9,eiopa_sp100,EIOPA EUR крива + 100 б.п. државен распон,11.317551996464646,11.781332631568954,16.40484648721771,16.904846487217718,7363.19421014057
m,64,period,cbd,,0.9,dom,Домашен принос на 15-г. обврзница 5.200% (09/2026),10.554308015061059,11.018795461801558,16.40484648721771,16.904846487217718,7895.670015922994
m,64,cohort,lc,2026,0.9,i2,Рамна каматна стапка 2%,15.170680753632967,15.631800609565444,18.38111455074861,18.8811145507486,5493.051675573442
m,64,cohort,lc,2026,0.9,i3,Рамна каматна стапка 3%,13.729956441957158,14.19219220639841,18.38111455074861,18.8811145507486,6069.4535838931215
m,64,cohort,lc,2026,0.9,i4,Рамна каматна стапка 4%,12.505946894006664,12.969184726498634,18.38111455074861,18.8811145507486,6663.4964980756395
m,64,cohort,lc,2026,0.9,eiopa,"EIOPA EUR безризична крива, 2026-08-31 (без VA)",13.28815225061308,13.75084300396313,18.38111455074861,18.8811145507486,6271.250642051347
m,64,cohort,lc,2026,0.9,eiopa_sp100,EIOPA EUR крива + 100 б.п. државен распон,12.137726164412532,12.601368139824743,18.38111455074861,18.8811145507486,6865.646184840148
m,64,cohort,lc,2026,0.9,dom,Домашен принос на 15-г. обврзница 5.200% (09/2026),11.26721678695486,11.731552644355574,18.38111455074861,18.8811145507486,7396.088573516785
m,64,cohort,cbd,2026,0.9,i2,Рамна каматна стапка 2%,15.25507748471072,15.716194601876254,18.671960163836143,19.171960163836143,5462.662081975886
m,64,cohort,cbd,2026,0.9,i3,Рамна каматна стапка 3%,13.760195687762305,14.222429265861875,18.671960163836143,19.171960163836143,6056.115423376299
m,64,cohort,cbd,2026,0.9,i4,Рамна каматна стапка 4%,12.501209385794745,12.964447821318217,18.671960163836143,19.171960163836143,6666.021723308297
m,64,cohort,cbd,2026,0.9,eiopa,"EIOPA EUR безризична крива, 2026-08-31 (без VA)",13.299717610471356,13.762407142504415,18.671960163836143,19.171960163836143,6265.7971976579365
m,64,cohort,cbd,2026,0.9,eiopa_sp100,EIOPA EUR крива + 100 б.п. државен распон,12.120783283838334,12.584428108299935,18.671960163836143,19.171960163836143,6875.243239803547
m,64,cohort,cbd,2026,0.9,dom,Домашен принос на 15-г. обврзница 5.200% (09/2026),11.23728007014891,11.70162229314269,18.671960163836143,19.171960163836143,7415.792150157654
m,64,cohort,lc,2030,0.9,i2,Рамна каматна стапка 2%,15.507280300031821,15.968389232938042,18.892750304394063,19.39275030439406,5373.820020081944
m,64,cohort,lc,2030,0.9,i3,Рамна каматна стапка 3%,14.00653374366769,14.468749511165699,18.892750304394063,19.39275030439406,5949.60429599565
m,64,cohort,lc,2030,0.9,i4,Рамна каматна стапка 4%,12.735090257966347,13.198298923085776,18.892750304394063,19.39275030439406,6543.599742546367
m,64,cohort,lc,2030,0.9,eiopa,"EIOPA EUR безризична крива, 2026-08-31 (без VA)",13.543290775710096,14.005956012876918,18.892750304394063,19.39275030439406,6153.1081856997225
m,64,cohort,lc,2030,0.9,eiopa_sp100,EIOPA EUR крива + 100 б.п. државен распон,12.349944181500307,12.81355212923161,18.892750304394063,19.39275030439406,6747.668824136317
m,64,cohort,lc,2030,0.9,dom,Домашен принос на 15-г. обврзница 5.200% (09/2026),11.451979036183857,11.916275606668096,18.892750304394063,19.39275030439406,7276.76265124412
m,64,cohort,cbd,2030,0.9,i2,Рамна каматна стапка 2%,15.630043022550995,16.091147971671575,19.2655447929552,19.765544792955204,5331.612537028859
m,64,cohort,cbd,2030,0.9,i3,Рамна каматна стапка 3%,14.063132253395866,14.525343928738877,19.2655447929552,19.765544792955204,5925.659506843547
m,64,cohort,cbd,2030,0.9,i4,Рамна каматна стапка 4%,12.748513292538748,13.21172024905688,19.2655447929552,19.765544792955204,6536.70992225465
m,64,cohort,cbd,2030,0.9,eiopa,"EIOPA EUR безризична крива, 2026-08-31 (без VA)",13.577278412303954,14.039940800251717,19.2655447929552,19.765544792955204,6137.705275146695
m,64,cohort,cbd,2030,0.9,eiopa_sp100,EIOPA EUR крива + 100 б.п. државен распон,12.34847120912361,12.812080091786703,19.2655447929552,19.765544792955204,6748.473711609166
m,64,cohort,cbd,2030,0.9,dom,Домашен принос на 15-г. обврзница 5.200% (09/2026),11.433706753409245,11.898007209219898,19.2655447929552,19.765544792955204,7288.391694013441
m,64,cohort,lc,2035,0.9,i2,Рамна каматна стапка 2%,15.92807269110485,16.389167968834226,19.53832517485455,20.038325174854553,5231.852902069655
m,64,cohort,lc,2035,0.9,i3,Рамна каматна стапка 3%,14.350832846339054,14.813023720508605,19.53832517485455,20.038325174854553,5806.863909964079
m,64,cohort,lc,2035,0.9,i4,Рамна каматна стапка 4%,13.019216774945441,13.482389273955476,19.53832517485455,20.038325174854553,6400.794669438365
m,64,cohort,lc,2035,0.9,eiopa,"EIOPA EUR безризична крива, 2026-08-31 (без VA)",13.860284642981453,14.322918073421762,19.53832517485455,20.038325174854553,6012.38253613583
m,64,cohort,lc,2035,0.9,eiopa_sp100,EIOPA EUR крива + 100 б.п. државен распон,12.612603236892403,13.076168977009413,19.53832517485455,20.038325174854553,6607.147768636674
m,64,cohort,lc,2035,0.9,dom,Домашен принос на 15-г. обврзница 5.200% (09/2026),11.680074266580734,12.14432233604107,19.53832517485455,20.038325174854553,7134.6578310523555
m,64,cohort,cbd,2035,0.9,i2,Рамна каматна стапка 2%,16.10505014514314,16.566139679759083,20.025495612789037,20.52549561278903,5174.360376547134
m,64,cohort,cbd,2035,0.9,i3,Рамна каматна стапка 3%,14.445010828146335,14.907194893110125,20.025495612789037,20.52549561278903,5769.004559758238
m,64,cohort,cbd,2035,0.9,i4,Рамна каматна стапка 4%,13.058817142658322,13.521984600987025,20.025495612789037,20.52549561278903,6381.384502361563
m,64,cohort,cbd,2035,0.9,eiopa,"EIOPA EUR безризична крива, 2026-08-31 (без VA)",13.926391414377337,14.389019495836566,20.025495612789037,20.52549561278903,5983.842537076877
m,64,cohort,cbd,2035,0.9,eiopa_sp100,EIOPA EUR крива + 100 б.п. државен распон,12.633558610652797,13.09712234214263,20.025495612789037,20.52549561278903,6596.188445515699
m,64,cohort,cbd,2035,0.9,dom,Домашен принос на 15-г. обврзница 5.200% (09/2026),11.678893695788483,12.143142016279464,20.025495612789037,20.52549561278903,7135.379043940104
m,64,period,lc,,0.8,i2,Рамна каматна стапка 2%,14.558109512409814,15.019249246954184,17.356217707996226,17.856217707996233,5724.186458571235
m,64,period,lc,,0.8,i3,Рамна каматна стапка 3%,13.252927039371505,13.715197293735931,17.356217707996226,17.856217707996233,6287.919120490779
m,64,period,lc,,0.8,i4,Рамна каматна стапка 4%,12.132904469275198,12.596189785871385,17.356217707996226,17.856217707996233,6868.374637281846
m,64,period,lc,,0.8,eiopa,"EIOPA EUR безризична крива, 2026-08-31 (без VA)",12.861028313340777,13.323773673408663,17.356217707996226,17.856217707996233,6479.5233556006915
m,64,period,lc,,0.8,eiopa_sp100,EIOPA EUR крива + 100 б.п. државен распон,11.803185910496977,12.266892385353648,17.356217707996226,17.856217707996233,7060.240681223377
m,64,period,lc,,0.8,dom,Домашен принос на 15-г. обврзница 5.200% (09/2026),10.988156690169946,11.452551885507717,17.356217707996226,17.856217707996233,7583.922916560127
m,64,period_raw,lc,,0.8,i2,Рамна каматна стапка 2%,14.532868507093966,14.994009060736774,17.355883306892373,17.85588330689237,5734.128351375066
m,64,period_raw,lc,,0.8,i3,Рамна каматна стапка 3%,13.221421504620205,13.683694036880853,17.355883306892373,17.85588330689237,6302.902702573443
m,64,period_raw,lc,,0.8,i4,Рамна каматна стапка 4%,12.09769691415426,12.560986712276154,17.355883306892373,17.85588330689237,6888.363456670306
m,64,period_raw,lc,,0.8,eiopa,"EIOPA EUR безризична крива, 2026-08-31 (без VA)",12.826547577798634,13.289291286007797,17.355883306892373,17.85588330689237,6496.9418175764085
m,64,period_raw,lc,,0.8,eiopa_sp100,EIOPA EUR крива + 100 б.п. државен распон,11.765980821680927,12.229688640913151,17.355883306892373,17.85588330689237,7082.565796790756
m,64,period_raw,lc,,0.8,dom,Домашен принос на 15-г. обврзница 5.200% (09/2026),10.950830743087025,11.415233875226662,17.355883306892373,17.85588330689237,7609.772745865834
m,64,period,cbd,,0.8,i2,Рамна каматна стапка 2%,14.533355646587083,14.99449618442168,17.390818039038685,17.890818039038678,5733.936150726676
m,64,period,cbd,,0.8,i3,Рамна каматна стапка 3%,13.213994596077292,13.676267665314285,17.390818039038685,17.890818039038678,6306.445240871498
m,64,period,cbd,,0.8,i4,Рамна каматна стапка 4%,12.085890056539744,12.549181357541794,17.390818039038685,17.890818039038678,6895.092785346098
m,64,period,cbd,,0.8,eiopa,"EIOPA EUR безризична крива, 2026-08-31 (без VA)",12.816683721516485,13.27943204976625,17.390818039038685,17.890818039038678,6501.941933187786
m,64,period,cbd,,0.8,eiopa_sp100,EIOPA EUR крива + 100 б.п. државен распон,11.752912211413738,12.216625585876232,17.390818039038685,17.890818039038678,7090.441231442611
m,64,period,cbd,,0.8,dom,Домашен принос на 15-г. обврзница 5.200% (09/2026),10.936746075813106,11.401152202845639,17.390818039038685,17.890818039038678,7619.572837813902
m,64,cohort,lc,2026,0.8,i2,Рамна каматна стапка 2%,15.858667864545177,16.319765394537665,19.433027997434387,19.933027997434394,5254.74989735043
m,64,cohort,lc,2026,0.8,i3,Рамна каматна стапка 3%,14.294405462215101,14.756600416167013,19.433027997434387,19.933027997434394,5829.786594035774
m,64,cohort,lc,2026,0.8,i4,Рамна каматна стапка 4%,12.973312283205345,13.436490625340788,19.433027997434387,19.933027997434394,6423.4431049048935
m,64,cohort,lc,2026,0.8,eiopa,"EIOPA EUR безризична крива, 2026-08-31 (без VA)",13.808802678563161,14.2714436912335,19.433027997434387,19.933027997434394,6034.7978947298825
m,64,cohort,lc,2026,0.8,eiopa_sp100,EIOPA EUR крива + 100 б.п. државен распон,12.570716037918755,13.034290765055049,19.433027997434387,19.933027997434394,6629.163611839112
m,64,cohort,lc,2026,0.8,dom,Домашен принос на 15-г. обврзница 5.200% (09/2026),11.644231890900953,12.10848758170399,19.433027997434387,19.933027997434394,7156.619183997164
m,64,cohort,cbd,2026,0.8,i2,Рамна каматна стапка 2%,16.01433576543585,16.475428243833388,19.86119517993905,20.361195179939056,5203.670920475753
m,64,cohort,cbd,2026,0.8,i3,Рамна каматна стапка 3%,14.377087565879512,14.83927654179446,19.86119517993905,20.361195179939056,5796.259704997871
m,64,cohort,cbd,2026,0.8,i4,Рамна каматна стапка 4%,13.007749280153037,13.470923238846156,19.86119517993905,20.361195179939056,6406.437542617896
m,64,cohort,cbd,2026,0.8,eiopa,"EIOPA EUR безризична крива, 2026-08-31 (без VA)",13.866619596328684,14.329254991062744,19.86119517993905,20.361195179939056,6009.6357842971765
m,64,cohort,cbd,2026,0.8,eiopa_sp100,EIOPA EUR крива + 100 б.п. државен распон,12.588566943338215,13.052139113192109,19.86119517993905,20.361195179939056,6619.763290644673
m,64,cohort,cbd,2026,0.8,dom,Домашен принос на 15-г. обврзница 5.200% (09/2026),11.64247596252998,12.10673202670481,19.86119517993905,20.361195179939056,7157.698551539418
m,64,cohort,lc,2030,0.8,i2,Рамна каматна стапка 2%,16.19628524279342,16.657371816729892,19.955553045727644,20.455553045727637,5145.212749967634
m,64,cohort,lc,2030,0.8,i3,Рамна каматна стапка 3%,14.56955094398232,15.031726004513665,19.955553045727644,20.455553045727637,5719.691269397195
m,64,cohort,lc,2030,0.8,i4,Рамна каматна стапка 4%,13.199524513565867,13.662674061429104,19.955553045727644,20.455553045727637,6313.358731042709
m,64,cohort,lc,2030,0.8,eiopa,"EIOPA EUR безризична крива, 2026-08-31 (без VA)",14.061667321606821,14.524282822027711,19.955553045727644,20.455553045727637,5926.276836693848
m,64,cohort,lc,2030,0.8,eiopa_sp100,EIOPA EUR крива + 100 б.п. државен распон,12.779477001193866,13.243018052295229,19.955553045727644,20.455553045727637,6520.871967260342
m,64,cohort,lc,2030,0.8,dom,Домашен принос на 15-г. обврзница 5.200% (09/2026),11.825078228402111,12.289295464948468,19.955553045727644,20.455553045727637,7047.169728922287
m,64,cohort,cbd,2030,0.8,i2,Рамна каматна стапка 2%,16.39572539841175,16.85680550029537,20.477603980438275,20.97760398043828,5082.62558126314
m,64,cohort,cbd,2030,0.8,i3,Рамна каматна стапка 3%,14.682276819439364,15.144443729725122,20.477603980438275,20.97760398043828,5675.777289732056
m,64,cohort,cbd,2030,0.8,i4,Рамна каматна стапка 4%,13.2546548912411,13.71779742162744,20.477603980438275,20.97760398043828,6287.0994391865615
m,64,cohort,cbd,2030,0.8,eiopa,"EIOPA EUR безризична крива, 2026-08-31 (без VA)",14.145047665250187,14.607655562919279,20.477603980438275,20.97760398043828,5891.343409047424
m,64,cohort,cbd,2030,0.8,eiopa_sp100,EIOPA EUR крива + 100 б.п. државен распон,12.814964798383208,13.278500986969378,20.477603980438275,20.97760398043828,6502.8140649943125
m,64,cohort,cbd,2030,0.8,dom,Домашен принос на 15-г. обврзница 5.200% (09/2026),11.836620448323094,12.300835230589794,20.477603980438275,20.97760398043828,7040.297836460512
m,64,cohort,lc,2035,0.8,i2,Рамна каматна стапка 2%,16.617619214076345,17.07869211526109,20.61376267941435,21.113762679414346,5014.757665330535
m,64,cohort,lc,2035,0.8,i3,Рамна каматна стапка 3%,14.911462763206435,15.373613103013406,20.61376267941435,21.113762679414346,5588.541825618591
m,64,cohort,lc,2035,0.8,i4,Рамна каматна стапка 4%,13.479511471721828,13.942625380394938,20.61376267941435,21.113762679414346,6182.222071486439
m,64,cohort,lc,2035,0.8,eiopa,"EIOPA EUR безризична крива, 2026-08-31 (без VA)",14.37528611185502,14.837869904075871,20.61376267941435,21.113762679414346,5796.986069349252
m,64,cohort,lc,2035,0.8,eiopa_sp100,EIOPA EUR крива + 100 б.п. државен распон,13.037395492046793,13.500894877976423,20.61376267941435,21.113762679414346,6391.869709265872
m,64,cohort,lc,2035,0.8,dom,Домашен принос на 15-г. обврзница 5.200% (09/2026),12.047928403701823,12.512098254506444,20.61376267941435,21.113762679414346,6916.818438905107
m,64,cohort,cbd,2035,0.8,i2,Рамна каматна стапка 2%,16.87686028408969,17.337924772616,21.262826608014954,21.76282660801495,4937.727274538979
m,64,cohort,cbd,2035,0.8,i3,Рамна каматна стапка 3%,15.065525882951297,15.527665083769486,21.262826608014954,21.76282660801495,5531.392264749045
m,64,cohort,cbd,2035,0.8,i4,Рамна каматна стапка 4%,13.56336744564544,14.026470680396388,21.262826608014954,21.76282660801495,6144.000276280043
m,64,cohort,cbd,2035,0.8,eiopa,"EIOPA EUR безризична крива, 2026-08-31 (без VA)",14.493973641060686,14.95654695983851,21.262826608014954,21.76282660801495,5749.5159986530025
m,64,cohort,cbd,2035,0.8,eiopa_sp100,EIOPA EUR крива + 100 б.п. државен распон,13.097480625871276,13.560971805238754,21.262826608014954,21.76282660801495,6362.546791535323
m,64,cohort,cbd,2035,0.8,dom,Домашен принос на 15-г. обврзница 5.200% (09/2026),12.07817797218108,12.542341390869433,21.262826608014954,21.76282660801495,6899.495397838137
m,64,period,coherent,,1.0,i2,Рамна каматна стапка 2%,13.446781244330305,13.90795704270178,15.750235574592875,16.250235574592875,6197.269950269323
m,64,period,coherent,,1.0,i3,Рамна каматна стапка 3%,12.317625948108443,12.77996382610909,15.750235574592875,16.250235574592875,6765.372944786525
m,64,period,coherent,,1.0,i4,Рамна каматна стапка 4%,11.339897989386193,11.803284246786527,15.750235574592875,16.250235574592875,7348.684565886823
m,64,period,coherent,,1.0,eiopa,"EIOPA EUR безризична крива, 2026-08-31 (без VA)",11.987905221734053,12.450729827413662,15.750235574592875,16.250235574592875,6951.450799114606
m,64,period,coherent,,1.0,eiopa_sp100,EIOPA EUR крива + 100 б.п. државен распон,11.060215506393698,11.524033696431166,15.750235574592875,16.250235574592875,7534.512621852615
m,64,period,coherent,,1.0,dom,Домашен принос на 15-г. обврзница 5.200% (09/2026),10.331495001316688,10.796029825897072,15.750235574592875,16.250235574592875,8065.951086722009
f,62,period,lc,,1.0,i2,Рамна каматна стапка 2%,16.089780172464632,16.550870202608017,19.464088912550185,19.96408891255019,5179.2710925874835
f,62,period,lc,,1.0,i3,Рамна каматна стапка 3%,14.569820492738565,15.03199553378114,19.464088912550185,19.96408891255019,5719.585452330434
f,62,period,lc,,1.0,i4,Рамна каматна стапка 4%,13.271419971268292,13.734560367648534,19.464088912550185,19.96408891255019,6279.15728036218
f,62,period,lc,,1.0,eiopa,"EIOPA EUR безризична крива, 2026-08-31 (без VA)",14.102768626343185,14.565405655121168,19.464088912550185,19.96408891255019,5909.005213180008
f,62,period,lc,,1.0,eiopa_sp100,EIOPA EUR крива + 100 б.п. државен распон,12.879706883695222,13.34325522503408,19.464088912550185,19.96408891255019,6470.126539822681
f,62,period,lc,,1.0,dom,Домашен принос на 15-г. обврзница 5.200% (09/2026),11.951020421468991,12.415210878300119,19.464088912550185,19.96408891255019,6972.905274568194
f,62,period_raw,lc,,1.0,i2,Рамна каматна стапка 2%,16.05020340853153,16.511294722984523,19.42954951637887,19.92954951637887,5192.04219486946
f,62,period_raw,lc,,1.0,i3,Рамна каматна стапка 3%,14.530041985064171,14.992219902151007,19.42954951637887,19.92954951637887,5735.243808585959
f,62,period_raw,lc,,1.0,i4,Рамна каматна стапка 4%,13.232317185620794,13.695462559345769,19.42954951637887,19.92954951637887,6297.712801495527
f,62,period_raw,lc,,1.0,eiopa,"EIOPA EUR безризична крива, 2026-08-31 (без VA)",14.062457648188174,14.525095524102532,19.42954951637887,19.92954951637887,5925.943772998322
f,62,period_raw,lc,,1.0,eiopa_sp100,EIOPA EUR крива + 100 б.п. државен распон,12.84042387910982,13.303975637745577,19.42954951637887,19.92954951637887,6489.920747001892
f,62,period_raw,lc,,1.0,dom,Домашен принос на 15-г. обврзница 5.200% (09/2026),11.913447598270912,12.377646044398407,19.42954951637887,19.92954951637887,6994.896535695354
f,62,period,cbd,,1.0,i2,Рамна каматна стапка 2%,16.04558021043835,16.506671674919218,19.422428829294102,19.922428829294102,5193.538173155082
f,62,period,cbd,,1.0,i3,Рамна каматна стапка 3%,14.52753693055008,14.989715028756018,19.422428829294102,19.922428829294102,5736.232764832348
f,62,period,cbd,,1.0,i4,Рамна каматна стапка 4%,13.232045843746851,13.695191252010599,19.422428829294102,19.922428829294102,6297.841945031854
f,62,period,cbd,,1.0,eiopa,"EIOPA EUR безризична крива, 2026-08-31 (без VA)",14.061356889904319,14.524001629214728,19.422428829294102,19.922428829294102,5926.407670739404
f,62,period,cbd,,1.0,eiopa_sp100,EIOPA EUR крива + 100 б.п. државен распон,12.841524708800911,13.305082596577387,19.422428829294102,19.922428829294102,6489.364403607075
f,62,period,cbd,,1.0,dom,Домашен принос на 15-г. обврзница 5.200% (09/2026),11.91576196134316,12.379959915356121,19.422428829294102,19.922428829294102,6993.537937706494
f,62,cohort,lc,2026,1.0,i2,Рамна каматна стапка 2%,17.444306488335194,17.905352562606797,21.61942844924557,22.11942844924557,4777.107842553522
f,62,cohort,lc,2026,1.0,i3,Рамна каматна стапка 3%,15.654612183678081,16.11670879269554,21.61942844924557,22.11942844924557,5323.244827503227
f,62,cohort,lc,2026,1.0,i4,Рамна каматна стапка 4%,14.145963339259884,14.608992416107352,21.61942844924557,22.11942844924557,5890.962059971896
f,62,cohort,lc,2026,1.0,eiopa,"EIOPA EUR безризична крива, 2026-08-31 (без VA)",15.08904172412179,15.551567964949868,21.61942844924557,22.11942844924557,5522.771747666003
f,62,cohort,lc,2026,1.0,eiopa_sp100,EIOPA EUR крива + 100 б.п. државен распон,13.67731129884082,14.140720793803512,21.61942844924557,22.11942844924557,6092.815430792747
f,62,cohort,lc,2026,1.0,dom,Домашен принос на 15-г. обврзница 5.200% (09/2026),12.632136844403922,13.096182472060631,21.61942844924557,22.11942844924557,6596.930856575566
f,62,cohort,cbd,2026,1.0,i2,Рамна каматна стапка 2%,17.47619064141836,17.937235681014055,21.738081716961176,22.23808171696118,4768.392325489649
f,62,cohort,cbd,2026,1.0,i3,Рамна каматна стапка 3%,15.664838247711776,16.126934117369856,21.738081716961176,22.23808171696118,5319.769793697434
f,62,cohort,cbd,2026,1.0,i4,Рамна каматна стапка 4%,14.142891603466325,14.605921071311206,21.738081716961176,22.23808171696118,5892.241535168729
f,62,cohort,cbd,2026,1.0,eiopa,"EIOPA EUR безризична крива, 2026-08-31 (без VA)",15.092404056990453,15.554935606342058,21.738081716961176,22.23808171696118,5521.541367343346
f,62,cohort,cbd,2026,1.0,eiopa_sp100,EIOPA EUR крива + 100 б.п. државен распон,13.670140866194535,14.133556815887847,21.738081716961176,22.23808171696118,6096.011310271999
f,62,cohort,cbd,2026,1.0,dom,Домашен принос на 15-г. обврзница 5.200% (09/2026),12.620280746669108,13.084328895346879,21.738081716961176,22.23808171696118,6603.128330194052
f,62,cohort,coherent,2026,1.0,i2,Рамна каматна стапка 2%,17.24049492838855,17.701547616569894,21.347521242844792,21.847521242844795,4833.581267792665
f,62,cohort,coherent,2026,1.0,i3,Рамна каматна стапка 3%,15.477869908459242,15.93997929620158,21.347521242844792,21.847521242844795,5384.031124837696
f,62,cohort,coherent,2026,1.0,i4,Рамна каматна стапка 4%,13.992386054199526,14.45543467970775,21.347521242844792,21.847521242844795,5955.619935766606
f,62,cohort,coherent,2026,1.0,eiopa,"EIOPA EUR безризична крива, 2026-08-31 (без VA)",14.922090783725553,15.38463324792382,21.347521242844792,21.847521242844795,5584.561476078069
f,62,cohort,coherent,2026,1.0,eiopa_sp100,EIOPA EUR крива + 100 б.п. државен распон,13.532039267349951,13.99547164193276,21.347521242844792,21.847521242844795,6158.224321326029
f,62,cohort,coherent,2026,1.0,dom,Домашен принос на 15-г. обврзница 5.200% (09/2026),12.50195402082234,12.966027329900651,21.347521242844792,21.847521242844795,6665.624685112377
f,62,cohort,lc,2030,1.0,i2,Рамна каматна стапка 2%,17.763716175949856,18.22475188502507,22.113808203343652,22.61380820334365,4691.210583861817
f,62,cohort,lc,2030,1.0,i3,Рамна каматна стапка 3%,15.914389946988484,16.376467773693882,22.113808203343652,22.61380820334365,5236.351101796566
f,62,cohort,lc,2030,1.0,i4,Рамна каматна стапка 4%,14.35886163073229,14.821863608022202,22.113808203343652,22.61380820334365,5803.61699112518
f,62,cohort,lc,2030,1.0,eiopa,"EIOPA EUR безризична крива, 2026-08-31 (без VA)",15.327284042059288,15.789785315507903,22.113808203343652,22.61380820334365,5436.927579906527
f,62,cohort,lc,2030,1.0,eiopa_sp100,EIOPA EUR крива + 100 б.п. државен распон,13.873279074615903,14.3366561201436,22.113808203343652,22.61380820334365,6006.751027290245
f,62,cohort,lc,2030,1.0,dom,Домашен принос на 15-г. обврзница 5.200% (09/2026),12.801465282838898,13.265474905347123,22.113808203343652,22.61380820334365,6509.671470581299
f,62,cohort,cbd,2030,1.0,i2,Рамна каматна стапка 2%,17.827332266912595,18.288365911575543,22.289246931275734,22.789246931275734,4674.470194735722
f,62,cohort,cbd,2030,1.0,i3,Рамна каматна стапка 3%,15.948948281271578,16.41102360935889,22.289246931275734,22.789246931275734,5225.004925947966
f,62,cohort,cbd,2030,1.0,i4,Рамна каматна стапка 4%,14.374799445161429,14.837799393746856,22.289246931275734,22.789246931275734,5797.18232948171
f,62,cohort,cbd,2030,1.0,eiopa,"EIOPA EUR безризична крива, 2026-08-31 (без VA)",15.352544782324728,15.815049974276342,22.289246931275734,22.789246931275734,5427.981778582687
f,62,cohort,cbd,2030,1.0,eiopa_sp100,EIOPA EUR крива + 100 б.п. државен распон,13.883375788363486,14.346757256141611,22.289246931275734,22.789246931275734,6002.382605185991
f,62,cohort,cbd,2030,1.0,dom,Домашен принос на 15-г. обврзница 5.200% (09/2026),12.804114793995948,13.26812385312543,22.289246931275734,22.789246931275734,6508.324446794999
f,62,cohort,coherent,2030,1.0,i2,Рамна каматна стапка 2%,17.54469769454314,18.00574051100946,21.823203922095054,22.323203922095058,4749.773110040658
f,62,cohort,coherent,2030,1.0,i3,Рамна каматна стапка 3%,15.724122745493737,16.18621432879596,21.823203922095054,22.323203922095058,5299.712720521418
f,62,cohort,coherent,2030,1.0,i4,Рамна каматна стапка 4%,14.19331003397877,14.656333084124618,21.823203922095054,22.323203922095058,5871.310718488739
f,62,cohort,coherent,2030,1.0,eiopa,"EIOPA EUR безризична крива, 2026-08-31 (без VA)",15.147445216319982,15.609963949871878,21.823203922095054,22.323203922095058,5501.477783431711
f,62,cohort,coherent,2030,1.0,eiopa_sp100,EIOPA EUR крива + 100 б.п. државен распон,13.716606618923926,14.18000832562458,21.823203922095054,22.323203922095058,6075.360739613518
f,62,cohort,coherent,2030,1.0,dom,Домашен принос на 15-г. обврзница 5.200% (09/2026),12.660966753354982,13.125006250764685,21.823203922095054,22.323203922095058,6581.909182507817
f,62,cohort,lc,2035,1.0,i2,Рамна каматна стапка 2%,18.15263403854134,18.613657126803286,22.72026784985661,23.220267849856608,4590.701997098687
f,62,cohort,lc,2035,1.0,i3,Рамна каматна стапка 3%,16.22959322942879,16.691648266476072,22.72026784985661,23.220267849856608,5134.653232234231
f,62,cohort,lc,2035,1.0,i4,Рамна каматна стапка 4%,14.616320904308479,15.079290109929094,22.72026784985661,23.220267849856608,5701.389144293419
f,62,cohort,lc,2035,1.0,eiopa,"EIOPA EUR безризична крива, 2026-08-31 (без VA)",15.61588382993506,16.078354848388496,22.72026784985661,23.220267849856608,5336.446802555388
f,62,cohort,lc,2035,1.0,eiopa_sp100,EIOPA EUR крива + 100 б.п. државен распон,14.109891870833877,14.573229727583596,22.72026784985661,23.220267849856608,5906.022108191282
f,62,cohort,lc,2035,1.0,dom,Домашен принос на 15-г. обврзница 5.200% (09/2026),13.005459958895877,13.469426205000998,22.72026784985661,23.220267849856608,6407.5652531099
f,62,cohort,cbd,2035,1.0,i2,Рамна каматна стапка 2%,18.260651143964665,18.721670726952496,22.976415682898903,23.476415682898903,4563.5466488212205
f,62,cohort,cbd,2035,1.0,i3,Рамна каматна стапка 3%,16.297855781876407,16.759905883441352,22.976415682898903,23.476415682898903,5113.147057418555
f,62,cohort,cbd,2035,1.0,i4,Рамна каматна стапка 4%,14.658282472130624,15.121246336515691,22.976415682898903,23.476415682898903,5685.068048850377
f,62,cohort,cbd,2035,1.0,eiopa,"EIOPA EUR безризична крива, 2026-08-31 (без VA)",15.671302246338577,16.1337749969928,22.976415682898903,23.476415682898903,5317.575529040876
f,62,cohort,cbd,2035,1.0,eiopa_sp100,EIOPA EUR крива + 100 б.п. државен распон,14.143471122152034,14.606810395799473,22.976415682898903,23.476415682898903,5892.000104756006
f,62,cohort,cbd,2035,1.0,dom,Домашен принос на 15-г. обврзница 5.200% (09/2026),13.027649619581338,13.491611147388484,22.976415682898903,23.476415682898903,6396.65141193837
f,62,cohort,coherent,2035,1.0,i2,Рамна каматна стапка 2%,17.917821129228376,18.378851837428016,22.411571011992965,22.911571011992965,4650.86311177625
f,62,cohort,coherent,2035,1.0,i3,Рамна каматна стапка 3%,16.024964876466957,16.487034708443307,22.411571011992965,22.911571011992965,5200.219406141122
f,62,cohort,coherent,2035,1.0,i4,Рамна каматна стапка 4%,14.437832826788808,14.900824751933834,22.411571011992965,22.911571011992965,5771.872713383392
f,62,cohort,coherent,2035,1.0,eiopa,"EIOPA EUR безризична крива, 2026-08-31 (без VA)",15.42224447190168,15.884734204415189,22.411571011992965,22.911571011992965,5403.450417684742
f,62,cohort,coherent,2035,1.0,eiopa_sp100,EIOPA EUR крива + 100 б.п. државен распон,13.94081810045328,14.404182488713301,22.411571011992965,22.911571011992965,5977.65014455097
f,62,cohort,coherent,2035,1.0,dom,Домашен принос на 15-г. обврзница 5.200% (09/2026),12.853630437680264,13.317628968052025,22.411571011992965,22.911571011992965,6483.252629470555
f,62,period,lc,,0.9,i2,Рамна каматна стапка 2%,16.58974849448381,17.050822300104127,20.22952614054381,20.729526140543808,5023.18244071284
f,62,period,lc,,0.9,i3,Рамна каматна стапка 3%,14.978608915871071,15.440754400913047,20.22952614054381,20.729526140543808,5563.489493676198
f,62,period,lc,,0.9,i4,Рамна каматна стапка 4%,13.608192675028945,14.071290204032444,20.22952614054381,20.729526140543808,6123.7620103843865
f,62,period,lc,,0.9,eiopa,"EIOPA EUR безризична крива, 2026-08-31 (без VA)",14.47862357346031,14.941221980229255,20.22952614054381,20.729526140543808,5755.611568359681
f,62,period,lc,,0.9,eiopa_sp100,EIOPA EUR крива + 100 б.п. државен распон,13.190486391624312,13.653984010552719,20.22952614054381,20.729526140543808,6317.684644763994
f,62,period,lc,,0.9,dom,Домашен принос на 15-г. обврзница 5.200% (09/2026),12.22053637425335,12.684669522566253,20.22952614054381,20.729526140543808,6819.122400298476
f,62,period_raw,lc,,0.9,i2,Рамна каматна стапка 2%,16.55854038739324,17.019615205751023,20.207043508237348,20.707043508237348,5032.649701224797
f,62,period_raw,lc,,0.9,i3,Рамна каматна стапка 3%,14.94595513073894,15.408102976697316,20.207043508237348,20.707043508237348,5575.64455428773
f,62,period_raw,lc,,0.9,i4,Рамна каматна стапка 4%,13.575233691696967,14.03833541600828,20.207043508237348,20.707043508237348,6138.629744864177
f,62,period_raw,lc,,0.9,eiopa,"EIOPA EUR безризична крива, 2026-08-31 (без VA)",14.445039748778472,14.907638636162297,20.207043508237348,20.707043508237348,5768.993009547123
f,62,period_raw,lc,,0.9,eiopa_sp100,EIOPA EUR крива + 100 б.п. државен распон,13.157037515837898,13.620537894819126,20.207043508237348,20.707043508237348,6333.745969259426
f,62,period_raw,lc,,0.9,dom,Домашен принос на 15-г. обврзница 5.200% (09/2026),12.188184983612722,12.652325010962809,20.207043508237348,20.707043508237348,6837.222559829605
f,62,period,cbd,,0.9,i2,Рамна каматна стапка 2%,16.558852348057453,17.01992715629177,20.210396035410422,20.710396035410426,5032.554888570482
f,62,period,cbd,,0.9,i3,Рамна каматна стапка 3%,14.94669101133956,15.408838804092694,20.210396035410422,20.710396035410426,5575.370044788581
f,62,period,cbd,,0.9,i4,Рамна каматна стапка 4%,13.576962226956889,14.040063731245109,20.210396035410422,20.710396035410426,6137.848212310412
f,62,period,cbd,,0.9,eiopa,"EIOPA EUR безризична крива, 2026-08-31 (без VA)",14.446546510624458,14.909151431987812,20.210396035410422,20.710396035410426,5768.391308749624
f,62,period,cbd,,0.9,eiopa_sp100,EIOPA EUR крива + 100 б.п. државен распон,13.159663588840539,13.62316931719982,20.210396035410422,20.710396035410426,6332.482040346413
f,62,period,cbd,,0.9,dom,Домашен принос на 15-г. обврзница 5.200% (09/2026),12.191434219500715,12.655573555949609,20.210396035410422,20.710396035410426,6835.400317383343
f,62,cohort,lc,2026,0.9,i2,Рамна каматна стапка 2%,17.95951327420885,18.420542629452438,22.43886460885338,22.93886460885338,4640.066357088083
f,62,cohort,lc,2026,0.9,i3,Рамна каматна стапка 3%,16.068670466937508,16.530737138935773,22.43886460885338,22.93886460885338,5186.075195505309
f,62,cohort,lc,2026,0.9,i4,Рамна каматна стапка 4%,14.481678773347141,14.9446651173964,22.43886460885338,22.93886460885338,5754.397306940993
f,62,cohort,lc,2026,0.9,eiopa,"EIOPA EUR безризична крива, 2026-08-31 (без VA)",15.466884048643587,15.929371915182287,22.43886460885338,22.93886460885338,5387.855308881138
f,62,cohort,lc,2026,0.9,eiopa_sp100,EIOPA EUR крива + 100 б.п. државен распон,13.984955509380809,14.448315192569819,22.43886460885338,22.93886460885338,5958.78430056035
f,62,cohort,lc,2026,0.9,dom,Домашен принос на 15-г. обврзница 5.200% (09/2026),12.896152787990125,13.360142276622938,22.43886460885338,22.93886460885338,6461.875468080655
f,62,cohort,cbd,2026,0.9,i2,Рамна каматна стапка 2%,18.021570124629793,18.48259746606019,22.615020169004833,23.115020169004836,4624.088398348987
f,62,cohort,cbd,2026,0.9,i3,Рамна каматна стапка 3%,16.101093634960456,16.563157962716275,22.615020169004833,23.115020169004836,5175.63186840867
f,62,cohort,cbd,2026,0.9,i4,Рамна каматна стапка 4%,14.495098911262495,14.958083547079164,22.615020169004833,23.115020169004836,5749.069657509164
f,62,cohort,cbd,2026,0.9,eiopa,"EIOPA EUR безризична крива, 2026-08-31 (без VA)",15.489746112007376,15.952236918100445,22.615020169004833,23.115020169004836,5379.903113372195
f,62,cohort,cbd,2026,0.9,eiopa_sp100,EIOPA EUR крива + 100 б.п. државен распон,13.992330910379202,14.455694308424787,22.615020169004833,23.115020169004836,5955.643406883589
f,62,cohort,cbd,2026,0.9,dom,Домашен принос на 15-г. обврзница 5.200% (09/2026),12.895984746829697,13.359974271193938,22.615020169004833,23.115020169004836,6461.959669564568
f,62,cohort,lc,2030,0.9,i2,Рамна каматна стапка 2%,18.27293508552984,18.73395426989023,22.93017920683105,23.430179206831053,4560.478814338052
f,62,cohort,lc,2030,0.9,i3,Рамна каматна стапка 3%,16.322090573293234,16.784138922647333,22.93017920683105,23.430179206831053,5105.555134566292
f,62,cohort,lc,2030,0.9,i4,Рамна каматна стапка 4%,14.688222217144563,15.151182270536891,22.93017920683105,23.430179206831053,5673.479887583944
f,62,cohort,lc,2030,0.9,eiopa,"EIOPA EUR безризична крива, 2026-08-31 (без VA)",15.69867823868322,16.161141766891706,22.93017920683105,23.430179206831053,5308.302524985263
f,62,cohort,lc,2030,0.9,eiopa_sp100,EIOPA EUR крива + 100 б.п. државен распон,14.174593139398576,14.63792137383504,22.93017920683105,23.430179206831053,5879.063512708989
f,62,cohort,lc,2030,0.9,dom,Домашен принос на 15-г. обврзница 5.200% (09/2026),13.05941044118412,13.52336521552972,22.93017920683105,23.430179206831053,6381.094591416896
f,62,cohort,cbd,2030,0.9,i2,Рамна каматна стапка 2%,18.368727582041966,18.829743657830264,23.168199272511856,23.668199272511856,4536.696021057195
f,62,cohort,cbd,2030,0.9,i3,Рамна каматна стапка 3%,16.380044374962647,16.842088534172163,23.168199272511856,23.668199272511856,5087.491305012009
f,62,cohort,cbd,2030,0.9,i4,Рамна каматна стапка 4%,14.721318445362092,15.184274285976876,23.168199272511856,23.668199272511856,5660.724862560613
f,62,cohort,cbd,2030,0.9,eiopa,"EIOPA EUR безризична крива, 2026-08-31 (без VA)",15.744373896610618,16.20683880585824,23.168199272511856,23.668199272511856,5292.895981800393
f,62,cohort,cbd,2030,0.9,eiopa_sp100,EIOPA EUR крива + 100 б.п. државен распон,14.199725898671266,14.663055665732568,23.168199272511856,23.668199272511856,5868.657883116689
f,62,cohort,cbd,2030,0.9,dom,Домашен принос на 15-г. обврзница 5.200% (09/2026),13.074009350855661,13.537961020962452,23.168199272511856,23.668199272511856,6373.969231395676
f,62,cohort,lc,2035,0.9,i2,Рамна каматна стапка 2%,18.654015428490307,19.11502224637357,23.53198808832179,24.03198808832179,4467.313413178495
f,62,cohort,lc,2035,0.9,i3,Рамна каматна стапка 3%,16.629143663652734,17.09116981261952,23.53198808832179,24.03198808832179,5011.282301654519
f,62,cohort,lc,2035,0.9,i4,Рамна каматна стапка 4%,14.937644750451506,15.400573055161164,23.53198808832179,24.03198808832179,5578.746497557086
f,62,cohort,lc,2035,0.9,eiopa,"EIOPA EUR безризична крива, 2026-08-31 (без VA)",15.979075654309971,16.441509746739836,23.53198808832179,24.03198808832179,5215.153563082115
f,62,cohort,lc,2035,0.9,eiopa_sp100,EIOPA EUR крива + 100 б.п. државен распон,14.40324537761571,14.86653569785598,23.53198808832179,24.03198808832179,5785.733086436399
f,62,cohort,lc,2035,0.9,dom,Домашен принос на 15-г. обврзница 5.200% (09/2026),13.255815989402647,13.719729001059166,23.53198808832179,24.03198808832179,6286.548742073223
f,62,cohort,cbd,2035,0.9,i2,Рамна каматна стапка 2%,18.79673698763823,19.257739174049604,23.857250733983612,24.357250733983612,4433.393593161298
f,62,cohort,cbd,2035,0.9,i3,Рамна каматна стапка 3%,16.72229786029635,17.184317274078534,23.857250733983612,24.357250733983612,4983.36616352177
f,62,cohort,cbd,2035,0.9,i4,Рамна каматна стапка 4%,14.99758738369305,15.460508058379808,23.857250733983612,24.357250733983612,5556.4492608952605
f,62,cohort,cbd,2035,0.9,eiopa,"EIOPA EUR безризична крива, 2026-08-31 (без VA)",16.056093604341413,16.518526698518865,23.857250733983612,24.357250733983612,5190.137488411304
f,62,cohort,cbd,2035,0.9,eiopa_sp100,EIOPA EUR крива + 100 б.п. државен распон,14.452464293528076,14.915752971146704,23.857250733983612,24.357250733983612,5766.029352561738
f,62,cohort,cbd,2035,0.9,dom,Домашен принос на 15-г. обврзница 5.200% (09/2026),13.290271783170686,13.754177468320314,23.857250733983612,24.357250733983612,6270.250502992523
f,62,period,lc,,0.8,i2,Рамна каматна стапка 2%,17.151283831534684,17.61233941471444,21.103845190383264,21.603845190383268,4858.722772700843
f,62,period,lc,,0.8,i3,Рамна каматна стапка 3%,15.4341601704718,15.896272718492094,21.103845190383264,21.603845190383268,5399.278769489792
f,62,period,lc,,0.8,i4,Рамна каматна стапка 4%,13.980717812016872,14.443767922761067,21.103845190383264,21.603845190383268,5960.59046851698
f,62,period,lc,,0.8,eiopa,"EIOPA EUR безризична крива, 2026-08-31 (без VA)",14.895964799637746,15.358520098704016,21.103845190383264,21.603845190383268,5594.356220240257
f,62,period,lc,,0.8,eiopa_sp100,EIOPA EUR крива + 100 б.п. државен распон,13.533075311430911,13.99651680592548,21.103845190383264,21.603845190383268,6157.752869589413
f,62,period,lc,,0.8,dom,Домашен принос на 15-г. обврзница 5.200% (09/2026),12.516180201725271,12.980250485819944,21.103845190383264,21.603845190383268,6658.048381394061
f,62,period_raw,lc,,0.8,i2,Рамна каматна стапка 2%,17.128894820187366,17.589951129915217,21.094297971554745,21.59429797155475,4865.073561845936
f,62,period_raw,lc,,0.8,i3,Рамна каматна стапка 3%,15.408963831890068,15.871078201642474,21.094297971554745,21.59429797155475,5408.107530297943
f,62,period_raw,lc,,0.8,i4,Рамна каматна стапка 4%,13.95415423943735,14.417207731425515,21.094297971554745,21.59429797155475,5971.937238432979
f,62,period_raw,lc,,0.8,eiopa,"EIOPA EUR безризична крива, 2026-08-31 (без VA)",14.869404337259759,15.331959723770467,21.094297971554745,21.59429797155475,5604.349134855162
f,62,period_raw,lc,,0.8,eiopa_sp100,EIOPA EUR крива + 100 б.п. државен распон,13.505687112090408,13.96913067531625,21.094297971554745,21.59429797155475,6170.240184131958
f,62,period_raw,lc,,0.8,dom,Домашен принос на 15-г. обврзница 5.200% (09/2026),12.489236108961506,12.953312122312704,21.094297971554745,21.59429797155475,6672.412356231977
f,62,period,cbd,,0.8,i2,Рамна каматна стапка 2%,17.135544278825698,17.596600372771288,21.110863828876816,21.610863828876816,4863.185667017761
f,62,period,cbd,,0.8,i3,Рамна каматна стапка 3%,15.413960722919311,15.876074731389192,21.110863828876816,21.610863828876816,5406.354332369838
f,62,period,cbd,,0.8,i4,Рамна каматна стапка 4%,13.958633019611739,14.421685941501572,21.110863828876816,21.610863828876816,5970.021077010251
f,62,period,cbd,,0.8,eiopa,"EIOPA EUR безризична крива, 2026-08-31 (без VA)",14.874410427061273,15.336970910650821,21.110863828876816,21.610863828876816,5602.462950849033
f,62,period,cbd,,0.8,eiopa_sp100,EIOPA EUR крива + 100 б.п. државен распон,13.510497430815585,13.973945441030143,21.110863828876816,21.610863828876816,6168.043312991679
f,62,period,cbd,,0.8,dom,Домашен принос на 15-г. обврзница 5.200% (09/2026),12.493946942254704,12.958021953917976,21.110863828876816,21.610863828876816,6669.896528173881
f,62,cohort,lc,2026,0.8,i2,Рамна каматна стапка 2%,18.535223888203532,18.9962345610032,23.370686242808397,23.870686242808397,4495.944253814468
f,62,cohort,lc,2026,0.8,i3,Рамна каматна стапка 3%,16.52761368098003,16.98964717071299,23.370686242808397,23.870686242808397,5042.066867114234
f,62,cohort,lc,2026,0.8,i4,Рамна каматна стапка 4%,14.850934879583098,15.313874221483896,23.370686242808397,23.870686242808397,5611.319018568931
f,62,cohort,lc,2026,0.8,eiopa,"EIOPA EUR безризична крива, 2026-08-31 (без VA)",15.884175859650748,16.346621218677384,23.370686242808397,23.870686242808397,5246.311427778766
f,62,cohort,lc,2026,0.8,eiopa_sp100,EIOPA EUR крива + 100 б.п. државен распон,14.322170424051736,14.785475380496212,23.370686242808397,23.870686242808397,5818.484968827676
f,62,cohort,lc,2026,0.8,dom,Домашен принос на 15-г. обврзница 5.200% (09/2026),13.18403953868787,13.647967812528284,23.370686242808397,23.870686242808397,6320.77392431933
f,62,cohort,cbd,2026,0.8,i2,Рамна каматна стапка 2%,18.63204326718085,19.093050798084967,23.614624200715404,24.114624200715404,4472.581570273597
f,62,cohort,cbd,2026,0.8,i3,Рамна каматна стапка 3%,16.58534569683627,17.047375012460087,23.614624200715404,24.114624200715404,5024.515910405747
f,62,cohort,cbd,2026,0.8,i4,Рамна каматна стапка 4%,14.882980341266219,15.345915604140234,23.614624200715404,24.114624200715404,5599.2369419634315
f,62,cohort,cbd,2026,0.8,eiopa,"EIOPA EUR безризична крива, 2026-08-31 (без VA)",15.929188515761936,16.391634176250584,23.614624200715404,24.114624200715404,5231.48641570002
f,62,cohort,cbd,2026,0.8,eiopa_sp100,EIOPA EUR крива + 100 б.п. државен распон,14.345918554376842,14.809224185513125,23.614624200715404,24.114624200715404,5808.853090686821
f,62,cohort,cbd,2026,0.8,dom,Домашен принос на 15-г. обврзница 5.200% (09/2026),13.196938728351187,13.660864259372715,23.614624200715404,24.114624200715404,6314.595759568622
f,62,cohort,lc,2030,0.8,i2,Рамна каматна стапка 2%,18.841550255278722,19.302550987450175,23.85784414509433,24.357844145094333,4422.84908642198
f,62,cohort,lc,2030,0.8,i3,Рамна каматна стапка 3%,16.773661764719368,17.23567746481617,23.85784414509433,24.357844145094333,4968.10621927594
f,62,cohort,lc,2030,0.8,i4,Рамна каматна стапка 4%,15.050221758415661,15.513135733338615,23.85784414509433,24.357844145094333,5537.016973635998
f,62,cohort,lc,2030,0.8,eiopa,"EIOPA EUR безризична крива, 2026-08-31 (без VA)",16.108561044255605,16.570982816908113,23.85784414509433,24.357844145094333,5173.232612421979
f,62,cohort,lc,2030,0.8,eiopa_sp100,EIOPA EUR крива + 100 б.п. државен распон,14.504630645128865,14.967905312636352,23.85784414509433,24.357844145094333,5745.291650106197
f,62,cohort,lc,2030,0.8,dom,Домашен принос на 15-г. обврзница 5.200% (09/2026),13.340462361305905,13.804357374183148,23.85784414509433,24.357844145094333,6246.660053930528
f,62,cohort,cbd,2030,0.8,i2,Рамна каматна стапка 2%,18.97428655186754,19.435282976599883,24.16933945094212,24.66933945094212,4391.908655196908
f,62,cohort,cbd,2030,0.8,i3,Рамна каматна стапка 3%,16.858205940181627,17.32021552761095,24.16933945094212,24.66933945094212,4943.191086229875
f,62,cohort,cbd,2030,0.8,i4,Рамна каматна стапка 4%,15.102639264192717,15.565546566956844,24.16933945094212,24.66933945094212,5517.799364440276
f,62,cohort,cbd,2030,0.8,eiopa,"EIOPA EUR безризична крива, 2026-08-31 (без VA)",16.177400512503564,16.639820857079755,24.16933945094212,24.66933945094212,5151.219027366278
f,62,cohort,cbd,2030,0.8,eiopa_sp100,EIOPA EUR крива + 100 б.п. државен распон,14.546641984539528,15.009914994644948,24.16933945094212,24.66933945094212,5728.69899609145
f,62,cohort,cbd,2030,0.8,dom,Домашен принос на 15-г. обврзница 5.200% (09/2026),13.368385804494658,13.832274879871218,24.16933945094212,24.66933945094212,6233.612236513654
f,62,cohort,lc,2035,0.8,i2,Рамна каматна стапка 2%,19.21343310920409,19.674421773367076,24.453608274346912,24.953608274346912,4337.243264110512
f,62,cohort,lc,2035,0.8,i3,Рамна каматна стапка 3%,17.071332603675895,17.53332678173588,24.453608274346912,24.953608274346912,4881.477929578242
f,62,cohort,lc,2035,0.8,i4,Рамна каматна стапка 4%,15.290521800144377,15.75340518757522,24.453608274346912,24.953608274346912,5449.999314774625
f,62,cohort,lc,2035,0.8,eiopa,"EIOPA EUR безризична крива, 2026-08-31 (без VA)",16.37959404504837,16.841987347771582,24.453608274346912,24.953608274346912,5087.631177191805
f,62,cohort,lc,2035,0.8,eiopa_sp100,EIOPA EUR крива + 100 б.п. државен распон,14.724305890452973,15.187544107638072,24.453608274346912,24.953608274346912,5659.576346302712
f,62,cohort,lc,2035,0.8,dom,Домашен принос на 15-г. обврзница 5.200% (09/2026),13.5283668266447,13.992221884460415,24.453608274346912,24.953608274346912,6159.896046668749
f,62,cohort,cbd,2035,0.8,i2,Рамна каматна стапка 2%,19.395796818113,19.856779564372648,24.859558188301705,25.359558188301705,4296.463512935519
f,62,cohort,cbd,2035,0.8,i3,Рамна каматна стапка 3%,17.192638588159294,17.654623995619257,24.859558188301705,25.359558188301705,4847.03571857351
f,62,cohort,cbd,2035,0.8,i4,Рамна каматна стапка 4%,15.370616350120295,15.833489542415927,24.859558188301705,25.359558188301705,5421.599982402861
f,62,cohort,cbd,2035,0.8,eiopa,"EIOPA EUR безризична крива, 2026-08-31 (без VA)",16.480959118136976,16.943348421365627,24.859558188301705,25.359558188301705,5056.340030698008
f,62,cohort,cbd,2035,0.8,eiopa_sp100,EIOPA EUR крива + 100 б.п. државен распон,14.791001466532101,15.254234685562967,24.859558188301705,25.359558188301705,5634.056187601182
f,62,cohort,cbd,2035,0.8,dom,Домашен принос на 15-г. обврзница 5.200% (09/2026),13.57643886007393,14.040283696093956,24.859558188301705,25.359558188301705,6138.084824173071
f,62,period,coherent,,1.0,i2,Рамна каматна стапка 2%,15.951064444582371,16.412158976204,19.29598240029698,19.795982400296985,5224.311745642574
f,62,period,coherent,,1.0,i3,Рамна каматна стапка 3%,14.444312289397942,14.9064964048671,19.29598240029698,19.795982400296985,5769.283553534052
f,62,period,coherent,,1.0,i4,Рамна каматна стапка 4%,13.157970060298062,13.621124897575744,19.29598240029698,19.795982400296985,6333.297077850747
f,62,period,coherent,,1.0,eiopa,"EIOPA EUR безризична крива, 2026-08-31 (без VA)",13.981591202553624,14.444237601632977,19.29598240029698,19.795982400296985,5960.2181272553
f,62,period,coherent,,1.0,eiopa_sp100,EIOPA EUR крива + 100 б.п. државен распон,12.770178971181835,13.233742353555002,19.29598240029698,19.795982400296985,6525.619846157969
f,62,period,coherent,,1.0,dom,Домашен принос на 15-г. обврзница 5.200% (09/2026),11.850526194789232,12.31473802020786,19.29598240029698,19.795982400296985,7032.036549564832
u,64,period,lc,,1.0,i2,Рамна каматна стапка 2%,14.191344319788977,14.65249595626806,16.736891143243618,17.236891143243614,5872.1239831472485
u,64,period,lc,,1.0,i3,Рамна каматна стапка 3%,12.96961803194351,13.431908769963345,16.736891143243618,17.236891143243614,6425.272751139438
u,64,period,lc,,1.0,i4,Рамна каматна стапка 4%,11.913709386876233,12.377022604540624,16.736891143243618,17.236891143243614,6994.742831743966
u,64,period,lc,,1.0,eiopa,"EIOPA EUR безризична крива, 2026-08-31 (без VA)",12.608953493580758,13.071733050668959,16.736891143243618,17.236891143243614,6609.0602503814835
u,64,period,lc,,1.0,eiopa_sp100,EIOPA EUR крива + 100 б.п. државен распон,11.608140641448594,12.071886511456585,16.736891143243618,17.236891143243614,7178.870062598937
u,64,period,lc,,1.0,dom,Домашен принос на 15-г. обврзница 5.200% (09/2026),10.826893863093183,11.291323348548357,16.736891143243618,17.236891143243614,7696.8828167237125
u,64,cohort,lc,2026,1.0,i2,Рамна каматна стапка 2%,15.420760070148132,15.881871810731171,18.628420197845834,19.128420197845838,5403.970553607922
u,64,cohort,lc,2026,1.0,i3,Рамна каматна стапка 3%,13.970740594532232,14.432958949927247,18.628420197845834,19.128420197845838,5964.847229784492
u,64,cohort,lc,2026,1.0,i4,Рамна каматна стапка 4%,12.734220550278275,13.197429326101714,18.628420197845834,19.128420197845838,6544.0466500725315
u,64,cohort,lc,2026,1.0,eiopa,"EIOPA EUR безризична крива, 2026-08-31 (без VA)",13.526687636898757,13.989365138625752,18.628420197845834,19.128420197845838,6160.660730126761
u,64,cohort,lc,2026,1.0,eiopa_sp100,EIOPA EUR крива + 100 б.п. државен распон,12.36264693126657,12.82626249132488,18.628420197845834,19.128420197845838,6740.735523439859
u,64,cohort,lc,2026,1.0,dom,Домашен принос на 15-г. обврзница 5.200% (09/2026),11.478543489773648,11.942834411725926,18.628420197845834,19.128420197845838,7259.922254733439
u,64,cohort,lc,2030,1.0,i2,Рамна каматна стапка 2%,15.752365084050055,16.21346606368493,19.12366989357265,19.62366989357265,5290.210891424292
u,64,cohort,lc,2030,1.0,i3,Рамна каматна стапка 3%,14.245204935009335,14.707403446231297,19.12366989357265,19.62366989357265,5849.921690388003
u,64,cohort,lc,2030,1.0,i4,Рамна каматна стапка 4%,12.963064967499774,13.426244614003233,19.12366989357265,19.62366989357265,6428.520843046125
u,64,cohort,lc,2030,1.0,eiopa,"EIOPA EUR безризична крива, 2026-08-31 (без VA)",13.780628945831864,14.243280891513244,19.12366989357265,19.62366989357265,6047.1357048285245
u,64,cohort,lc,2030,1.0,eiopa_sp100,EIOPA EUR крива + 100 б.п. државен распон,12.575136870173585,13.038718215545304,19.12366989357265,19.62366989357265,6626.833106762282
u,64,cohort,lc,2030,1.0,dom,Домашен принос на 15-г. обврзница 5.200% (09/2026),11.664273367879744,12.128524797163802,19.12366989357265,19.62366989357265,7144.32272847881
u,64,cohort,lc,2035,1.0,i2,Рамна каматна стапка 2%,16.161417639287624,16.622505344716256,19.739508616070154,20.239508616070157,5156.313337931076
u,64,cohort,lc,2035,1.0,i3,Рамна каматна стапка 3%,14.582510241283659,15.044684364838865,19.739508616070154,20.239508616070157,5714.60825019093
u,64,cohort,lc,2035,1.0,i4,Рамна каматна стапка 4%,13.243311520798509,13.706455495068298,19.739508616070154,20.239508616070157,6292.484564941256
u,64,cohort,lc,2035,1.0,eiopa,"EIOPA EUR безризична крива, 2026-08-31 (без VA)",14.092152623839738,14.554773067084945,19.739508616070154,20.239508616070157,5913.456627794258
u,64,cohort,lc,2035,1.0,eiopa_sp100,EIOPA EUR крива + 100 б.п. државен распон,12.834910366979267,13.2984497509295,19.739508616070154,20.239508616070157,6492.708632210422
u,64,cohort,lc,2035,1.0,dom,Домашен принос на 15-г. обврзница 5.200% (09/2026),11.89081527775552,12.355018536305952,19.739508616070154,20.239508616070157,7008.210235107035
u,62,period,lc,,1.0,i2,Рамна каматна стапка 2%,15.230609965177694,15.691727876341208,18.271081808733136,18.771081808733136,5471.437685283873
u,62,period,lc,,1.0,i3,Рамна каматна стапка 3%,13.833803186395492,14.296031442565305,18.271081808733136,18.771081808733136,6023.891782361442
u,62,period,lc,,1.0,i4,Рамна каматна стапка 4%,12.637103920463474,13.100325058141394,18.271081808733136,18.771081808733136,6594.3379003467935
u,62,period,lc,,1.0,eiopa,"EIOPA EUR безризична крива, 2026-08-31 (без VA)",13.409836025947143,13.872533494415828,18.271081808733136,18.771081808733136,6214.343946644005
u,62,period,lc,,1.0,eiopa_sp100,EIOPA EUR крива + 100 б.п. државен распон,12.280742796715414,12.744379093955986,18.271081808733136,18.771081808733136,6785.691607809059
u,62,period,lc,,1.0,dom,Домашен принос на 15-г. обврзница 5.200% (09/2026),11.416304364684466,11.88060852085163,18.271081808733136,18.771081808733136,7299.501718885415
u,62,cohort,lc,2026,1.0,i2,Рамна каматна стапка 2%,16.551327770291746,17.012402822706907,20.37313135182948,20.87313135182948,5034.842792667651
u,62,cohort,lc,2026,1.0,i3,Рамна каматна стапка 3%,14.891915723194494,15.354067476281033,20.37313135182948,20.87313135182948,5595.877312382301
u,62,cohort,lc,2026,1.0,i4,Рамна каматна стапка 4%,13.49071492093644,13.953827403536497,20.37313135182948,20.87313135182948,6177.088006211376
u,62,cohort,lc,2026,1.0,eiopa,"EIOPA EUR безризична крива, 2026-08-31 (без VA)",14.372304689089939,14.834894630721536,20.37313135182948,20.87313135182948,5798.188608998244
u,62,cohort,lc,2026,1.0,eiopa_sp100,EIOPA EUR крива + 100 б.п. државен распон,13.059725733374721,13.523226943494207,20.37313135182948,20.87313135182948,6380.9405369341885
u,62,cohort,lc,2026,1.0,dom,Домашен принос на 15-г. обврзница 5.200% (09/2026),12.081898607460843,12.546061235011997,20.37313135182948,20.87313135182948,6897.370689890837
u,62,cohort,lc,2030,1.0,i2,Рамна каматна стапка 2%,16.87555807447323,17.336622605257684,20.87461094221065,21.37461094221065,4938.108296364272
u,62,cohort,lc,2030,1.0,i3,Рамна каматна стапка 3%,15.155881272200164,15.61801394019162,20.87461094221065,21.37461094221065,5498.41555477136
u,62,cohort,lc,2030,1.0,i4,Рамна каматна стапка 4%,13.70734631932118,14.170431227181167,20.87461094221065,21.37461094221065,6079.4650833233045
u,62,cohort,lc,2030,1.0,eiopa,"EIOPA EUR безризична крива, 2026-08-31 (без VA)",14.614595307684525,15.077160181596627,20.87461094221065,21.37461094221065,5702.06232734448
u,62,cohort,lc,2030,1.0,eiopa_sp100,EIOPA EUR крива + 100 б.п. државен распон,13.259333230592688,13.722801682009043,20.87461094221065,21.37461094221065,6284.88113874851
u,62,cohort,lc,2030,1.0,dom,Домашен принос на 15-г. обврзница 5.200% (09/2026),12.25455971337688,12.71868562713788,20.87461094221065,21.37461094221065,6800.18991154517
u,62,cohort,lc,2035,1.0,i2,Рамна каматна стапка 2%,17.27543796811797,17.736489522359168,21.497988511266474,21.99798851126647,4823.804379786261
u,62,cohort,lc,2035,1.0,i3,Рамна каматна стапка 3%,15.480251022563847,15.942360238148154,21.497988511266474,21.99798851126647,5383.202973379925
u,62,cohort,lc,2035,1.0,i4,Рамна каматна стапка 4%,13.972635943971765,14.435687083446847,21.497988511266474,21.99798851126647,5964.038114747129
u,62,cohort,lc,2035,1.0,eiopa,"EIOPA EUR безризична крива, 2026-08-31 (без VA)",14.91183267655724,15.374366783321387,21.497988511266474,21.99798851126647,5588.403192341403
u,62,cohort,lc,2035,1.0,eiopa_sp100,EIOPA EUR крива + 100 б.п. државен распон,13.503387499518196,13.966815884396787,21.497988511266474,21.99798851126647,6171.29096949241
u,62,cohort,lc,2035,1.0,dom,Домашен принос на 15-г. обврзница 5.200% (09/2026),12.465189283051805,12.929270409599253,21.497988511266474,21.99798851126647,6685.284229629537
m,64,cohort,lc,2027,1.0,i2,Рамна каматна стапка 2%,14.64353452631658,15.104671488725105,17.589459143392553,18.08945914339255,5690.793652555065
m,64,cohort,lc,2027,1.0,i3,Рамна каматна стапка 3%,13.293844995311995,13.756112291248394,17.589459143392553,18.08945914339255,6268.56514144105
m,64,cohort,lc,2027,1.0,i4,Рамна каматна стапка 4%,12.141972818876367,12.60525698117366,17.589459143392553,18.08945914339255,6863.244925386442
m,64,cohort,lc,2027,1.0,eiopa,"EIOPA EUR безризична крива, 2026-08-31 (без VA)",12.884290656369487,13.347019126305595,17.589459143392553,18.08945914339255,6467.824698764973
m,64,cohort,lc,2027,1.0,eiopa_sp100,EIOPA EUR крива + 100 б.п. државен распон,11.799245941981779,12.26293969898847,17.589459143392553,18.08945914339255,7062.5982154362
m,64,cohort,lc,2027,1.0,dom,Домашен принос на 15-г. обврзница 5.200% (09/2026),10.97096023394978,11.435359085855609,17.589459143392553,18.08945914339255,7595.810353542003
m,64,cohort,lc,2028,1.0,i2,Рамна каматна стапка 2%,14.727256534776531,15.188390780313606,17.71458177353728,18.214581773537283,5658.442435395373
m,64,cohort,lc,2028,1.0,i3,Рамна каматна стапка 3%,13.363169557535352,13.825431841204555,17.71458177353728,18.214581773537283,6236.045496133253
m,64,cohort,lc,2028,1.0,i4,Рамна каматна стапка 4%,12.19982359357804,12.663100392122493,17.71458177353728,18.214581773537283,6830.699861693067
m,64,cohort,lc,2028,1.0,eiopa,"EIOPA EUR безризична крива, 2026-08-31 (без VA)",12.948471511312482,13.41119363103792,17.71458177353728,18.214581773537283,6435.766048566338
m,64,cohort,lc,2028,1.0,eiopa_sp100,EIOPA EUR крива + 100 б.п. државен распон,11.853005414218655,12.316690613063486,17.71458177353728,18.214581773537283,7030.565702211537
m,64,cohort,lc,2028,1.0,dom,Домашен принос на 15-г. обврзница 5.200% (09/2026),11.017982233180517,11.482371086564653,17.71458177353728,18.214581773537283,7563.393330075995
m,64,cohort,lc,2029,1.0,i2,Рамна каматна стапка 2%,14.811024827177912,15.27215635434158,17.840029180717995,18.340029180718,5626.439379158858
m,64,cohort,lc,2029,1.0,i3,Рамна каматна стапка 3%,13.43246810408457,13.89472537736755,17.840029180717995,18.340029180718,6203.873531476555
m,64,cohort,lc,2029,1.0,i4,Рамна каматна стапка 4%,12.257602502814835,12.720871946754112,17.840029180717995,18.340029180718,6798.50185337603
m,64,cohort,lc,2029,1.0,eiopa,"EIOPA EUR безризична крива, 2026-08-31 (без VA)",13.012600304640129,13.475316072187308,17.840029180717995,18.340029180718,6404.049258595742
m,64,cohort,lc,2029,1.0,eiopa_sp100,EIOPA EUR крива + 100 б.п. државен распон,11.906676075704647,12.370352724291978,17.840029180717995,18.340029180718,6998.874648431351
m,64,cohort,lc,2029,1.0,dom,Домашен принос на 15-г. обврзница 5.200% (09/2026),11.064900603282638,11.529279480180266,17.840029180717995,18.340029180718,7531.322360782051
m,64,cohort,lc,2031,1.0,i2,Рамна каматна стапка 2%,14.97868093467519,15.43980702121339,18.091874241024456,18.591874241024463,5563.46274393356
m,64,cohort,lc,2031,1.0,i3,Рамна каматна стапка 3%,13.570970689530265,14.033217948873839,18.091874241024456,18.591874241024463,6140.558051431306
m,64,cohort,lc,2031,1.0,i4,Рамна каматна стапка 4%,12.37293100430795,12.836185768226349,18.091874241024456,18.591874241024463,6735.1327914395315
m,64,cohort,lc,2031,1.0,eiopa,"EIOPA EUR безризична крива, 2026-08-31 (без VA)",13.140686663212046,13.603389723126693,18.091874241024456,18.591874241024463,6341.626999343102
m,64,cohort,lc,2031,1.0,eiopa_sp100,EIOPA EUR крива + 100 б.п. државен распон,12.013738524374455,12.477398099147766,18.091874241024456,18.591874241024463,6936.503001481166
m,64,cohort,lc,2031,1.0,dom,Домашен принос на 15-г. обврзница 5.200% (09/2026),11.158415672319059,11.622774664642199,18.091874241024456,18.591874241024463,7468.204786460884
m,64,cohort,lc,2032,1.0,i2,Рамна каматна стапка 2%,15.062559190708027,15.52368255530438,18.21825988517484,18.71825988517484,5532.481716967526
m,64,cohort,lc,2032,1.0,i3,Рамна каматна стапка 3%,13.640166618182443,14.102408874559213,18.21825988517484,18.71825988517484,6109.40728702312
m,64,cohort,lc,2032,1.0,i4,Рамна каматна стапка 4%,12.430473861853619,12.893721301213564,18.21825988517484,18.71825988517484,6703.954672964234
m,64,cohort,lc,2032,1.0,eiopa,"EIOPA EUR безризична крива, 2026-08-31 (без VA)",13.204636831460398,13.667333537207284,18.21825988517484,18.71825988517484,6310.9144459610925
m,64,cohort,lc,2032,1.0,eiopa_sp100,EIOPA EUR крива + 100 б.п. државен распон,12.067124217355683,12.530775270032981,18.21825988517484,18.71825988517484,6905.815489450103
m,64,cohort,lc,2032,1.0,dom,Домашен принос на 15-г. обврзница 5.200% (09/2026),11.205007103586683,11.669356188941942,18.21825988517484,18.71825988517484,7437.151316634027
m,64,cohort,lc,2033,1.0,i2,Рамна каматна стапка 2%,15.146464612459887,15.607585254232827,18.344946287479342,18.84494628747935,5501.833957000177
m,64,cohort,lc,2033,1.0,i3,Рамна каматна стапка 3%,13.709320310584467,14.17155756704818,18.344946287479342,18.84494628747935,6078.589707251548
m,64,cohort,lc,2033,1.0,i4,Рамна каматна стапка 4%,12.487931384336981,12.951171510000673,18.344946287479342,18.84494628747935,6673.109482156057
m,64,cohort,lc,2033,1.0,eiopa,"EIOPA EUR безризична крива, 2026-08-31 (без VA)",13.268520143911614,13.731210496096217,18.344946287479342,18.84494628747935,6280.529586532047
m,64,cohort,lc,2033,1.0,eiopa_sp100,EIOPA EUR крива + 100 б.п. државен распон,12.120408910894717,12.584051452301454,18.344946287479342,18.84494628747935,6875.4556010422375
m,64,cohort,lc,2033,1.0,dom,Домашен принос на 15-г. обврзница 5.200% (09/2026),11.251484370068264,11.715823572731074,18.344946287479342,18.84494628747935,7406.430173339674
m,64,cohort,lc,2034,1.0,i2,Рамна каматна стапка 2%,15.23039252558428,15.691510443803946,18.4719274748005,18.9719274748005,5471.515799303828
m,64,cohort,lc,2034,1.0,i3,Рамна каматна стапка 3%,13.778427831406228,14.24066009129516,18.4719274748005,18.9719274748005,6048.101739400578
m,64,cohort,lc,2034,1.0,i4,Рамна каматна стапка 4%,12.545300329520465,13.00853315276279,18.4719274748005,18.9719274748005,6642.593731872714
m,64,cohort,lc,2034,1.0,eiopa,"EIOPA EUR безризична крива, 2026-08-31 (без VA)",13.332333026187927,13.795017026032276,18.4719274748005,18.9719274748005,6250.4689291548975
m,64,cohort,lc,2034,1.0,eiopa_sp100,EIOPA EUR крива + 100 б.п. државен распон,12.173589684006174,12.63722372566482,18.4719274748005,18.9719274748005,6845.419921029356
m,64,cohort,lc,2034,1.0,dom,Домашен принос на 15-г. обврзница 5.200% (09/2026),11.297844961370636,11.762174306150213,18.4719274748005,18.9719274748005,7376.037962838487
m,64,cohort,lc,2036,1.0,i2,Рамна каматна стапка 2%,15.397985064260254,15.859097543917335,18.72620437379616,19.22620437379617,5411.9635124699225
m,64,cohort,lc,2036,1.0,i3,Рамна каматна стапка 3%,13.916251244453015,14.378473539507697,18.72620437379616,19.22620437379617,5988.202704126214
m,64,cohort,lc,2036,1.0,i4,Рамна каматна стапка 4%,12.659578266643107,13.122796543589583,18.72620437379616,19.22620437379617,6582.631078075441
m,64,cohort,lc,2036,1.0,eiopa,"EIOPA EUR безризична крива, 2026-08-31 (без VA)",13.459522965946995,13.922194289925182,18.72620437379616,19.22620437379617,6191.403183022847
m,64,cohort,lc,2036,1.0,eiopa_sp100,EIOPA EUR крива + 100 б.п. државен распон,12.27946699380234,12.743084100505483,18.72620437379616,19.22620437379617,6786.396622540141
m,64,cohort,lc,2036,1.0,dom,Домашен принос на 15-г. обврзница 5.200% (09/2026),11.390074305699445,11.854384039294576,18.72620437379616,19.22620437379617,7316.311649664517
m,64,cohort,lc,2037,1.0,i2,Рамна каматна стапка 2%,15.481915882340815,15.943025638350347,18.853958231160146,19.353958231160142,5382.624086492169
m,64,cohort,lc,2037,1.0,i3,Рамна каматна стапка 3%,13.98517138922446,14.447388701251924,18.853958231160146,19.353958231160142,5958.692318747088
m,64,cohort,lc,2037,1.0,i4,Рамна каматна стапка 4%,12.716644659743693,13.179855672780283,18.853958231160146,19.353958231160142,6553.091288076688
m,64,cohort,lc,2037,1.0,eiopa,"EIOPA EUR безризична крива, 2026-08-31 (без VA)",13.523081675480883,13.985746656539666,18.853958231160146,19.353958231160142,6162.30348474694
m,64,cohort,lc,2037,1.0,eiopa_sp100,EIOPA EUR крива + 100 б.п. државен распон,12.332303780838764,12.795912428805032,18.853958231160146,19.353958231160142,6757.320839177831
m,64,cohort,lc,2037,1.0,dom,Домашен принос на 15-г. обврзница 5.200% (09/2026),11.436058841165066,11.900358796839594,18.853958231160146,19.353958231160142,7286.89266912198
m,64,cohort,lc,2038,1.0,i2,Рамна каматна стапка 2%,15.565965206119271,16.027072234635614,18.9821711738292,19.4821711738292,5353.560298372853
m,64,cohort,lc,2038,1.0,i3,Рамна каматна стапка 3%,14.05411944191117,14.51633176889363,18.9821711738292,19.4821711738292,5929.459592098153
m,64,cohort,lc,2038,1.0,i4,Рамна каматна стапка 4%,12.773679996679745,13.236883749759544,18.9821711738292,19.4821711738292,6523.831296462266
m,64,cohort,lc,2038,1.0,eiopa,"EIOPA EUR безризична крива, 2026-08-31 (без VA)",13.586636127939585,14.049294760398004,18.9821711738292,19.4821711738292,6133.477966776964
m,64,cohort,lc,2038,1.0,eiopa_sp100,EIOPA EUR крива + 100 б.п. државен распон,12.385088187254517,12.848688379539013,18.9821711738292,19.4821711738292,6728.5215957599385
m,64,cohort,lc,2038,1.0,dom,Домашен принос на 15-г. обврзница 5.200% (09/2026),11.48196953093611,11.94625972439221,18.9821711738292,19.4821711738292,7257.756006825013
m,64,cohort,lc,2039,1.0,i2,Рамна каматна стапка 2%,15.650002090788297,16.11110639221512,19.110619274561948,19.610619274561955,5324.812920145482
m,64,cohort,lc,2039,1.0,i3,Рамна каматна стапка 3%,14.122994562334782,14.585201909545345,19.110619274561948,19.610619274561955,5900.54276134741
m,64,cohort,lc,2039,1.0,i4,Рамна каматна стапка 4%,12.830606292629085,13.293802799631791,19.110619274561948,19.610619274561955,6494.8866353421345
m,64,cohort,lc,2039,1.0,eiopa,"EIOPA EUR безризична крива, 2026-08-31 (без VA)",13.6500965386735,14.112748827288106,19.110619274561948,19.610619274561955,6104.962928081355
m,64,cohort,lc,2039,1.0,eiopa_sp100,EIOPA EUR крива + 100 б.п. државен распон,12.437750663648446,12.901342415700366,19.110619274561948,19.610619274561955,6700.032472663238
m,64,cohort,lc,2039,1.0,dom,Домашен принос на 15-г. обврзница 5.200% (09/2026),11.52774879388086,11.992029253064471,19.110619274561948,19.610619274561955,7228.9338381114085
m,64,cohort,lc,2040,1.0,i2,Рамна каматна стапка 2%,15.734010988320867,16.195112563566376,19.239270894925905,19.7392708949259,5296.382047476037
m,64,cohort,lc,2040,1.0,i3,Рамна каматна стапка 3%,14.191785737944059,14.653988111452056,19.239270894925905,19.7392708949259,5871.941337905634
m,64,cohort,lc,2040,1.0,i4,Рамна каматна стапка 4%,12.887415708302592,13.350604984105747,19.239270894925905,19.7392708949259,6466.256324737522
m,64,cohort,lc,2040,1.0,eiopa,"EIOPA EUR безризична крива, 2026-08-31 (без VA)",13.71345343460228,14.176099385276105,19.239270894925905,19.7392708949259,6076.757669447701
m,64,cohort,lc,2040,1.0,eiopa_sp100,EIOPA EUR крива + 100 б.п. државен распон,12.49028446299553,12.953867791525157,19.239270894925905,19.7392708949259,6671.852316912533
m,64,cohort,lc,2040,1.0,dom,Домашен принос на 15-г. обврзница 5.200% (09/2026),11.573391395833468,12.037662149803493,19.239270894925905,19.7392708949259,7200.424705530492
f,62,cohort,lc,2027,1.0,i2,Рамна каматна стапка 2%,17.524825152514307,17.985868613866515,21.74374633662321,22.243746336623214,4755.159187501361
f,62,cohort,lc,2027,1.0,i3,Рамна каматна стапка 3%,15.720174707809512,16.182266576560632,21.74374633662321,22.243746336623214,5301.043714987135
f,62,cohort,lc,2027,1.0,i4,Рамна каматна стапка 4%,14.199754107708202,14.662776337595952,21.74374633662321,22.243746336623214,5868.646224521354
f,62,cohort,lc,2027,1.0,eiopa,"EIOPA EUR безризична крива, 2026-08-31 (без VA)",15.149201979509902,15.611721916773906,21.74374633662321,22.243746336623214,5500.839809651101
f,62,cohort,lc,2027,1.0,eiopa_sp100,EIOPA EUR крива + 100 б.п. државен распон,13.726850325691132,14.190251618711947,21.74374633662321,22.243746336623214,6070.826981872668
f,62,cohort,lc,2027,1.0,dom,Домашен принос на 15-г. обврзница 5.200% (09/2026),12.67497310532749,13.139009624496877,21.74374633662321,22.243746336623214,6574.635909744615
f,62,cohort,lc,2028,1.0,i2,Рамна каматна стапка 2%,17.604901509193954,18.065942371980135,21.86758677592255,22.36758677592255,4733.530221104245
f,62,cohort,lc,2028,1.0,i3,Рамна каматна стапка 3%,15.785326209630648,16.24741336783294,21.86758677592255,22.36758677592255,5279.164473806791
f,62,cohort,lc,2028,1.0,i4,Рамна каматна стапка 4%,14.253167853899555,14.716183284818282,21.86758677592255,22.36758677592255,5846.653472935421
f,62,cohort,lc,2028,1.0,eiopa,"EIOPA EUR безризична крива, 2026-08-31 (без VA)",15.208963155985098,15.671476830656516,21.86758677592255,22.36758677592255,5479.225143664026
f,62,cohort,lc,2028,1.0,eiopa_sp100,EIOPA EUR крива + 100 б.п. државен распон,13.776024831148602,14.23941798182906,21.86758677592255,22.36758677592255,6049.156730968614
f,62,cohort,lc,2028,1.0,dom,Домашен принос на 15-г. обврзница 5.200% (09/2026),12.71747321786151,13.181500700020473,21.86758677592255,22.36758677592255,6552.664346585205
f,62,cohort,lc,2029,1.0,i2,Рамна каматна стапка 2%,17.684532731260862,18.145571009926126,21.990942924443765,22.49094292444376,4712.215731096214
f,62,cohort,lc,2029,1.0,i3,Рамна каматна стапка 3%,15.85006510117668,16.312147578662472,21.990942924443765,22.49094292444376,5257.601959448534
f,62,cohort,lc,2029,1.0,i4,Рамна каматна стапка 4%,14.306203884266923,14.769212564295596,21.990942924443765,22.49094292444376,5824.978730030415
f,62,cohort,lc,2029,1.0,eiopa,"EIOPA EUR безризична крива, 2026-08-31 (без VA)",15.268324161229257,15.730831614547052,21.990942924443765,22.49094292444376,5457.92271983202
f,62,cohort,lc,2029,1.0,eiopa_sp100,EIOPA EUR крива + 100 б.п. државен распон,13.82483448584079,14.288219553969617,21.990942924443765,22.49094292444376,6027.7997120820655
f,62,cohort,lc,2029,1.0,dom,Домашен принос на 15-г. обврзница 5.200% (09/2026),12.759637228601214,13.223655745216755,21.990942924443765,22.49094292444376,6531.011175344271
f,62,cohort,lc,2031,1.0,i2,Рамна каматна стапка 2%,17.8424493809485,18.30348253504444,22.23617629357271,22.736176293572715,4670.509723979576
f,62,cohort,lc,2031,1.0,i3,Рамна каматна стапка 3%,15.97829946047077,16.440372666424917,22.23617629357271,22.736176293572715,5215.4069048145175
f,62,cohort,lc,2031,1.0,i4,Рамна каматна стапка 4%,14.41114064736378,14.874135970122978,22.23617629357271,22.736176293572715,5782.563321840693
f,62,cohort,lc,2031,1.0,eiopa,"EIOPA EUR безризична крива, 2026-08-31 (без VA)",15.385841980903153,15.848337116191132,22.23617629357271,22.736176293572715,5416.234836986259
f,62,cohort,lc,2031,1.0,eiopa_sp100,EIOPA EUR крива + 100 б.п. државен распон,13.921358493329555,14.384727576343703,22.23617629357271,22.736176293572715,5986.005846574719
f,62,cohort,lc,2031,1.0,dom,Домашен принос на 15-г. обврзница 5.200% (09/2026),12.842957621599005,13.30695842138476,22.23617629357271,22.736176293572715,6488.640373085492
f,62,cohort,lc,2032,1.0,i2,Рамна каматна стапка 2%,17.92069226660445,18.38172288163252,22.357988810339776,22.857988810339773,4650.11798057749
f,62,cohort,lc,2032,1.0,i3,Рамна каматна стапка 3%,16.041760084818247,16.503828702476483,22.357988810339776,22.857988810339773,5194.774943193368
f,62,cohort,lc,2032,1.0,i4,Рамна каматна стапка 4%,14.463012648586925,14.926001368623888,22.357988810339776,22.857988810339773,5761.82399601754
f,62,cohort,lc,2032,1.0,eiopa,"EIOPA EUR безризична крива, 2026-08-31 (без VA)",15.44396671714068,15.9064557585756,22.357988810339776,22.857988810339773,5395.8503575927025
f,62,cohort,lc,2032,1.0,eiopa_sp100,EIOPA EUR крива + 100 б.п. државен распон,13.969046301912988,14.432407486283825,22.357988810339776,22.857988810339773,5965.570700551066
f,62,cohort,lc,2032,1.0,dom,Домашен принос на 15-г. обврзница 5.200% (09/2026),12.884091004964835,13.348083058354593,22.357988810339776,22.857988810339773,6467.924923940785
f,62,cohort,lc,2033,1.0,i2,Рамна каматна стапка 2%,17.998298474847818,18.459326571468896,22.479039255903952,22.979039255903952,4630.067306072828
f,62,cohort,lc,2033,1.0,i3,Рамна каматна стапка 3%,16.104647414301596,16.566711485113974,22.479039255903952,22.979039255903952,5174.4897723951335
f,62,cohort,lc,2033,1.0,i4,Рамна каматна стапка 4%,14.51437125491735,14.977353437581478,22.479039255903952,22.979039255903952,5741.435978847563
f,62,cohort,lc,2033,1.0,eiopa,"EIOPA EUR безризична крива, 2026-08-31 (без VA)",15.501541456114696,15.964024457499278,22.479039255903952,22.979039255903952,5375.809468319803
f,62,cohort,lc,2033,1.0,eiopa_sp100,EIOPA EUR крива + 100 б.п. државен распон,14.016242334025696,14.479595697817212,22.479039255903952,22.979039255903952,5945.483200660289
f,62,cohort,lc,2033,1.0,dom,Домашен принос на 15-г. обврзница 5.200% (09/2026),12.924776614247447,13.388760016453643,22.479039255903952,22.979039255903952,6447.56469070978
f,62,cohort,lc,2034,1.0,i2,Рамна каматна стапка 2%,18.075695340745366,18.53672092575285,22.599913332576747,23.099913332576744,4610.242193310668
f,62,cohort,lc,2034,1.0,i3,Рамна каматна стапка 3%,16.16732979336444,16.629389332149174,22.599913332576747,23.099913332576744,5154.427750186419
f,62,cohort,lc,2034,1.0,i4,Рамна каматна стапка 4%,14.565535729505328,15.0285113995074,22.599913332576747,23.099913332576744,5721.267990474627
f,62,cohort,lc,2034,1.0,eiopa,"EIOPA EUR безризична крива, 2026-08-31 (без VA)",15.55891456344798,16.02139155218987,22.599913332576747,23.099913332576744,5355.986305696764
f,62,cohort,lc,2034,1.0,eiopa_sp100,EIOPA EUR крива + 100 б.п. државен распон,14.063249357423508,14.526594937514028,22.599913332576747,23.099913332576744,5925.610164150614
f,62,cohort,lc,2034,1.0,dom,Домашен принос на 15-г. обврзница 5.200% (09/2026),12.96528521244808,13.429260001109458,22.599913332576747,23.099913332576744,6427.419988672852
f,62,cohort,lc,2036,1.0,i2,Рамна каматна стапка 2%,18.229112814017544,18.690133420458935,22.840097410086447,23.340097410086447,4571.442076394027
f,62,cohort,lc,2036,1.0,i3,Рамна каматна стапка 3%,16.29143703516375,16.75348760081347,22.840097410086447,23.340097410086447,5115.161612414245
f,62,cohort,lc,2036,1.0,i4,Рамна каматна стапка 4%,14.666726833002501,15.129689622515425,22.840097410086447,23.340097410086447,5681.794873674192
f,62,cohort,lc,2036,1.0,eiopa,"EIOPA EUR безризична крива, 2026-08-31 (без VA)",15.672448986607506,16.134914077260202,22.840097410086447,23.340097410086447,5317.186446390332
f,62,cohort,lc,2036,1.0,eiopa_sp100,EIOPA EUR крива + 100 б.п. државен распон,14.156170225052797,14.61950041885481,22.840097410086447,23.340097410086447,5886.714556868967
f,62,cohort,lc,2036,1.0,dom,Домашен принос на 15-г. обврзница 5.200% (09/2026),13.045301490175097,13.50925926457716,22.840097410086447,23.340097410086447,6387.995968977396
f,62,cohort,lc,2037,1.0,i2,Рамна каматна стапка 2%,18.305129889168896,18.766148028772424,22.95939641150038,23.45939641150038,4552.457908678456
f,62,cohort,lc,2037,1.0,i3,Рамна каматна стапка 3%,16.352860533681753,16.814906658322734,22.95939641150038,23.45939641150038,5095.948391517976
f,62,cohort,lc,2037,1.0,i4,Рамна каматна стапка 4%,14.716753596046004,15.179710017714756,22.95939641150038,23.45939641150038,5662.480708770089
f,62,cohort,lc,2037,1.0,eiopa,"EIOPA EUR безризична крива, 2026-08-31 (без VA)",15.728609781898845,16.191068987363323,22.95939641150038,23.45939641150038,5298.200825684981
f,62,cohort,lc,2037,1.0,eiopa_sp100,EIOPA EUR крива + 100 б.п. државен распон,14.202084799856562,14.665407391126251,22.95939641150038,23.45939641150038,5867.68312594324
f,62,cohort,lc,2037,1.0,dom,Домашен принос на 15-г. обврзница 5.200% (09/2026),13.084810476147759,13.548759849557529,22.95939641150038,23.45939641150038,6368.707707707444
f,62,cohort,lc,2038,1.0,i2,Рамна каматна стапка 2%,18.380683221730298,18.841698909544913,23.078158491852008,23.578158491852008,4533.745145817741
f,62,cohort,lc,2038,1.0,i3,Рамна каматна стапка 3%,16.4138628991937,16.87590461327448,23.078158491852008,23.578158491852008,5077.009223552545
f,62,cohort,lc,2038,1.0,i4,Рамна каматна стапка 4%,14.766401194501297,15.229351296589263,23.078158491852008,23.578158491852008,5643.44231445946
f,62,cohort,lc,2038,1.0,eiopa,"EIOPA EUR безризична крива, 2026-08-31 (без VA)",15.784365847454545,16.246819210472545,23.078158491852008,23.578158491852008,5279.4856720057605
f,62,cohort,lc,2038,1.0,eiopa_sp100,EIOPA EUR крива + 100 б.п. државен распон,14.247635914365118,14.710950963543683,23.078158491852008,23.578158491852008,5848.923557157497
f,62,cohort,lc,2038,1.0,dom,Домашен принос на 15-г. обврзница 5.200% (09/2026),13.123987554202772,13.58792859719548,23.078158491852008,23.578158491852008,6349.696156687302
f,62,cohort,lc,2039,1.0,i2,Рамна каматна стапка 2%,18.455684007191028,18.9166972611475,23.19621878078137,23.69621878078137,4515.320770601812
f,62,cohort,lc,2039,1.0,i3,Рамна каматна стапка 3%,16.474378731818682,16.936416070516287,23.19621878078137,23.69621878078137,5058.359692337472
f,62,cohort,lc,2039,1.0,i4,Рамна каматна стапка 4%,14.815621385983112,15.278565222894395,23.19621878078137,23.69621878078137,5624.693771681696
f,62,cohort,lc,2039,1.0,eiopa,"EIOPA EUR безризична крива, 2026-08-31 (без VA)",15.839660128619636,16.302107697960288,23.19621878078137,23.69621878078137,5261.055644922824
f,62,cohort,lc,2039,1.0,eiopa_sp100,EIOPA EUR крива + 100 б.п. државен распон,14.292781469294134,14.756089043843508,23.19621878078137,23.69621878078137,5830.4489935959855
f,62,cohort,lc,2039,1.0,dom,Домашен принос на 15-г. обврзница 5.200% (09/2026),13.16279919489316,13.626731985173576,23.19621878078137,23.69621878078137,6330.973533780307
f,62,cohort,lc,2040,1.0,i2,Рамна каматна стапка 2%,18.530313484602228,18.991324316749903,23.313900446663013,23.813900446663016,4497.135647628369
f,62,cohort,lc,2040,1.0,i3,Рамна каматна стапка 3%,16.534544634112795,16.996577622727713,23.313900446663013,23.813900446663016,5039.95333269756
f,62,cohort,lc,2040,1.0,i4,Рамна каматна стапка 4%,14.86451757792923,15.327455190905322,23.313900446663013,23.813900446663016,5606.191583174304
f,62,cohort,lc,2040,1.0,eiopa,"EIOPA EUR безризична крива, 2026-08-31 (без VA)",15.894613236891773,16.35705504891485,23.313900446663013,23.813900446663016,5242.866378145943
f,62,cohort,lc,2040,1.0,eiopa_sp100,EIOPA EUR крива + 100 б.п. државен распон,14.337612949425775,14.800913101833062,23.313900446663013,23.813900446663016,5812.218088693129
f,62,cohort,lc,2040,1.0,dom,Домашен принос на 15-г. обврзница 5.200% (09/2026),13.20131986959327,13.665244469030934,23.313900446663013,23.813900446663016,6312.5001254818335
m,64,period_vintage,lc,2026,1.0,i2,Рамна каматна стапка 2%,13.596649026463085,14.057819961459854,15.956357033254568,16.456357033254577,6128.961126461535
m,64,period_vintage,lc,2026,1.0,i3,Рамна каматна стапка 3%,12.44681816818784,12.909146705402112,15.956357033254568,16.456357033254577,6695.151500350553
m,64,period_vintage,lc,2026,1.0,i4,Рамна каматна стапка 4%,11.45200913052328,11.915381117436517,15.956357033254568,16.456357033254577,7276.743528890774
m,64,period_vintage,lc,2026,1.0,eiopa,"EIOPA EUR безризична крива, 2026-08-31 (без VA)",12.110122014034232,12.57293722046256,15.956357033254568,16.456357033254577,6881.295930524864
m,64,period_vintage,lc,2026,1.0,eiopa_sp100,EIOPA EUR крива + 100 б.п. државен распон,11.16661101902917,11.630414684889356,15.956357033254568,16.456357033254577,7462.723756681762
m,64,period_vintage,lc,2026,1.0,dom,Домашен принос на 15-г. обврзница 5.200% (09/2026),10.42683617304502,10.89135072475762,15.956357033254568,16.456357033254577,7992.197436530446
m,64,period_vintage,lc,2027,1.0,i2,Рамна каматна стапка 2%,13.674107992365355,14.135276413733315,16.068059289504443,16.56805928950444,6094.242738163302
m,64,period_vintage,lc,2027,1.0,i3,Рамна каматна стапка 3%,12.511964145934725,12.974287972999566,16.068059289504443,16.56805928950444,6660.29189033516
m,64,period_vintage,lc,2027,1.0,i4,Рамна каматна стапка 4%,11.507148713117324,11.970513681381975,16.068059289504443,16.56805928950444,7241.8750648750465
m,64,period_vintage,lc,2027,1.0,eiopa,"EIOPA EUR безризична крива, 2026-08-31 (без VA)",12.170861917146373,12.633671132650536,16.068059289504443,16.56805928950444,6846.954135264069
m,64,period_vintage,lc,2027,1.0,eiopa_sp100,EIOPA EUR крива + 100 б.п. државен распон,11.218182566956953,11.681978035912103,16.068059289504443,16.56805928950444,7428.416576031741
m,64,period_vintage,lc,2027,1.0,dom,Домашен принос на 15-г. обврзница 5.200% (09/2026),10.472342893054245,10.936847768446514,16.068059289504443,16.56805928950444,7957.467988238234
m,64,period_vintage,lc,2028,1.0,i2,Рамна каматна стапка 2%,13.75163962823279,14.21280553361372,16.18007227390315,16.680072273903154,6059.8834456253435
m,64,period_vintage,lc,2028,1.0,i3,Рамна каматна стапка 3%,12.5771161958516,13.039435312327981,16.18007227390315,16.680072273903154,6625.790207839517
m,64,period_vintage,lc,2028,1.0,i4,Рамна каматна стапка 4%,11.562249601784996,12.025607556326364,16.18007227390315,16.680072273903154,7207.3632903123125
m,64,period_vintage,lc,2028,1.0,eiopa,"EIOPA EUR безризична крива, 2026-08-31 (без VA)",12.231582188067266,12.694385404152795,16.18007227390315,16.680072273903154,6812.964345252948
m,64,period_vintage,lc,2028,1.0,eiopa_sp100,EIOPA EUR крива + 100 б.п. државен распон,11.269697615399684,11.73348488731105,16.18007227390315,16.680072273903154,7394.460452910554
m,64,period_vintage,lc,2028,1.0,dom,Домашен принос на 15-г. обврзница 5.200% (09/2026),10.51777719778239,10.982272412252353,16.18007227390315,16.680072273903154,7923.093612489117
m,64,period_vintage,lc,2029,1.0,i2,Рамна каматна стапка 2%,13.829239397937583,14.290402785120461,16.292390668722746,16.792390668722735,6025.8797273956525
m,64,period_vintage,lc,2029,1.0,i3,Рамна каматна стапка 3%,12.642270329343113,13.104584735080401,16.292390668722746,16.792390668722735,6591.643048473185
m,64,period_vintage,lc,2029,1.0,i4,Рамна каматна стапка 4%,11.617308359755922,12.080659305936772,16.292390668722746,16.792390668722735,7173.204907086081
m,64,period_vintage,lc,2029,1.0,eiopa,"EIOPA EUR безризична крива, 2026-08-31 (без VA)",12.292279116394733,12.755076325283213,16.292390668722746,16.792390668722735,6779.3232275525
m,64,period_vintage,lc,2029,1.0,eiopa_sp100,EIOPA EUR крива + 100 б.п. државен распон,11.321152990310575,11.784932065856053,16.292390668722746,16.792390668722735,7360.852150364522
m,64,period_vintage,lc,2029,1.0,dom,Домашен принос на 15-г. обврзница 5.200% (09/2026),10.56313627057146,11.027621840116062,16.292390668722746,16.792390668722735,7889.0711242168845
m,64,period_vintage,lc,2030,1.0,i2,Рамна каматна стапка 2%,13.906902810440792,14.368063677360341,16.40500918962443,16.90500918962443,5992.228066106115
m,64,period_vintage,lc,2030,1.0,i3,Рамна каматна стапка 3%,12.707422605331878,13.16973230046436,16.40500918962443,16.90500918962443,6557.847009697127
m,64,period_vintage,lc,2030,1.0,i4,Рамна каматна стапка 4%,11.672321598399916,12.135665542014342,16.40500918962443,16.90500918962443,7139.396617101174
m,64,period_vintage,lc,2030,1.0,eiopa,"EIOPA EUR безризична крива, 2026-08-31 (без VA)",12.35294904059162,12.815740235210104,16.40500918962443,16.90500918962443,6746.027451380326
m,64,period_vintage,lc,2030,1.0,eiopa_sp100,EIOPA EUR крива + 100 б.п. државен распон,11.37254556629597,11.836316446956985,16.40500918962443,16.90500918962443,7327.588431942852
m,64,period_vintage,lc,2030,1.0,dom,Домашен принос на 15-г. обврзница 5.200% (09/2026),10.608417341861646,11.072893283066724,16.40500918962443,16.90500918962443,7855.397336650159
m,64,period_vintage,lc,2031,1.0,i2,Рамна каматна стапка 2%,13.98462542038652,14.445783765121714,16.517922586513194,17.017922586513187,5958.924949956228
m,64,period_vintage,lc,2031,1.0,i3,Рамна каматна стапка 3%,12.772569130707161,13.234874115650621,16.517922586513194,17.017922586513187,6524.398692271516
m,64,period_vintage,lc,2031,1.0,i4,Рамна каматна стапка 4%,11.727285977538088,12.19062292480536,16.517922586513194,17.017922586513187,7105.935123688995
m,64,period_vintage,lc,2031,1.0,eiopa,"EIOPA EUR безризична крива, 2026-08-31 (без VA)",12.413588348341557,12.876373522311896,16.517922586513194,17.017922586513187,6713.073689483716
m,64,period_vintage,lc,2031,1.0,eiopa_sp100,EIOPA EUR крива + 100 б.п. државен распон,11.423872266843453,11.887634954891853,16.517922586513194,17.017922586513187,7294.66606303007
m,64,period_vintage,lc,2031,1.0,dom,Домашен принос на 15-г. обврзница 5.200% (09/2026),10.653617689356599,11.118084019386862,16.517922586513194,17.017922586513187,7822.069062660917
m,64,period_vintage,lc,2032,1.0,i2,Рамна каматна стапка 2%,14.062402828643547,14.52355864941613,16.631125644326158,17.131125644326158,5925.966874138509
m,64,period_vintage,lc,2032,1.0,i3,Рамна каматна стапка 3%,12.837706060726633,13.300006336174832,16.631125644326158,17.131125644326158,6491.294701649878
m,64,period_vintage,lc,2032,1.0,i4,Рамна каматна стапка 4%,11.782198205712094,12.24552816327044,16.631125644326158,17.131125644326158,7072.817132963587
m,64,period_vintage,lc,2032,1.0,eiopa,"EIOPA EUR безризична крива, 2026-08-31 (без VA)",12.474193476860123,12.93697262448826,16.631125644326158,17.131125644326158,6680.458619462519
m,64,period_vintage,lc,2032,1.0,eiopa_sp100,EIOPA EUR крива + 100 б.п. државен распон,11.475130064510388,11.938884562995218,16.631125644326158,17.131125644326158,7262.081812132291
m,64,period_vintage,lc,2032,1.0,dom,Домашен принос на 15-г. обврзница 5.200% (09/2026),10.698734638152473,11.163191374741402,16.631125644326158,17.131125644326158,7789.083116068749
m,64,period_vintage,lc,2033,1.0,i2,Рамна каматна стапка 2%,14.140230682795732,14.601383977968673,16.744613183756094,17.244613183756094,5893.350342206518
m,64,period_vintage,lc,2033,1.0,i3,Рамна каматна стапка 3%,12.902829599372394,13.365125166293545,16.744613183756094,17.244613183756094,6458.531649320297
m,64,period_vintage,lc,2033,1.0,i4,Рамна каматна стапка 4%,11.83705504041272,12.300378015313111,16.744613183756094,17.244613183756094,7040.039355128974
m,64,period_vintage,lc,2033,1.0,eiopa,"EIOPA EUR безризична крива, 2026-08-31 (без VA)",12.534760913162726,12.99753402942793,16.744613183756094,17.244613183756094,6648.1789250423735
m,64,period_vintage,lc,2033,1.0,eiopa_sp100,EIOPA EUR крива + 100 б.п. државен распон,11.526315981074113,11.990062293808409,16.744613183756094,17.244613183756094,7229.832452117774
m,64,period_vintage,lc,2033,1.0,dom,Домашен принос на 15-г. обврзница 5.200% (09/2026),10.74376556083194,11.208212722271695,16.744613183756094,17.244613183756094,7756.43631290112
m,64,period_vintage,lc,2034,1.0,i2,Рамна каматна стапка 2%,14.218104677582007,14.679255445657992,16.858380061910168,17.358380061910168,5861.071867386572
m,64,period_vintage,lc,2034,1.0,i3,Рамна каматна стапка 3%,12.96793599966226,13.430226859295491,16.858380061910168,17.358380061910168,6426.106154094506
m,64,period_vintage,lc,2034,1.0,i4,Рамна каматна стапка 4%,11.891853288268878,12.355169287968756,16.858380061910168,17.358380061910168,7007.598505738405
m,64,period_vintage,lc,2034,1.0,eiopa,"EIOPA EUR безризична крива, 2026-08-31 (без VA)",12.595287194290252,13.058054274834326,16.858380061910168,17.358380061910168,6616.231297299068
m,64,period_vintage,lc,2034,1.0,eiopa_sp100,EIOPA EUR крива + 100 б.п. државен распон,11.577427087644802,12.04116521919235,16.858380061910168,17.358380061910168,7197.914761412317
m,64,period_vintage,lc,2034,1.0,dom,Домашен принос на 15-г. обврзница 5.200% (09/2026),10.788707877524146,11.253145482655455,16.858380061910168,17.358380061910168,7724.125472610084
m,64,period_vintage,lc,2035,1.0,i2,Рамна каматна стапка 2%,14.296020555287312,14.75716879490719,16.972421172905193,17.472421172905186,5829.127973834154
m,64,period_vintage,lc,2035,1.0,i3,Рамна каматна стапка 3%,13.033021563917657,13.495307717769444,16.972421172905193,17.472421172905186,6394.0148433456425
m,64,period_vintage,lc,2035,1.0,i4,Рамна каматна стапка 4%,11.946589805198228,12.409898837555247,16.972421172905193,17.472421172905186,6975.491306906105
m,64,period_vintage,lc,2035,1.0,eiopa,"EIOPA EUR безризична крива, 2026-08-31 (без VA)",12.655768907493702,13.118529948610167,16.972421172905193,17.472421172905186,6584.612435834713
m,64,period_vintage,lc,2035,1.0,eiopa_sp100,EIOPA EUR крива + 100 б.п. државен распон,11.628460504742286,12.09219046040435,16.972421172905193,17.472421172905186,7166.325525150003
m,64,period_vintage,lc,2035,1.0,dom,Домашен принос на 15-г. обврзница 5.200% (09/2026),10.833559055931836,11.297987124133892,16.972421172905193,17.472421172905186,7692.147419245827
m,64,period_vintage,lc,2036,1.0,i2,Рамна каматна стапка 2%,14.373974106085328,14.835119816026568,17.086731448399636,17.58673144839964,5797.515197836175
m,64,period_vintage,lc,2036,1.0,i3,Рамна каматна стапка 3%,13.09808264398903,13.56036409382961,17.086731448399636,17.58673144839964,6362.254354195623
m,64,period_vintage,lc,2036,1.0,i4,Рамна каматна стапка 4%,12.001261496520465,12.464563569786193,17.086731448399636,17.58673144839964,6943.714488472251
m,64,period_vintage,lc,2036,1.0,eiopa,"EIOPA EUR безризична крива, 2026-08-31 (без VA)",12.716202690378921,13.178957689002168,17.086731448399636,17.58673144839964,6553.319049906568
m,64,period_vintage,lc,2036,1.0,eiopa_sp100,EIOPA EUR крива + 100 б.п. државен распон,11.679413402337799,12.14313518813988,17.086731448399636,17.58673144839964,7135.061536279981
m,64,period_vintage,lc,2036,1.0,dom,Домашен принос на 15-г. обврзница 5.200% (09/2026),10.878316611326616,11.34273516250694,17.086731448399636,17.58673144839964,7660.498982587601
m,64,period_vintage,lc,2037,1.0,i2,Рамна каматна стапка 2%,14.451961168334142,14.913104347509268,17.201305858063286,17.701305858063282,5766.230088960242
m,64,period_vintage,lc,2037,1.0,i3,Рамна каматна стапка 3%,13.163115641439957,13.625392389299753,17.201305858063286,17.701305858063282,6330.821334653049
m,64,period_vintage,lc,2037,1.0,i4,Рамна каматна стапка 4%,12.055865317034382,12.519160439848015,17.201305858063286,17.701305858063282,6912.264789121953
m,64,period_vintage,lc,2037,1.0,eiopa,"EIOPA EUR безризична крива, 2026-08-31 (без VA)",12.77658523101251,13.239334184706989,17.201305858063286,17.701305858063282,6522.347859509359
m,64,period_vintage,lc,2037,1.0,eiopa_sp100,EIOPA EUR крива + 100 б.п. државен распон,11.730282999861869,12.193996622540434,17.201305858063286,17.701305858063282,7104.119596629906
m,64,period_vintage,lc,2037,1.0,dom,Домашен принос на 15-г. обврзница 5.200% (09/2026),10.922978106513469,11.387387161097822,17.201305858063286,17.701305858063282,7629.176999232556
m,64,period_vintage,lc,2038,1.0,i2,Рамна каматна стапка 2%,14.529977628825767,14.991118276280762,17.31613940998482,17.816139409984824,5735.269211152108
m,64,period_vintage,lc,2038,1.0,i3,Рамна каматна стапка 3%,13.228117007690983,13.690389055856969,17.31613940998482,17.816139409984824,6299.712444702624
m,64,period_vintage,lc,2038,1.0,i4,Рамна каматна стапка 4%,12.110398271059772,12.57368645244181,17.31613940998482,17.816139409984824,6881.138957458985
m,64,period_vintage,lc,2038,1.0,eiopa,"EIOPA EUR безризична крива, 2026-08-31 (без VA)",12.836913267990033,13.299656174939383,17.31613940998482,17.816139409984824,6491.695596411974
m,64,period_vintage,lc,2038,1.0,eiopa_sp100,EIOPA EUR крива + 100 б.п. државен распон,11.78106656617931,12.24477203316857,17.31613940998482,17.816139409984824,7073.496517926812
m,64,period_vintage,lc,2038,1.0,dom,Домашен принос на 15-г. обврзница 5.200% (09/2026),10.967541151765502,11.431940730687792,17.31613940998482,17.816139409984824,7598.178313643139
m,64,period_vintage,lc,2039,1.0,i2,Рамна каматна стапка 2%,14.608019422990468,15.069157537903235,17.43122715101802,17.93122715101802,5704.629143782574
m,64,period_vintage,lc,2039,1.0,i3,Рамна каматна стапка 3%,13.293083244124196,13.755350595136317,17.43122715101802,17.93122715101802,6268.924357347142
m,64,period_vintage,lc,2039,1.0,i4,Рамна каматна стапка 4%,12.1648574124452,12.628138661791166,17.43122715101802,17.93122715101802,6850.333753035163
m,64,period_vintage,lc,2039,1.0,eiopa,"EIOPA EUR безризична крива, 2026-08-31 (без VA)",12.897183590467522,13.359920449463754,17.43122715101802,17.93122715101802,6461.359005149472
m,64,period_vintage,lc,2039,1.0,eiopa_sp100,EIOPA EUR крива + 100 б.п. државен распон,11.831761419532421,12.29545873895112,17.43122715101802,17.93122715101802,7043.189122776156
m,64,period_vintage,lc,2039,1.0,dom,Домашен принос на 15-г. обврзница 5.200% (09/2026),11.012003404729974,11.476393529422158,17.43122715101802,17.93122715101802,7567.499779153652
m,64,period_vintage,lc,2040,1.0,i2,Рамна каматна стапка 2%,14.686082535056864,15.147218116735607,17.54656416706691,18.046564167066915,5674.3064826450445
m,64,period_vintage,lc,2040,1.0,i3,Рамна каматна стапка 3%,13.35801090214955,13.820273558797073,17.54656416706691,18.046564167066915,6238.453759603046
m,64,period_vintage,lc,2040,1.0,i4,Рамна каматна стапка 4%,12.21923984454265,12.682514171616775,17.54656416706691,18.046564167066915,6819.845947336209
m,64,period_vintage,lc,2040,1.0,eiopa,"EIOPA EUR безризична крива, 2026-08-31 (без VA)",12.95739303815732,13.420123848590023,17.54656416706691,18.046564167066915,6431.334843971378
m,64,period_vintage,lc,2040,1.0,eiopa_sp100,EIOPA EUR крива + 100 б.п. државен распон,11.8823649274534,12.346054108091659,17.54656416706691,18.046564167066915,7013.194245599822
m,64,period_vintage,lc,2040,1.0,dom,Домашен принос на 15-г. обврзница 5.200% (09/2026),11.056362570306568,11.520743262688635,17.54656416706691,18.046564167066915,7537.138258936699
f,62,period_vintage,lc,2026,1.0,i2,Рамна каматна стапка 2%,16.33335208796331,16.79443421392959,19.829186871129668,20.329186871129668,5102.034957952382
f,62,period_vintage,lc,2026,1.0,i3,Рамна каматна стапка 3%,14.770792142917571,15.232952653416039,19.829186871129668,20.329186871129668,5641.764674976536
f,62,period_vintage,lc,2026,1.0,i4,Рамна каматна стапка 4%,13.438332026857248,13.901451177210454,19.829186871129668,20.329186871129668,6201.166422052012
f,62,period_vintage,lc,2026,1.0,eiopa,"EIOPA EUR безризична крива, 2026-08-31 (без VA)",14.288270430568367,14.750887778062252,19.829186871129668,20.329186871129668,5832.289760911142
f,62,period_vintage,lc,2026,1.0,eiopa_sp100,EIOPA EUR крива + 100 б.п. државен распон,13.034264788550042,13.497787320074332,19.829186871129668,20.329186871129668,6393.404974136904
f,62,period_vintage,lc,2026,1.0,dom,Домашен принос на 15-г. обврзница 5.200% (09/2026),12.08572170801291,12.549883522639172,19.829186871129668,20.329186871129668,6895.188830807085
f,62,period_vintage,lc,2027,1.0,i2,Рамна каматна стапка 2%,16.413861096793422,16.87494061015364,19.950277689128576,20.450277689128576,5077.0097810571315
f,62,period_vintage,lc,2027,1.0,i3,Рамна каматна стапка 3%,14.837113816128548,15.299269531473087,19.950277689128576,20.450277689128576,5616.546072642956
f,62,period_vintage,lc,2027,1.0,i4,Рамна каматна стапка 4%,13.493329583910834,13.956441733693708,19.950277689128576,20.450277689128576,6175.891044171802
f,62,period_vintage,lc,2027,1.0,eiopa,"EIOPA EUR безризична крива, 2026-08-31 (без VA)",14.349439363316167,14.812050215017747,19.950277689128576,20.450277689128576,5807.427818146822
f,62,period_vintage,lc,2027,1.0,eiopa_sp100,EIOPA EUR крива + 100 б.п. државен распон,13.085153641204839,13.548667669538954,19.950277689128576,20.450277689128576,6368.540684988111
f,62,period_vintage,lc,2027,1.0,dom,Домашен принос на 15-г. обврзница 5.200% (09/2026),12.13002868070415,12.594181074118325,19.950277689128576,20.450277689128576,6870.002992317395
f,62,period_vintage,lc,2028,1.0,i2,Рамна каматна стапка 2%,16.49402151293486,16.955098425001236,20.0710496266343,20.5710496266343,5052.335676171035
f,62,period_vintage,lc,2028,1.0,i3,Рамна каматна стапка 3%,14.903095592888617,15.365246537654237,20.0710496266343,20.5710496266343,5591.679447664411
f,62,period_vintage,lc,2028,1.0,i4,Рамна каматна стапка 4%,13.548003568721237,14.011108759120889,20.0710496266343,20.5710496266343,6150.967772530559
f,62,period_vintage,lc,2028,1.0,eiopa,"EIOPA EUR безризична крива, 2026-08-31 (без VA)",14.410271303829653,14.872875692965346,20.0710496266343,20.5710496266343,5782.912172596417
f,62,period_vintage,lc,2028,1.0,eiopa_sp100,EIOPA EUR крива + 100 б.п. државен распон,13.135724345938554,13.599229921988389,20.0710496266343,20.5710496266343,6344.022692520892
f,62,period_vintage,lc,2028,1.0,dom,Домашен принос на 15-г. обврзница 5.200% (09/2026),12.17403684202076,12.638179877760596,20.0710496266343,20.5710496266343,6845.168485583529
f,62,period_vintage,lc,2029,1.0,i2,Рамна каматна стапка 2%,16.573828957610377,17.03490327983721,20.19149427955274,20.691494279552735,5028.007320847141
f,62,period_vintage,lc,2029,1.0,i3,Рамна каматна стапка 3%,14.968734447084664,15.430880646065166,20.19149427955274,20.691494279552735,5567.15957704517
f,62,period_vintage,lc,2029,1.0,i4,Рамна каматна стапка 4%,13.602351989581619,14.065450262038674,20.19149427955274,20.691494279552735,6126.3914797353
f,62,period_vintage,lc,2029,1.0,eiopa,"EIOPA EUR безризична крива, 2026-08-31 (без VA)",14.470763789066794,14.933361749368014,20.19149427955274,20.691494279552735,5758.737724424387
f,62,period_vintage,lc,2029,1.0,eiopa_sp100,EIOPA EUR крива + 100 б.п. државен распон,13.185975346728007,13.649472521871752,20.19149427955274,20.691494279552735,6319.845983483643
f,62,period_vintage,lc,2029,1.0,dom,Домашен принос на 15-г. обврзница 5.200% (09/2026),12.2177451178037,12.681878859635352,20.19149427955274,20.691494279552735,6820.680291643995
f,62,period_vintage,lc,2030,1.0,i2,Рамна каматна стапка 2%,16.65327923982591,17.114350983803522,20.311603489276894,20.811603489276894,5004.019456663148
f,62,period_vintage,lc,2030,1.0,i3,Рамна каматна стапка 3%,15.034027514271898,15.496168992468192,20.311603489276894,20.811603489276894,5542.981297208913
f,62,period_vintage,lc,2030,1.0,i4,Рамна каматна стапка 4%,13.656372992932967,14.11946438912399,20.311603489276894,20.811603489276894,6102.157093721552
f,62,period_vintage,lc,2030,1.0,eiopa,"EIOPA EUR безризична крива, 2026-08-31 (без VA)",14.530914506330996,14.993506072008204,20.311603489276894,20.811603489276894,5734.899430935727
f,62,period_vintage,lc,2030,1.0,eiopa_sp100,EIOPA EUR крива + 100 б.п. државен распон,13.23590521564838,13.699394041706281,20.311603489276894,20.811603489276894,6296.00559807659
f,62,period_vintage,lc,2030,1.0,dom,Домашен принос на 15-г. обврзница 5.200% (09/2026),12.261152547392214,12.725277059286109,20.311603489276894,20.811603489276894,6796.533442613209
f,62,period_vintage,lc,2031,1.0,i2,Рамна каматна стапка 2%,16.73236835331007,17.193437530758786,20.43136933990965,20.93136933990965,4980.366889714568
f,62,period_vintage,lc,2031,1.0,i3,Рамна каматна стапка 3%,15.098972088668525,15.561108871277145,20.43136933990965,20.93136933990965,5519.139504594046
f,62,period_vintage,lc,2031,1.0,i4,Рамна каматна стапка 4%,13.710064860487412,14.17314942230769,20.43136933990965,20.93136933990965,6078.259598428385
f,62,period_vintage,lc,2031,1.0,eiopa,"EIOPA EUR безризична крива, 2026-08-31 (без VA)",14.590721290286867,15.053306496004186,20.43136933990965,20.93136933990965,5711.392307165023
f,62,period_vintage,lc,2031,1.0,eiopa_sp100,EIOPA EUR крива + 100 б.п. државен распон,13.285512650045353,13.748993179250153,20.43136933990965,20.93136933990965,6272.496630609799
f,62,period_vintage,lc,2031,1.0,dom,Домашен принос на 15-г. обврзница 5.200% (09/2026),12.304258280958438,12.768373627065698,20.43136933990965,20.93136933990965,6772.723022426842
f,62,period_vintage,lc,2032,1.0,i2,Рамна каматна стапка 2%,16.811092473403207,17.272159096167467,20.55078415538485,21.05078415538485,4957.044491021319
f,62,period_vintage,lc,2032,1.0,i3,Рамна каматна стапка 3%,15.163565620118531,15.625697732520397,20.55078415538485,21.05078415538485,5495.6291561642565
f,62,period_vintage,lc,2032,1.0,i4,Рамна каматна стапка 4%,13.763426006334276,14.226503775880962,20.55078415538485,21.05078415538485,6054.6940343909455
f,62,period_vintage,lc,2032,1.0,eiopa,"EIOPA EUR безризична крива, 2026-08-31 (без VA)",14.65018211995283,15.112761000803243,20.55078415538485,21.05078415538485,5688.211426384755
f,62,period_vintage,lc,2032,1.0,eiopa_sp100,EIOPA EUR крива + 100 б.п. државен распон,13.33479646969686,13.798268754664985,20.55078415538485,21.05078415538485,6249.314230082715
f,62,period_vintage,lc,2032,1.0,dom,Домашен принос на 15-г. обврзница 5.200% (09/2026),12.347061576837904,12.811167821467361,20.55078415538485,21.05078415538485,6749.244167507836
f,62,period_vintage,lc,2033,1.0,i2,Рамна каматна стапка 2%,16.88944795390294,17.3505120339455,20.669840496496175,21.169840496496175,4934.047196852047
f,62,period_vintage,lc,2033,1.0,i3,Рамна каматна стапка 3%,15.227805711028447,15.68993317877783,20.669840496496175,21.169840496496175,5472.445269838238
f,62,period_vintage,lc,2033,1.0,i4,Рамна каматна стапка 4%,13.816454974033762,14.279525993589397,20.669840496496175,21.169840496496175,6031.4554992541525
f,62,period_vintage,lc,2033,1.0,eiopa,"EIOPA EUR безризична крива, 2026-08-31 (без VA)",14.709295115675964,15.171867707157077,20.669840496496175,21.169840496496175,5665.351920536524
f,62,period_vintage,lc,2033,1.0,eiopa_sp100,EIOPA EUR крива + 100 б.п. државен распон,13.383755613968964,13.847219707672393,20.669840496496175,21.169840496496175,6226.453600688602
f,62,period_vintage,lc,2033,1.0,dom,Домашен принос на 15-г. обврзница 5.200% (09/2026),12.389561798859901,12.853659006455656,20.669840496496175,21.169840496496175,6726.092067356389
f,62,period_vintage,lc,2034,1.0,i2,Рамна каматна стапка 2%,16.96743132387248,17.428492873268734,20.788531157842375,21.288531157842375,4911.370008970465
f,62,period_vintage,lc,2034,1.0,i3,Рамна каматна стапка 3%,15.291690113283368,15.753812962097074,20.788531157842375,21.288531157842375,5449.582924842593
f,62,period_vintage,lc,2034,1.0,i4,Рамна каматна стапка 4%,13.86915043370267,14.332214745719073,20.788531157842375,21.288531157842375,6008.539148211236
f,62,period_vintage,lc,2034,1.0,eiopa,"EIOPA EUR безризична крива, 2026-08-31 (без VA)",14.768058536093852,15.230624874084235,20.788531157842375,21.288531157842375,5642.808980588926
f,62,period_vintage,lc,2034,1.0,eiopa_sp100,EIOPA EUR крива + 100 б.п. државен распон,13.43238913896983,13.895845094708658,20.788531157842375,21.288531157842375,6203.91000224733
f,62,period_vintage,lc,2034,1.0,dom,Домашен принос на 15-г. обврзница 5.200% (09/2026),12.43175841368114,12.895846648800708,20.788531157842375,21.288531157842375,6703.261965067232
f,62,period_vintage,lc,2035,1.0,i2,Рамна каматна стапка 2%,17.045039284418028,17.50609831535043,20.906849164697544,21.406849164697544,4889.007994807834
f,62,period_vintage,lc,2035,1.0,i3,Рамна каматна стапка 3%,15.355216725147548,15.817334980894344,20.906849164697544,21.406849164697544,5427.0372619916625
f,62,period_vintage,lc,2035,1.0,i4,Рамна каматна стапка 4%,13.921511179096582,14.384568826179116,20.906849164697544,21.406849164697544,5985.940194370562
f,62,period_vintage,lc,2035,1.0,eiopa,"EIOPA EUR безризична крива, 2026-08-31 (без VA)",14.826470775088358,15.289030895824466,20.906849164697544,21.406849164697544,5620.577856825587
f,62,period_vintage,lc,2035,1.0,eiopa_sp100,EIOPA EUR крива + 100 б.п. државен распон,13.480696214705857,13.944144086081582,20.906849164697544,21.406849164697544,6181.678750569756
f,62,period_vintage,lc,2035,1.0,dom,Домашен принос на 15-г. обврзница 5.200% (09/2026),12.47365098812631,12.937730315419305,20.906849164697544,21.406849164697544,6680.74915777734
f,62,period_vintage,lc,2036,1.0,i2,Рамна каматна стапка 2%,17.122268705441005,17.583325230193584,21.02478776981425,21.524787769814246,4866.956287565572
f,62,period_vintage,lc,2036,1.0,i3,Рамна каматна стапка 3%,15.418383588154319,15.88049727684458,21.02478776981425,21.524787769814246,5404.803483898073
f,62,period_vintage,lc,2036,1.0,i4,Рамна каматна стапка 4%,13.973536124692478,14.436587149584682,21.02478776981425,21.524787769814246,5963.653909054269
f,62,period_vintage,lc,2036,1.0,eiopa,"EIOPA EUR безризична крива, 2026-08-31 (без VA)",14.884530358735605,15.347084298789264,21.02478776981425,21.524787769814246,5598.653859066887
f,62,period_vintage,lc,2036,1.0,eiopa_sp100,EIOPA EUR крива + 100 б.п. државен распон,13.528676122243512,13.992115963133,21.02478776981425,21.524787769814246,6159.75521775695
f,62,period_vintage,lc,2036,1.0,dom,Домашен принос на 15-г. обврзница 5.200% (09/2026),12.515239186538574,12.979309670725987,21.02478776981425,21.524787769814246,6658.548997047287
f,62,period_vintage,lc,2037,1.0,i2,Рамна каматна стапка 2%,17.199116622370642,17.66017065332362,21.142340450167367,21.642340450167367,4845.210086251922
f,62,period_vintage,lc,2037,1.0,i3,Рамна каматна стапка 3%,15.481188883990095,15.943298031765652,21.142340450167367,21.642340450167367,5382.876855117547
f,62,period_vintage,lc,2037,1.0,i4,Рамна каматна стапка 4%,14.025224302775671,14.488268748344256,21.142340450167367,21.642340450167367,5941.675622032027
f,62,period_vintage,lc,2037,1.0,eiopa,"EIOPA EUR безризична крива, 2026-08-31 (без VA)",14.942235942256522,15.40478373851298,21.142340450167367,21.642340450167367,5577.032356828696
f,62,period_vintage,lc,2037,1.0,eiopa_sp100,EIOPA EUR крива + 100 б.п. државен распон,13.576328250880465,14.039760115410616,21.142340450167367,21.642340450167367,6138.134832437402
f,62,period_vintage,lc,2037,1.0,dom,Домашен принос на 15-г. обврзница 5.200% (09/2026),12.556522768143155,13.020584473997175,21.142340450167367,21.642340450167367,6636.656889179246
f,62,period_vintage,lc,2038,1.0,i2,Рамна каматна стапка 2%,17.275582904735707,17.73663445427355,21.25950391492291,21.75950391492291,4823.763909609637
f,62,period_vintage,lc,2038,1.0,i3,Рамна каматна стапка 3%,15.543633450600673,16.005738083542777,21.25950391492291,21.75950391492291,5361.251833310118
f,62,period_vintage,lc,2038,1.0,i4,Рамна каматна стапка 4%,14.076577237327234,14.539615146244934,21.25950391492291,21.75950391492291,5919.999722116831
f,62,period_vintage,lc,2038,1.0,eiopa,"EIOPA EUR безризична крива, 2026-08-31 (без VA)",14.999588805482963,15.462130495091042,21.25950391492291,21.75950391492291,5555.707853996078
f,62,period_vintage,lc,2038,1.0,eiopa_sp100,EIOPA EUR крива + 100 б.п. државен распон,13.623654452822985,14.087078395176789,21.25950391492291,21.75950391492291,6116.812021466506
f,62,period_vintage,lc,2038,1.0,dom,Домашен принос на 15-г. обврзница 5.200% (09/2026),12.597503802657414,13.06155679451013,21.25950391492291,21.75950391492291,6615.067130660787
f,62,period_vintage,lc,2039,1.0,i2,Рамна каматна стапка 2%,17.35167847014662,17.8127275502995,21.376287498184332,21.876287498184332,4802.6093542885465
f,62,period_vintage,lc,2039,1.0,i3,Рамна каматна стапка 3%,15.605728481676431,16.067828625057007,21.376287498184332,21.876287498184332,5339.9194681094
f,62,period_vintage,lc,2039,1.0,i4,Рамна каматна стапка 4%,14.127606171057417,14.590637584565897,21.376287498184332,21.876287498184332,5898.616674639085
f,62,period_vintage,lc,2039,1.0,eiopa,"EIOPA EUR безризична крива, 2026-08-31 (без VA)",15.056600466770687,15.519136086976847,21.376287498184332,21.876287498184332,5534.671223909186
f,62,period_vintage,lc,2039,1.0,eiopa_sp100,EIOPA EUR крива + 100 б.п. државен распон,13.670666193217839,14.134082266901498,21.376287498184332,21.876287498184332,6095.777056912989
f,62,period_vintage,lc,2039,1.0,dom,Домашен принос на 15-г. обврзница 5.200% (09/2026),12.638193379302448,13.102237719128004,21.376287498184332,21.876287498184332,6593.769444120725
f,62,period_vintage,lc,2040,1.0,i2,Рамна каматна стапка 2%,17.42738494345802,17.888431566852404,21.4926675213529,21.9926675213529,4781.746292039956
f,62,period_vintage,lc,2040,1.0,i3,Рамна каматна стапка 3%,15.667457548235474,16.129553228514297,21.4926675213529,21.9926675213529,5318.880429500104
f,62,period_vintage,lc,2040,1.0,i4,Рамна каматна стапка 4%,14.178296281938252,14.64132124316584,21.4926675213529,21.9926675213529,5877.527996046448
f,62,period_vintage,lc,2040,1.0,eiopa,"EIOPA EUR безризична крива, 2026-08-31 (без VA)",15.11325504551104,15.57578463396124,21.4926675213529,21.9926675213529,5513.92357783872
f,62,period_vintage,lc,2040,1.0,eiopa_sp100,EIOPA EUR крива + 100 б.п. државен распон,13.717349080915447,14.180757340606517,21.4926675213529,21.9926675213529,6075.031906075249
f,62,period_vintage,lc,2040,1.0,dom,Домашен принос на 15-г. обврзница 5.200% (09/2026),12.678578256861156,13.14261400944923,21.4926675213529,21.9926675213529,6572.7664131612355
